// Copyright 2025 QMK -- generated source code only, image retains original copyright
// SPDX-License-Identifier: GPL-2.0-or-later

// This file was auto-generated by `painter_convert_graphics` with arguments:
//    format | rgb565
//    output | img
//    input  | demon-2.jpg

// Image's metadata
// ----------------
// Width: 157
// Height: 118
// Single frame

#include <qp.h>

const uint32_t gfx_demon_2_length = 37100;

// clang-format off
const uint8_t gfx_demon_2[37100] = {
    0x00, 0xFF, 0x12, 0x00, 0x00, 0x51, 0x47, 0x46, 0x01, 0xEC, 0x90, 0x00, 0x00, 0x13, 0x6F, 0xFF,
    0xFF, 0x9D, 0x00, 0x76, 0x00, 0x01, 0x00, 0x01, 0xFE, 0x04, 0x00, 0x00, 0x20, 0x00, 0x00, 0x00,
    0x02, 0xFD, 0x06, 0x00, 0x00, 0x08, 0x00, 0x00, 0xFF, 0xE8, 0x03, 0x05, 0xFA, 0xBC, 0x90, 0x00,
    0x11, 0x46, 0x11, 0x25, 0x08, 0xA3, 0x10, 0xA3, 0x08, 0x82, 0x08, 0x83, 0x08, 0x83, 0x08, 0x83,
    0x08, 0xA3, 0x08, 0x82, 0x08, 0x82, 0x08, 0x83, 0x08, 0xE4, 0x21, 0xE8, 0x22, 0x09, 0x22, 0x4A,
    0x22, 0x49, 0x2A, 0x29, 0x19, 0xA7, 0x11, 0x66, 0x11, 0x87, 0x19, 0xE8, 0x22, 0x09, 0x32, 0x6B,
    0x19, 0xA7, 0x11, 0x25, 0x09, 0x05, 0x11, 0x05, 0x08, 0xE4, 0x11, 0x25, 0x19, 0x87, 0x21, 0xE8,
    0x11, 0x87, 0x22, 0x09, 0x32, 0x6A, 0x2A, 0x29, 0x32, 0x4A, 0x2A, 0x4A, 0x22, 0x09, 0x3A, 0xCC,
    0x3B, 0x4E, 0x33, 0x0D, 0x3B, 0x2D, 0x3B, 0x2D, 0x43, 0x2E, 0x43, 0x2D, 0x32, 0xAB, 0x43, 0x2D,
    0x4B, 0xD0, 0x54, 0x32, 0x8D, 0xD8, 0x5C, 0x52, 0x64, 0x93, 0x6D, 0x15, 0x64, 0xB4, 0x75, 0x56,
    0x85, 0xD7, 0x7D, 0xB7, 0x85, 0xD7, 0x85, 0xF8, 0x85, 0xD7, 0x85, 0x97, 0x8D, 0xF8, 0x75, 0x35,
    0x75, 0x56, 0x7D, 0xB7, 0x85, 0xF8, 0x8D, 0xF8, 0x96, 0x19, 0x96, 0x5A, 0x9E, 0x7A, 0x9E, 0x7A,
    0x9E, 0x7A, 0xA6, 0xBB, 0xAE, 0xDC, 0xAE, 0xDB, 0xAE, 0xDB, 0xB6, 0xFC, 0xBF, 0x1D, 0xBF, 0x3D,
    0xBF, 0x3D, 0xC7, 0x5E, 0xC7, 0x5D, 0xBF, 0x3D, 0xBF, 0x3D, 0xBF, 0x1D, 0xBF, 0x1D, 0xBF, 0x3D,
    0xBF, 0x3D, 0xC7, 0x5D, 0xCF, 0x7D, 0xDF, 0xBF, 0xEF, 0xDF, 0xF7, 0xDF, 0xFF, 0xFF, 0xF7, 0xDF,
    0xDF, 0xBE, 0xE7, 0xDF, 0xDF, 0xBF, 0xD7, 0x9E, 0xCF, 0x7E, 0xBF, 0x1C, 0x9E, 0x7A, 0x85, 0xD8,
    0x85, 0xF8, 0x8E, 0x39, 0x85, 0xD8, 0x64, 0xD4, 0x5C, 0xB3, 0x6C, 0xF5, 0x64, 0xB3, 0x5C, 0x52,
    0x4B, 0xD0, 0x43, 0x6F, 0x43, 0x8F, 0x43, 0x6E, 0x3B, 0x0D, 0x43, 0x2E, 0x3A, 0xCC, 0x22, 0x29,
    0x22, 0x4A, 0x2A, 0x8B, 0x32, 0xCC, 0x22, 0x09, 0x21, 0xE9, 0x2A, 0x4A, 0x32, 0x6B, 0x09, 0x66,
    0x00, 0xC3, 0x00, 0xC4, 0x19, 0x66, 0x3A, 0xAC, 0x32, 0x8B, 0x11, 0xA8, 0x09, 0x25, 0x19, 0xA7,
    0x2A, 0x4A, 0x19, 0xC8, 0x19, 0x87, 0x11, 0x45, 0x11, 0x25, 0x19, 0x87, 0x21, 0xE8, 0x19, 0xA7,
    0x2A, 0x8B, 0x3A, 0xEC, 0x32, 0xAC, 0x32, 0xAC, 0x2A, 0x4A, 0x11, 0x66, 0x00, 0x82, 0x08, 0x62,
    0x08, 0x82, 0x08, 0x82, 0x08, 0x82, 0x08, 0x82, 0x08, 0x82, 0x11, 0x86, 0x11, 0x25, 0x08, 0xA3,
    0x08, 0xA3, 0x08, 0x82, 0x08, 0x83, 0x08, 0x83, 0x08, 0x83, 0x08, 0x82, 0x08, 0x83, 0x08, 0x83,
    0x08, 0xA3, 0x11, 0x05, 0x21, 0xE8, 0x22, 0x09, 0x2A, 0x2A, 0x2A, 0x4A, 0x22, 0x09, 0x19, 0xA7,
    0x11, 0x86, 0x11, 0x87, 0x22, 0x29, 0x22, 0x29, 0x32, 0x6B, 0x19, 0x87, 0x09, 0x05, 0x09, 0x05,
    0x11, 0x25, 0x11, 0x05, 0x11, 0x45, 0x19, 0x87, 0x19, 0x87, 0x19, 0xC8, 0x19, 0xE8, 0x21, 0xE8,
    0x19, 0xE8, 0x19, 0xC8, 0x22, 0x4A, 0x43, 0x6E, 0x54, 0x11, 0x4B, 0xAF, 0x43, 0x4E, 0x43, 0x2D,
    0x43, 0x4E, 0x3A, 0xCC, 0x3A, 0xEC, 0x32, 0xCC, 0x53, 0xF0, 0x64, 0x93, 0x5C, 0x52, 0x54, 0x11,
    0x64, 0x93, 0x5C, 0x93, 0x6C, 0xF4, 0x85, 0xB7, 0x85, 0xD8, 0x96, 0x59, 0x9E, 0x7A, 0x8E, 0x39,
    0x8D, 0xD8, 0x7D, 0x76, 0x8D, 0xD8, 0x7D, 0x96, 0x75, 0x55, 0x85, 0xB7, 0x85, 0xF8, 0x8E, 0x19,
    0x8E, 0x19, 0x96, 0x19, 0x96, 0x39, 0x9E, 0x5A, 0x9E, 0x5A, 0x9E, 0x7A, 0xA6, 0xBB, 0xAE, 0xDB,
    0xAE, 0xDB, 0xAE, 0xDB, 0xB6, 0xFC, 0xB7, 0x1C, 0xB7, 0x1D, 0xBF, 0x3D, 0xBF, 0x3D, 0xBF, 0x3D,
    0xBF, 0x1D, 0xBF, 0x3D, 0xBF, 0x3D, 0xBF, 0x1D, 0xBF, 0x3D, 0xBF, 0x3D, 0xC7, 0x5D, 0xCF, 0x7D,
    0xDF, 0xBE, 0xEF, 0xDF, 0xF7, 0xDF, 0xF7, 0xFF, 0xF7, 0xFF, 0xDF, 0xDF, 0xD7, 0x9E, 0xCF, 0x5D,
    0xD7, 0x9E, 0xD7, 0xBF, 0xC7, 0x5D, 0xA6, 0xBB, 0x96, 0x3A, 0x85, 0xD8, 0x7D, 0x97, 0x8D, 0xF9,
    0x7D, 0xB7, 0x64, 0xD4, 0x64, 0x93, 0x64, 0xB4, 0x64, 0x93, 0x5C, 0x31, 0x4B, 0xD0, 0x43, 0x6F,
    0x3B, 0x0D, 0x32, 0xCC, 0x2A, 0x8B, 0x32, 0xAC, 0x4B, 0x6E, 0x5C, 0x52, 0x6C, 0xD4, 0x6C, 0xB3,
    0x4B, 0xAF, 0x43, 0x6E, 0x43, 0x6E, 0x4B, 0x4E, 0x3A, 0xCC, 0x21, 0xA7, 0x09, 0x05, 0x00, 0xA4,
    0x11, 0x66, 0x2A, 0x2A, 0x32, 0x8B, 0x21, 0xE8, 0x11, 0x25, 0x22, 0x09, 0x19, 0xC8, 0x11, 0x66,
    0x11, 0x45, 0x11, 0x46, 0x11, 0x46, 0x11, 0x66, 0x19, 0x87, 0x2A, 0x8B, 0x32, 0xEC, 0x3A, 0xED,
    0x3A, 0xCC, 0x2A, 0x6A, 0x21, 0xC7, 0x00, 0xA3, 0x08, 0x82, 0x08, 0x82, 0x08, 0x82, 0x08, 0x82,
    0x08, 0x82, 0x08, 0x82, 0x19, 0xA7, 0x19, 0x46, 0x08, 0x83, 0x08, 0x83, 0x08, 0x82, 0x08, 0xA3,
    0x08, 0xA3, 0x08, 0x83, 0x08, 0x82, 0x08, 0xA3, 0x08, 0x83, 0x08, 0xC4, 0x19, 0x46, 0x22, 0x09,
    0x22, 0x09, 0x2A, 0x4A, 0x2A, 0x4A, 0x22, 0x09, 0x19, 0xC7, 0x19, 0x87, 0x11, 0x87, 0x2A, 0x4A,
    0x2A, 0x29, 0x2A, 0x2A, 0x11, 0x25, 0x11, 0x05, 0x11, 0x05, 0x11, 0x05, 0x08, 0xE4, 0x11, 0x25,
    0x19, 0xA7, 0x22, 0x09, 0x3A, 0xAC, 0x32, 0x6A, 0x2A, 0x4A, 0x32, 0x8B, 0x2A, 0x8B, 0x3B, 0x6E,
    0x5C, 0x72, 0x4B, 0xF0, 0x43, 0x4E, 0x32, 0xCC, 0x3B, 0x0D, 0x2A, 0x8B, 0x43, 0x2E, 0x3A, 0xED,
    0x3B, 0x2E, 0x43, 0x6E, 0x43, 0x8F, 0x64, 0x93, 0x6C, 0xD4, 0x5C, 0x52, 0x5C, 0x72, 0x75, 0x56,
    0x85, 0xD8, 0x8E, 0x39, 0xA6, 0x9B, 0x9E, 0x5A, 0x8E, 0x19, 0x7D, 0x76, 0x7D, 0x76, 0x75, 0x56,
    0x75, 0x35, 0x8D, 0xF8, 0x85, 0xD8, 0x8D, 0xF8, 0x8D, 0xF8, 0x8E, 0x19, 0x96, 0x19, 0x96, 0x39,
    0x9E, 0x5A, 0x9E, 0x7A, 0x9E, 0x9A, 0xA6, 0xBB, 0xAE, 0xBB, 0xA6, 0xBB, 0xAE, 0xBB, 0xAE, 0xDB,
    0xB6, 0xFC, 0xB6, 0xFC, 0xB6, 0xFC, 0xB7, 0x1C, 0xB6, 0xFC, 0xB6, 0xFC, 0xBF, 0x3D, 0xBF, 0x3D,
    0xBF, 0x1D, 0xBF, 0x3D, 0xBF, 0x3D, 0xC7, 0x5D, 0xCF, 0x7D, 0xDF, 0xBE, 0xE7, 0xDF, 0xEF, 0xDF,
    0xEF, 0xFF, 0xE7, 0xDF, 0xDF, 0xBF, 0xCF, 0x5D, 0xBE, 0xFC, 0xCF, 0x9E, 0xDF, 0xFF, 0xCF, 0x7E,
    0xB6, 0xFC, 0xA6, 0xBC, 0x96, 0x39, 0x85, 0xB7, 0x85, 0xB7, 0x85, 0xB7, 0x75, 0x56, 0x6C, 0xF5,
    0x64, 0x94, 0x6C, 0xD4, 0x5C, 0x32, 0x4B, 0xD0, 0x53, 0xF1, 0x4B, 0xB0, 0x43, 0x6E, 0x43, 0x8F,
    0x4B, 0xB0, 0x53, 0xD0, 0x5C, 0x72, 0x6D, 0x14, 0x64, 0xB3, 0x4B, 0xD0, 0x4B, 0xAF, 0x43, 0x8F,
    0x43, 0x4E, 0x3B, 0x2D, 0x3A, 0x8B, 0x29, 0xE8, 0x11, 0x46, 0x08, 0xC4, 0x11, 0x25, 0x21, 0xC8,
    0x29, 0xC8, 0x11, 0x05, 0x11, 0x46, 0x19, 0x87, 0x11, 0x66, 0x11, 0x66, 0x19, 0x66, 0x09, 0x25,
    0x09, 0x05, 0x19, 0x87, 0x43, 0x4E, 0x32, 0xEC, 0x3A, 0xED, 0x3A, 0xED, 0x3A, 0xCC, 0x32, 0x6A,
    0x08, 0xC4, 0x00, 0x42, 0x08, 0x82, 0x08, 0x82, 0x08, 0x82, 0x08, 0x82, 0x08, 0x82, 0x19, 0xA7,
    0x19, 0x46, 0x08, 0xA3, 0x08, 0x83, 0x08, 0x82, 0x08, 0x83, 0x08, 0x83, 0x08, 0x83, 0x08, 0x83,
    0x08, 0xA3, 0x08, 0x83, 0x08, 0xC4, 0x19, 0xA7, 0x2A, 0x29, 0x22, 0x29, 0x2A, 0x4A, 0x2A, 0x6A,
    0x22, 0x29, 0x19, 0xA7, 0x19, 0x87, 0x19, 0xA7, 0x2A, 0x49, 0x2A, 0x2A, 0x19, 0xA7, 0x09, 0x05,
    0x11, 0x05, 0x11, 0x25, 0x08, 0xE4, 0x08, 0xE4, 0x11, 0x46, 0x22, 0x09, 0x32, 0xAB, 0x3A, 0xCC,
    0x2A, 0x6B, 0x2A, 0x4A, 0x22, 0x4A, 0x22, 0x6A, 0x4B, 0xCF, 0x6C, 0xD4, 0x54, 0x11, 0x3A, 0xEC,
    0x32, 0xCC, 0x32, 0xCC, 0x32, 0xCC, 0x3B, 0x0D, 0x43, 0x6F, 0x4B, 0xAF, 0x53, 0xF1, 0x5C, 0x52,
    0x75, 0x15, 0x64, 0x93, 0x54, 0x52, 0x75, 0x76, 0x7D, 0x97, 0x85, 0xD8, 0x8D, 0xF8, 0x8D, 0xF8,
    0x9E, 0x7A, 0x96, 0x19, 0x5C, 0x72, 0x6C, 0xF4, 0x85, 0xB7, 0x8D, 0xF8, 0x85, 0xB7, 0x85, 0xF8,
    0x85, 0xD8, 0x85, 0xF8, 0x8D, 0xF9, 0x96, 0x19, 0x96, 0x39, 0x9E, 0x5A, 0x9E, 0x7A, 0xA6, 0x9B,
    0xA6, 0xBB, 0xA6, 0xBB, 0xA6, 0xBB, 0xA6, 0xBB, 0xAE, 0xBB, 0xAE, 0xDB, 0xAE, 0xDB, 0xAE, 0xDC,
    0xB6, 0xFC, 0xB6, 0xFC, 0xB6, 0xFC, 0xBF, 0x1D, 0xBF, 0x1D, 0xBF, 0x1D, 0xBF, 0x3D, 0xC7, 0x5D,
    0xCF, 0x7E, 0xCF, 0x7E, 0xDF, 0xBE, 0xE7, 0xBF, 0xE7, 0xBF, 0xDF, 0xBF, 0xD7, 0x9E, 0xCF, 0x7E,
    0xBF, 0x3D, 0xB6, 0xFC, 0xC7, 0x5E, 0xD7, 0xBF, 0xCF, 0x7E, 0xBF, 0x3D, 0xB6, 0xFD, 0xB6, 0xFC,
    0x9E, 0x5A, 0x85, 0x97, 0x75, 0x36, 0x7D, 0x77, 0x75, 0x56, 0x64, 0xB4, 0x64, 0x94, 0x5C, 0x52,
    0x4B, 0xD0, 0x54, 0x11, 0x53, 0xF1, 0x4B, 0xB0, 0x5C, 0x32, 0x64, 0x72, 0x53, 0xF0, 0x5C, 0x52,
    0x6C, 0xF4, 0x64, 0xB4, 0x4B, 0xF0, 0x4B, 0xD0, 0x4B, 0xD0, 0x43, 0x8F, 0x3B, 0x4E, 0x2A, 0x6A,
    0x19, 0x87, 0x11, 0x05, 0x00, 0x83, 0x00, 0xA2, 0x09, 0x04, 0x21, 0xA7, 0x21, 0x87, 0x11, 0x05,
    0x11, 0x25, 0x11, 0x46, 0x11, 0x66, 0x11, 0x66, 0x11, 0x25, 0x09, 0x05, 0x19, 0x46, 0x3B, 0x2D,
    0x32, 0xCC, 0x43, 0x2D, 0x43, 0x2E, 0x3A, 0xEC, 0x2A, 0x4A, 0x11, 0x05, 0x08, 0xA3, 0x08, 0x82,
    0x08, 0x62, 0x08, 0x62, 0x08, 0x62, 0x08, 0x62, 0x19, 0xA7, 0x19, 0x46, 0x08, 0xA3, 0x08, 0xA3,
    0x08, 0x62, 0x08, 0x82, 0x08, 0x83, 0x08, 0x83, 0x08, 0x83, 0x08, 0xA3, 0x08, 0x83, 0x11, 0x05,
    0x2A, 0x09, 0x2A, 0x4A, 0x2A, 0x29, 0x22, 0x29, 0x2A, 0x4A, 0x2A, 0x29, 0x11, 0x66, 0x19, 0xA7,
    0x19, 0xE8, 0x2A, 0x49, 0x2A, 0x49, 0x11, 0x46, 0x11, 0x05, 0x11, 0x05, 0x10, 0xE4, 0x08, 0xE4,
    0x11, 0x25, 0x19, 0xA7, 0x2A, 0x4A, 0x3A, 0xEC, 0x32, 0xEC, 0x2A, 0x6A, 0x2A, 0x6A, 0x2A, 0x6A,
    0x32, 0xAB, 0x4B, 0x8F, 0x53, 0x8F, 0x3A, 0xED, 0x2A, 0x4A, 0x22, 0x2A, 0x2A, 0x6B, 0x43, 0x6E,
    0x4B, 0x8F, 0x4B, 0xB0, 0x4B, 0xD0, 0x64, 0x73, 0x64, 0x72, 0x5C, 0x52, 0x5C, 0x73, 0x7D, 0x76,
    0x7D, 0x97, 0x85, 0xD8, 0x8E, 0x19, 0x85, 0xD8, 0x9E, 0x5A, 0x8D, 0xD8, 0x75, 0x15, 0x7D, 0x96,
    0x7D, 0x97, 0x85, 0xB7, 0x85, 0xB7, 0x85, 0xD8, 0x8D, 0xF8, 0x85, 0xF8, 0x8D, 0xF8, 0x8E, 0x19,
    0x96, 0x39, 0x96, 0x39, 0x9E, 0x5A, 0x9E, 0x7A, 0xA6, 0x9B, 0xA6, 0xBB, 0xA6, 0x9B, 0xA6, 0x9B,
    0xA6, 0x9B, 0xA6, 0xBB, 0xA6, 0xBB, 0xA6, 0xBB, 0xAE, 0xDB, 0xAE, 0xFC, 0xB6, 0xFC, 0xB6, 0xFC,
    0xB7, 0x1C, 0xBF, 0x1C, 0xBF, 0x1C, 0xBF, 0x3D, 0xCF, 0x5E, 0xCF, 0x7E, 0xCF, 0x7D, 0xD7, 0x9E,
    0xDF, 0x9E, 0xD7, 0x7E, 0xD7, 0x9E, 0xCF, 0x7D, 0xBF, 0x3D, 0xBF, 0x3D, 0xB6, 0xFD, 0xBF, 0x1D,
    0xC7, 0x3D, 0xCF, 0x7E, 0xC7, 0x5E, 0xAE, 0xDB, 0xBF, 0x7E, 0xAE, 0xBB, 0x9E, 0x39, 0x85, 0x97,
    0x6D, 0x15, 0x6C, 0xF5, 0x64, 0xB4, 0x5C, 0x73, 0x5C, 0x32, 0x5C, 0x32, 0x54, 0x11, 0x53, 0xF0,
    0x4B, 0xF1, 0x54, 0x11, 0x54, 0x11, 0x5C, 0x52, 0x4B, 0xD0, 0x5C, 0x72, 0x64, 0xB3, 0x54, 0x11,
    0x43, 0x8F, 0x4B, 0xAF, 0x4B, 0xAF, 0x3B, 0x4E, 0x22, 0x4A, 0x11, 0x87, 0x11, 0x46, 0x11, 0x05,
    0x08, 0xC3, 0x00, 0x82, 0x08, 0xE4, 0x11, 0x25, 0x19, 0x46, 0x11, 0x05, 0x11, 0x05, 0x11, 0x45,
    0x11, 0x65, 0x19, 0x66, 0x11, 0x46, 0x08, 0xE4, 0x1A, 0x08, 0x2A, 0x6A, 0x3A, 0xED, 0x3B, 0x2D,
    0x32, 0xCC, 0x2A, 0x6A, 0x21, 0xA7, 0x08, 0xA4, 0x08, 0x82, 0x08, 0x62, 0x08, 0x62, 0x08, 0x62,
    0x08, 0x62, 0x19, 0x87, 0x19, 0x46, 0x08, 0xA3, 0x08, 0xA3, 0x08, 0x62, 0x08, 0x82, 0x08, 0x83,
    0x08, 0x83, 0x08, 0x83, 0x08, 0x83, 0x08, 0xA3, 0x11, 0x46, 0x2A, 0x4A, 0x2A, 0x6A, 0x2A, 0x4A,
    0x21, 0xE8, 0x2A, 0x29, 0x2A, 0x09, 0x11, 0x66, 0x19, 0xA7, 0x21, 0xE8, 0x2A, 0x49, 0x2A, 0x08,
    0x09, 0x05, 0x11, 0x05, 0x11, 0x05, 0x08, 0xE4, 0x08, 0xC4, 0x11, 0x25, 0x19, 0xA7, 0x2A, 0x4A,
    0x3A, 0xEC, 0x32, 0xAC, 0x2A, 0x4A, 0x2A, 0x6A, 0x2A, 0x4A, 0x32, 0x6A, 0x32, 0x6B, 0x22, 0x09,
    0x22, 0x09, 0x3A, 0xED, 0x32, 0xCC, 0x4B, 0x6F, 0x5C, 0x11, 0x5C, 0x52, 0x53, 0xF0, 0x53, 0xF0,
    0x4B, 0xD0, 0x54, 0x10, 0x6C, 0xB4, 0x75, 0x15, 0x6C, 0xD4, 0x6D, 0x15, 0x7D, 0x76, 0x85, 0x97,
    0x8D, 0xB7, 0x85, 0x97, 0x7D, 0x35, 0x75, 0x35, 0x8D, 0xF8, 0x8D, 0xF8, 0x7D, 0x96, 0x85, 0xD7,
    0x85, 0xD7, 0x85, 0xD8, 0x85, 0xD8, 0x8D, 0xF8, 0x8E, 0x19, 0x96, 0x39, 0x96, 0x59, 0x9E, 0x7A,
    0x9E, 0x7A, 0xA6, 0x9B, 0xA6, 0x9B, 0xA6, 0x9B, 0xA6, 0x9B, 0xA6, 0x9B, 0xA6, 0x9B, 0xA6, 0xBB,
    0xA6, 0xBB, 0xA6, 0xBB, 0xAE, 0xDC, 0xAE, 0xFC, 0xB6, 0xFC, 0xB7, 0x1C, 0xBF, 0x1C, 0xBF, 0x1D,
    0xC7, 0x5D, 0xCF, 0x5D, 0xCF, 0x7E, 0xCF, 0x7D, 0xCF, 0x9E, 0xD7, 0x7E, 0xCF, 0x5E, 0xCF, 0x7E,
    0xC7, 0x5D, 0xBF, 0x3D, 0xB7, 0x3D, 0xAE, 0xFD, 0xAE, 0xDC, 0xB6, 0xDC, 0xC7, 0x5E, 0xC7, 0x7E,
    0xA6, 0x9A, 0xB6, 0xFC, 0xB7, 0x1D, 0xA6, 0xBB, 0x8D, 0xF8, 0x7D, 0x76, 0x6C, 0xF4, 0x5C, 0x73,
    0x64, 0xB4, 0x5C, 0x32, 0x5C, 0x32, 0x5C, 0x52, 0x54, 0x11, 0x4B, 0xF0, 0x54, 0x31, 0x5C, 0x32,
    0x5C, 0x52, 0x53, 0xD0, 0x54, 0x11, 0x5C, 0x52, 0x5C, 0x31, 0x43, 0x6F, 0x4B, 0xB0, 0x4B, 0xB0,
    0x3B, 0x0D, 0x3B, 0x2D, 0x3A, 0xCC, 0x42, 0xCC, 0x3A, 0x8B, 0x21, 0xC7, 0x08, 0xE4, 0x00, 0xA3,
    0x08, 0xA3, 0x10, 0xC4, 0x08, 0xC3, 0x10, 0xE4, 0x11, 0x25, 0x11, 0x04, 0x19, 0x46, 0x19, 0x87,
    0x19, 0x66, 0x09, 0x25, 0x21, 0xE8, 0x32, 0x8B, 0x32, 0xCC, 0x32, 0xCC, 0x32, 0xAB, 0x2A, 0x09,
    0x00, 0x83, 0x08, 0x82, 0x08, 0x62, 0x08, 0x62, 0x08, 0x62, 0x08, 0x62, 0x19, 0xA7, 0x19, 0x46,
    0x08, 0x83, 0x08, 0x83, 0x08, 0x62, 0x08, 0x83, 0x08, 0x83, 0x08, 0x82, 0x08, 0x83, 0x08, 0x83,
    0x08, 0xC4, 0x19, 0x66, 0x2A, 0x6A, 0x2A, 0x6A, 0x2A, 0x6A, 0x21, 0xE8, 0x22, 0x08, 0x21, 0xE8,
    0x19, 0x87, 0x19, 0x87, 0x21, 0xE8, 0x2A, 0x49, 0x19, 0xA7, 0x09, 0x05, 0x10, 0xE4, 0x11, 0x04,
    0x08, 0xE4, 0x08, 0xE4, 0x11, 0x45, 0x19, 0x87, 0x22, 0x2A, 0x3A, 0xEC, 0x32, 0x8B, 0x2A, 0x4A,
    0x22, 0x09, 0x19, 0xC8, 0x19, 0xA7, 0x19, 0xE8, 0x32, 0xCC, 0x53, 0xAF, 0x43, 0x4E, 0x53, 0xD0,
    0x53, 0xD0, 0x53, 0xF0, 0x3B, 0x2D, 0x43, 0x6F, 0x43, 0x4E, 0x3B, 0x2D, 0x53, 0xD0, 0x4B, 0x8F,
    0x5C, 0x72, 0x7D, 0x56, 0x7D, 0x77, 0x7D, 0x77, 0x95, 0xF8, 0x6C, 0xB3, 0x6C, 0xD4, 0x75, 0x35,
    0x8D, 0xD8, 0x85, 0xB7, 0x85, 0xB7, 0x7D, 0x76, 0x85, 0xD8, 0x85, 0xB7, 0x7D, 0xB7, 0x85, 0xD8,
    0x8D, 0xF8, 0x8D, 0xF9, 0x96, 0x19, 0x96, 0x5A, 0x9E, 0x7A, 0x9E, 0x7A, 0xA6, 0x9B, 0xA6, 0x9B,
    0xA6, 0x9B, 0xA6, 0x9B, 0xA6, 0x9B, 0xA6, 0x9B, 0xA6, 0xBB, 0xA6, 0xBB, 0xA6, 0xBB, 0xAE, 0xDC,
    0xAE, 0xDC, 0xAE, 0xDC, 0xB7, 0x1C, 0xBF, 0x1C, 0xBF, 0x3D, 0xC7, 0x5D, 0xC7, 0x5D, 0xCF, 0x7E,
    0xC7, 0x7D, 0xCF, 0x7E, 0xCF, 0x7E, 0xCF, 0x5E, 0xC7, 0x5E, 0xBF, 0x3D, 0xBF, 0x3D, 0xAE, 0xFC,
    0xAE, 0xDC, 0xA6, 0xBB, 0x9E, 0x7A, 0xB6, 0xFC, 0xBF, 0x5E, 0x9E, 0x7A, 0x9E, 0x39, 0xAE, 0xFC,
    0x9E, 0x7A, 0x85, 0xB7, 0x8E, 0x19, 0x7D, 0x76, 0x54, 0x32, 0x5C, 0x73, 0x5C, 0x52, 0x53, 0xF1,
    0x5C, 0x32, 0x53, 0xF1, 0x43, 0x8F, 0x53, 0xF1, 0x5C, 0x52, 0x53, 0xF0, 0x5C, 0x32, 0x53, 0xD0,
    0x53, 0xD0, 0x53, 0xD0, 0x43, 0x4E, 0x4B, 0x6F, 0x43, 0x4E, 0x32, 0xEC, 0x32, 0xEC, 0x32, 0xCC,
    0x32, 0xAB, 0x32, 0x8B, 0x2A, 0x4A, 0x21, 0xE8, 0x11, 0x25, 0x00, 0xA3, 0x00, 0x82, 0x08, 0x83,
    0x08, 0xC3, 0x10, 0xC3, 0x08, 0xA3, 0x08, 0xE4, 0x19, 0x66, 0x21, 0xE8, 0x09, 0x04, 0x19, 0x46,
    0x32, 0x6A, 0x32, 0xAB, 0x2A, 0x8B, 0x2A, 0x6A, 0x2A, 0x09, 0x08, 0xC4, 0x08, 0x82, 0x08, 0x62,
    0x08, 0x62, 0x08, 0x62, 0x08, 0x62, 0x21, 0xC7, 0x19, 0x46, 0x08, 0x83, 0x08, 0x82, 0x08, 0x62,
    0x08, 0x83, 0x08, 0x83, 0x08, 0x82, 0x08, 0xA3, 0x08, 0x83, 0x08, 0xC4, 0x19, 0x67, 0x2A, 0x4A,
    0x2A, 0x4A, 0x32, 0x8B, 0x22, 0x09, 0x22, 0x08, 0x19, 0xA7, 0x19, 0xA8, 0x11, 0x87, 0x19, 0xC8,
    0x2A, 0x29, 0x09, 0x25, 0x11, 0x04, 0x08, 0xE4, 0x08, 0xE4, 0x08, 0xE4, 0x19, 0x46, 0x29, 0xE8,
    0x2A, 0x29, 0x2A, 0x4A, 0x32, 0xAC, 0x2A, 0x2A, 0x21, 0xE9, 0x11, 0x66, 0x11, 0x87, 0x22, 0x09,
    0x2A, 0x8A, 0x32, 0xEC, 0x2A, 0xAB, 0x32, 0xCC, 0x32, 0xCC, 0x3B, 0x2E, 0x3B, 0x2E, 0x4B, 0xAF,
    0x4B, 0xB0, 0x53, 0xD0, 0x43, 0x2E, 0x4B, 0xAF, 0x5C, 0x52, 0x74, 0xF5, 0x6C, 0xD4, 0x6C, 0xD4,
    0x7D, 0x56, 0x43, 0x4E, 0x6C, 0x93, 0x7D, 0x56, 0x85, 0x97, 0x85, 0xB7, 0x85, 0x97, 0x7D, 0x56,
    0x85, 0xB7, 0x75, 0x76, 0x7D, 0x97, 0x85, 0xD8, 0x8E, 0x19, 0x96, 0x39, 0x96, 0x19, 0x96, 0x19,
    0x96, 0x5A, 0x9E, 0x7A, 0x9E, 0x7A, 0xA6, 0x7B, 0xA6, 0x9B, 0xA6, 0x9B, 0xA6, 0x9B, 0xA6, 0x9B,
    0xA6, 0x9B, 0xA6, 0xBB, 0xAE, 0xDB, 0xA6, 0xBB, 0xAE, 0xDC, 0xAE, 0xDB, 0xAE, 0xDB, 0xB7, 0x1C,
    0xBF, 0x3D, 0xBF, 0x3D, 0xC7, 0x5D, 0xCF, 0x5D, 0xCF, 0x7E, 0xC7, 0x7D, 0xCF, 0x7E, 0xCF, 0x7E,
    0xC7, 0x5D, 0xC7, 0x5D, 0xB7, 0x3D, 0xB6, 0xFC, 0xA6, 0x9A, 0xA6, 0xBC, 0xA6, 0x9B, 0x8D, 0xF8,
    0x9E, 0x5A, 0xB7, 0x1D, 0x9E, 0x7A, 0x8D, 0xD8, 0x9E, 0x9B, 0x96, 0x3A, 0x7D, 0x97, 0x85, 0xD7,
    0x7D, 0x97, 0x5C, 0x72, 0x4B, 0xF0, 0x5C, 0x32, 0x53, 0xF1, 0x5C, 0x32, 0x5C, 0x52, 0x54, 0x11,
    0x4B, 0xAF, 0x43, 0x6F, 0x4B, 0xD0, 0x4B, 0x8F, 0x3B, 0x2D, 0x3B, 0x0D, 0x3B, 0x2E, 0x32, 0xCC,
    0x32, 0xEC, 0x3B, 0x0D, 0x3B, 0x2D, 0x3B, 0x2C, 0x3B, 0x2D, 0x32, 0xED, 0x32, 0xED, 0x32, 0xAB,
    0x32, 0x8B, 0x21, 0xC7, 0x19, 0x45, 0x11, 0x04, 0x08, 0xC4, 0x00, 0x62, 0x08, 0x62, 0x08, 0xA3,
    0x08, 0xA3, 0x08, 0xE4, 0x19, 0xA7, 0x21, 0x86, 0x08, 0xA3, 0x19, 0xA7, 0x2A, 0x49, 0x32, 0x8B,
    0x2A, 0x8A, 0x21, 0xC8, 0x10, 0xE5, 0x08, 0x82, 0x08, 0x62, 0x08, 0x62, 0x08, 0x62, 0x08, 0x62,
    0x22, 0x08, 0x11, 0x45, 0x08, 0xA3, 0x08, 0x82, 0x08, 0x82, 0x08, 0x83, 0x08, 0x83, 0x08, 0x82,
    0x08, 0x83, 0x08, 0xA3, 0x09, 0x05, 0x19, 0x87, 0x32, 0x4A, 0x2A, 0x4A, 0x2A, 0x4A, 0x2A, 0x8B,
    0x19, 0xC7, 0x21, 0xC8, 0x19, 0x86, 0x19, 0x87, 0x21, 0xA7, 0x19, 0x66, 0x08, 0xC4, 0x08, 0xE4,
    0x08, 0xC3, 0x11, 0x04, 0x09, 0x25, 0x21, 0xE8, 0x21, 0xE8, 0x32, 0x6A, 0x2A, 0x29, 0x2A, 0x29,
    0x11, 0x87, 0x21, 0xE8, 0x2A, 0x4A, 0x2A, 0x6A, 0x32, 0x8B, 0x3A, 0xCC, 0x3A, 0xEC, 0x32, 0xCC,
    0x3B, 0x0D, 0x43, 0x4E, 0x4B, 0xD0, 0x54, 0x11, 0x4B, 0xD0, 0x53, 0xF0, 0x3B, 0x0D, 0x3A, 0xEC,
    0x54, 0x11, 0x75, 0x15, 0x85, 0x76, 0x6C, 0xD4, 0x43, 0x4E, 0x3B, 0x4E, 0x6C, 0xB3, 0x7D, 0x35,
    0x85, 0x97, 0x85, 0x97, 0x85, 0x97, 0x75, 0x36, 0x7D, 0x56, 0x7D, 0x76, 0x75, 0x56, 0x8D, 0xF8,
    0x8D, 0xF8, 0x8D, 0xF9, 0x8E, 0x19, 0x8E, 0x19, 0x96, 0x19, 0x96, 0x39, 0x9E, 0x7A, 0x9E, 0x9A,
    0xA6, 0xBB, 0xA6, 0xBB, 0xA6, 0x9B, 0xA6, 0x9B, 0xA6, 0xBB, 0xA6, 0xBB, 0xA6, 0x9B, 0xA6, 0xBB,
    0xAE, 0xDC, 0xA6, 0xBB, 0xAE, 0xFC, 0xAE, 0xFC, 0xB6, 0xFC, 0xBF, 0x3D, 0xBF, 0x3D, 0xC7, 0x5D,
    0xC7, 0x5D, 0xCF, 0x9E, 0xC7, 0x3D, 0xCF, 0x5E, 0xCF, 0x7E, 0xC7, 0x5E, 0xB6, 0xFC, 0xBF, 0x5E,
    0xAE, 0xDC, 0xAE, 0xDC, 0x9E, 0x7A, 0x96, 0x5A, 0x85, 0xF8, 0x85, 0xD8, 0x96, 0x5A, 0x96, 0x5A,
    0x85, 0xD8, 0x8D, 0xF9, 0x85, 0xD8, 0x7D, 0x97, 0x85, 0xB7, 0x85, 0x97, 0x6C, 0xF5, 0x54, 0x32,
    0x43, 0x8F, 0x43, 0x8F, 0x4B, 0xD0, 0x64, 0x72, 0x64, 0x72, 0x53, 0xD0, 0x43, 0x6E, 0x43, 0x6E,
    0x4B, 0xD0, 0x4B, 0xD0, 0x3B, 0x0D, 0x3A, 0xEC, 0x32, 0x8B, 0x2A, 0x6B, 0x4B, 0x4E, 0x4B, 0x4E,
    0x3B, 0x0D, 0x43, 0x2D, 0x32, 0xEC, 0x3B, 0x0D, 0x32, 0xEC, 0x2A, 0x8B, 0x32, 0x8B, 0x22, 0x09,
    0x21, 0xC7, 0x19, 0x66, 0x11, 0x25, 0x09, 0x05, 0x08, 0xE4, 0x08, 0xA3, 0x08, 0x83, 0x08, 0xA3,
    0x10, 0xA3, 0x08, 0xA3, 0x00, 0x62, 0x08, 0xE4, 0x21, 0xE7, 0x3A, 0x8A, 0x21, 0xC7, 0x08, 0xC4,
    0x08, 0x82, 0x08, 0x62, 0x08, 0x62, 0x00, 0x62, 0x00, 0x62, 0x22, 0x08, 0x11, 0x45, 0x08, 0xC3,
    0x08, 0x83, 0x08, 0x82, 0x08, 0x83, 0x08, 0x83, 0x08, 0x83, 0x08, 0x82, 0x08, 0xA3, 0x19, 0x66,
    0x21, 0xE8, 0x32, 0x8B, 0x32, 0x8B, 0x22, 0x4A, 0x22, 0x29, 0x21, 0xE8, 0x21, 0xC7, 0x11, 0x45,
    0x11, 0x25, 0x19, 0x46, 0x11, 0x25, 0x08, 0xE4, 0x08, 0xC4, 0x10, 0xE4, 0x08, 0xE4, 0x09, 0x04,
    0x11, 0x46, 0x11, 0x25, 0x11, 0x46, 0x11, 0x67, 0x19, 0xA7, 0x2A, 0x29, 0x2A, 0x4A, 0x32, 0x6B,
    0x32, 0x6B, 0x2A, 0x8B, 0x32, 0x8B, 0x32, 0xCB, 0x32, 0xCC, 0x3B, 0x0D, 0x4B, 0xD0, 0x4B, 0xD0,
    0x53, 0xF1, 0x4B, 0xD0, 0x2A, 0x8B, 0x32, 0xEC, 0x5C, 0x11, 0x64, 0x93, 0x6C, 0xB3, 0x4B, 0xB0,
    0x43, 0x6E, 0x6C, 0xD4, 0x8D, 0xB7, 0x85, 0x77, 0x8D, 0xB7, 0x85, 0x97, 0x6C, 0xD4, 0x64, 0x93,
    0x75, 0x15, 0x7D, 0x56, 0x85, 0xB7, 0x8D, 0xD8, 0x8E, 0x19, 0x8D, 0xF8, 0x8D, 0xF8, 0x8E, 0x19,
    0x96, 0x19, 0x96, 0x19, 0x96, 0x39, 0x9E, 0x7A, 0xA6, 0x9B, 0xA6, 0x9B, 0xA6, 0xBB, 0xA6, 0x9B,
    0xA6, 0x9B, 0xA6, 0xBB, 0xA6, 0xBB, 0xA6, 0xBB, 0xAE, 0xBB, 0xA6, 0xDB, 0xAE, 0xBB, 0xAE, 0xDB,
    0xB7, 0x1C, 0xB7, 0x1C, 0xBF, 0x3D, 0xBF, 0x3D, 0xC7, 0x5E, 0xC7, 0x5D, 0xCF, 0x7E, 0xCF, 0x7E,
    0xCF, 0x7E, 0xC7, 0x5E, 0xBF, 0x3D, 0xBF, 0x5E, 0xA6, 0x7A, 0xB6, 0xFC, 0xA6, 0x9B, 0x9E, 0x5A,
    0x96, 0x5A, 0x85, 0xD8, 0x75, 0x76, 0x85, 0xB7, 0x8D, 0xD8, 0x85, 0xB8, 0x85, 0xB8, 0x7D, 0x97,
    0x7D, 0x76, 0x7D, 0x76, 0x7D, 0x77, 0x75, 0x15, 0x5C, 0x93, 0x5C, 0x52, 0x4B, 0xF0, 0x43, 0x8F,
    0x4B, 0xAF, 0x43, 0x8F, 0x3B, 0x2D, 0x3B, 0x0D, 0x3B, 0x2D, 0x4B, 0xD0, 0x5C, 0x31, 0x4B, 0x8F,
    0x3A, 0xEC, 0x32, 0xCC, 0x19, 0xE8, 0x22, 0x09, 0x2A, 0x8B, 0x3A, 0xCC, 0x2A, 0x6A, 0x3A, 0xED,
    0x3B, 0x0D, 0x32, 0x8B, 0x32, 0xAC, 0x2A, 0x6A, 0x32, 0x8B, 0x21, 0xC8, 0x19, 0x66, 0x11, 0x45,
    0x11, 0x46, 0x19, 0x46, 0x19, 0x25, 0x08, 0xC4, 0x08, 0xA3, 0x00, 0x21, 0x08, 0xA3, 0x10, 0xC4,
    0x00, 0x62, 0x00, 0xA3, 0x19, 0x25, 0x10, 0xE5, 0x08, 0x83, 0x08, 0x82, 0x08, 0x62, 0x08, 0x62,
    0x00, 0x62, 0x00, 0x62, 0x22, 0x08, 0x11, 0x45, 0x08, 0xC3, 0x08, 0x83, 0x08, 0x82, 0x08, 0x82,
    0x08, 0x83, 0x08, 0x83, 0x08, 0xA3, 0x08, 0xE4, 0x21, 0xC7, 0x19, 0xE8, 0x22, 0x29, 0x2A, 0x6A,
    0x2A, 0x6A, 0x2A, 0x8B, 0x19, 0x86, 0x19, 0x86, 0x09, 0x05, 0x11, 0x25, 0x11, 0x25, 0x10, 0xE4,
    0x08, 0xE4, 0x08, 0xC4, 0x10, 0xC4, 0x08, 0xC4, 0x11, 0x25, 0x11, 0x66, 0x11, 0x46, 0x11, 0x46,
    0x21, 0xE8, 0x2A, 0x2A, 0x2A, 0x4A, 0x2A, 0x2A, 0x2A, 0x4A, 0x32, 0x6B, 0x32, 0x8B, 0x32, 0xAB,
    0x3A, 0xED, 0x43, 0x4E, 0x4B, 0xCF, 0x4B, 0xCF, 0x53, 0xB0, 0x4B, 0x6F, 0x3B, 0x0D, 0x32, 0xAC,
    0x53, 0xB0, 0x53, 0xD0, 0x5C, 0x31, 0x33, 0x0D, 0x5C, 0x31, 0x7D, 0x36, 0x7D, 0x36, 0x85, 0xB7,
    0x85, 0x97, 0x6C, 0xD4, 0x64, 0xD4, 0x6C, 0xF4, 0x75, 0x15, 0x85, 0x97, 0x85, 0xB7, 0x8D, 0xD8,
    0x8D, 0xF9, 0x85, 0xD8, 0x8D, 0xF8, 0x8D, 0xF8, 0x8E, 0x19, 0x96, 0x19, 0x96, 0x39, 0x96, 0x59,
    0x9E, 0x7A, 0xA6, 0x9B, 0xA6, 0xBB, 0xA6, 0xBB, 0xA6, 0xBB, 0xA6, 0xBB, 0xA6, 0xBB, 0xA6, 0xBB,
    0xA6, 0xBB, 0xAE, 0xBB, 0xA6, 0xBB, 0xAE, 0xDC, 0xAE, 0xBB, 0xB7, 0x1C, 0xBF, 0x1D, 0xBF, 0x3D,
    0xBF, 0x3D, 0xC7, 0x5E, 0xCF, 0x5D, 0xC7, 0x5D, 0xCF, 0x7E, 0xCF, 0x7E, 0xC7, 0x5E, 0xBF, 0x3D,
    0xBF, 0x3D, 0x8D, 0x97, 0xB7, 0x1D, 0xA6, 0x9B, 0xA6, 0x9B, 0x96, 0x7A, 0x85, 0xF8, 0x7D, 0x77,
    0x75, 0x56, 0x7D, 0x77, 0x7D, 0x77, 0x7D, 0x97, 0x7D, 0x97, 0x75, 0x36, 0x6D, 0x15, 0x7D, 0x56,
    0x75, 0x36, 0x64, 0x93, 0x5C, 0x52, 0x54, 0x11, 0x4B, 0xD0, 0x53, 0xF0, 0x53, 0xF0, 0x4B, 0xAF,
    0x43, 0x6E, 0x43, 0x4E, 0x2A, 0xAC, 0x3B, 0x2D, 0x43, 0x4E, 0x3B, 0x0D, 0x53, 0x8F, 0x3A, 0xED,
    0x32, 0xAB, 0x32, 0xAB, 0x19, 0xA7, 0x19, 0xA8, 0x22, 0x29, 0x32, 0xAB, 0x3A, 0xCC, 0x32, 0x8B,
    0x22, 0x29, 0x19, 0xA7, 0x2A, 0x09, 0x19, 0xA7, 0x19, 0x86, 0x19, 0x66, 0x19, 0x66, 0x19, 0x66,
    0x19, 0x46, 0x19, 0x86, 0x11, 0x04, 0x00, 0x83, 0x00, 0x62, 0x00, 0x62, 0x08, 0xA3, 0x08, 0xA3,
    0x08, 0x83, 0x10, 0xA3, 0x08, 0x82, 0x08, 0x62, 0x08, 0x62, 0x08, 0x62, 0x08, 0x62, 0x22, 0x08,
    0x11, 0x45, 0x08, 0xA3, 0x08, 0x83, 0x08, 0x83, 0x08, 0x83, 0x08, 0x83, 0x08, 0x83, 0x08, 0xA3,
    0x08, 0xC3, 0x21, 0xE8, 0x19, 0xE8, 0x22, 0x29, 0x32, 0x8B, 0x22, 0x29, 0x19, 0xE8, 0x11, 0x25,
    0x11, 0x46, 0x09, 0x05, 0x19, 0x87, 0x11, 0x25, 0x08, 0xC4, 0x08, 0xC4, 0x10, 0xC4, 0x10, 0xE5,
    0x19, 0x66, 0x2A, 0x29, 0x32, 0x6A, 0x2A, 0x4A, 0x32, 0x8B, 0x43, 0x2D, 0x4B, 0x6E, 0x2A, 0x6B,
    0x2A, 0x4A, 0x2A, 0x4A, 0x32, 0x8B, 0x32, 0x8B, 0x32, 0xCC, 0x3B, 0x2D, 0x4B, 0x8F, 0x53, 0xF0,
    0x4B, 0x8F, 0x32, 0xCC, 0x53, 0x6F, 0x32, 0x8B, 0x4B, 0x6F, 0x43, 0x2E, 0x3B, 0x2D, 0x32, 0xCC,
    0x54, 0x11, 0x64, 0x93, 0x6C, 0xB4, 0x85, 0x97, 0x7D, 0x76, 0x64, 0x93, 0x6C, 0xF4, 0x6C, 0xF5,
    0x8D, 0xD8, 0x8D, 0xD8, 0x74, 0xF5, 0x8D, 0xB8, 0x8D, 0xD8, 0x85, 0xD8, 0x8D, 0xF8, 0x8D, 0xF8,
    0x8D, 0xF8, 0x8E, 0x19, 0x96, 0x19, 0x96, 0x39, 0x9E, 0x5A, 0x9E, 0x7A, 0xA6, 0x9B, 0xAE, 0xBB,
    0xA6, 0xBB, 0xAE, 0xBB, 0xAE, 0xBB, 0xA6, 0xBB, 0xAE, 0xBB, 0xAE, 0xBB, 0xA6, 0xBB, 0xA6, 0xBB,
    0xAE, 0xFC, 0xAE, 0xBB, 0xB7, 0x1C, 0xBF, 0x1C, 0xBF, 0x3D, 0xBF, 0x3D, 0xC7, 0x5D, 0xCF, 0x7E,
    0xC7, 0x5D, 0xC7, 0x5E, 0xC7, 0x5D, 0xCF, 0x5E, 0xC7, 0x5E, 0x95, 0xD8, 0x8D, 0x76, 0xBF, 0x1D,
    0xAE, 0xDC, 0xAE, 0xDC, 0x9E, 0x7A, 0x8E, 0x39, 0x85, 0xF8, 0x75, 0x56, 0x75, 0x36, 0x75, 0x36,
    0x75, 0x35, 0x75, 0x56, 0x75, 0x36, 0x6C, 0xF5, 0x75, 0x15, 0x75, 0x15, 0x64, 0xB3, 0x54, 0x32,
    0x53, 0xF1, 0x4B, 0xD0, 0x53, 0xF1, 0x5C, 0x31, 0x5C, 0x31, 0x54, 0x11, 0x53, 0xF1, 0x5C, 0x32,
    0x4B, 0xB0, 0x43, 0x6E, 0x2A, 0x8B, 0x22, 0x6A, 0x2A, 0x6B, 0x2A, 0x6A, 0x22, 0x29, 0x32, 0x6B,
    0x3A, 0xCC, 0x32, 0x8B, 0x19, 0xC8, 0x22, 0x29, 0x22, 0x09, 0x32, 0x8B, 0x32, 0xCC, 0x32, 0x8A,
    0x21, 0xE8, 0x19, 0xA7, 0x19, 0x66, 0x11, 0x46, 0x19, 0x66, 0x19, 0xA7, 0x32, 0x4A, 0x21, 0xC7,
    0x19, 0x66, 0x19, 0x46, 0x08, 0xA4, 0x00, 0x82, 0x00, 0x62, 0x08, 0x42, 0x10, 0x62, 0x08, 0x82,
    0x08, 0x62, 0x08, 0x62, 0x08, 0x62, 0x08, 0x62, 0x2A, 0x09, 0x11, 0x25, 0x08, 0x83, 0x08, 0x82,
    0x08, 0x83, 0x08, 0xA3, 0x08, 0x83, 0x08, 0x82, 0x08, 0x83, 0x08, 0xE4, 0x2A, 0x09, 0x21, 0xC8,
    0x19, 0xA8, 0x21, 0xC8, 0x19, 0x87, 0x19, 0x87, 0x19, 0x87, 0x19, 0x66, 0x09, 0x05, 0x21, 0xA7,
    0x08, 0xE4, 0x08, 0xC4, 0x08, 0xA3, 0x10, 0xE4, 0x09, 0x25, 0x22, 0x08, 0x32, 0xAB, 0x2A, 0x8A,
    0x22, 0x2A, 0x32, 0xCC, 0x43, 0x4D, 0x3B, 0x2D, 0x2A, 0x8B, 0x2A, 0x8B, 0x32, 0x8B, 0x32, 0x8B,
    0x32, 0xAB, 0x3A, 0xEC, 0x43, 0x2E, 0x4B, 0x8F, 0x53, 0xF0, 0x3A, 0xEC, 0x32, 0xAC, 0x43, 0x0D,
    0x22, 0x09, 0x3A, 0xCC, 0x53, 0xD0, 0x32, 0xEC, 0x5C, 0x11, 0x4B, 0x8F, 0x4B, 0xD0, 0x64, 0x93,
    0x5C, 0x52, 0x5C, 0x73, 0x7D, 0x76, 0x7D, 0x97, 0x85, 0xD8, 0x85, 0xD8, 0x85, 0xB7, 0x4B, 0xD0,
    0x85, 0xB8, 0x8D, 0xF8, 0x85, 0xD8, 0x8E, 0x19, 0x8D, 0xF8, 0x8D, 0xF8, 0x8E, 0x19, 0x96, 0x39,
    0x96, 0x39, 0x9E, 0x5A, 0x9E, 0x9A, 0xA6, 0x9B, 0xAE, 0xDB, 0xAE, 0xBB, 0xAE, 0xDB, 0xAE, 0xDC,
    0xAE, 0xDB, 0xAE, 0xDC, 0xAE, 0xDC, 0xAE, 0xBB, 0xA6, 0xBB, 0xAE, 0xFC, 0xAE, 0xDC, 0xB6, 0xFC,
    0xB7, 0x1C, 0xC7, 0x5D, 0xC7, 0x5D, 0xC7, 0x3D, 0xCF, 0x7E, 0xCF, 0x7E, 0xC7, 0x5D, 0xC7, 0x5E,
    0xCF, 0x7E, 0xCF, 0x5E, 0x53, 0xAF, 0x95, 0xB7, 0xBF, 0x3D, 0xB6, 0xFC, 0xAE, 0xBB, 0x9E, 0x5A,
    0x96, 0x59, 0x8E, 0x39, 0x7D, 0x97, 0x75, 0x36, 0x6D, 0x15, 0x64, 0xB4, 0x64, 0xD4, 0x75, 0x35,
    0x6C, 0xF5, 0x64, 0xB4, 0x64, 0xD4, 0x64, 0xB4, 0x5C, 0x32, 0x54, 0x11, 0x53, 0xF0, 0x53, 0xF1,
    0x54, 0x11, 0x5C, 0x31, 0x54, 0x11, 0x54, 0x11, 0x53, 0xF1, 0x53, 0xF1, 0x54, 0x11, 0x4B, 0xAF,
    0x3A, 0xED, 0x3B, 0x0D, 0x32, 0xCC, 0x3B, 0x0D, 0x3B, 0x0D, 0x32, 0xAC, 0x32, 0xAC, 0x22, 0x29,
    0x2A, 0x4A, 0x3B, 0x0D, 0x3B, 0x0C, 0x3B, 0x2D, 0x42, 0xED, 0x21, 0xE8, 0x19, 0xA7, 0x19, 0x86,
    0x19, 0x66, 0x19, 0x66, 0x19, 0xA7, 0x32, 0x8A, 0x22, 0x08, 0x19, 0xA7, 0x2A, 0x09, 0x21, 0x87,
    0x11, 0x25, 0x08, 0xC3, 0x00, 0x62, 0x08, 0x62, 0x08, 0x82, 0x08, 0x62, 0x08, 0x62, 0x08, 0x62,
    0x08, 0x62, 0x29, 0xE8, 0x11, 0x25, 0x08, 0x83, 0x08, 0x82, 0x08, 0x83, 0x08, 0x83, 0x08, 0x83,
    0x08, 0x82, 0x08, 0x83, 0x10, 0xE4, 0x21, 0xC8, 0x11, 0x66, 0x11, 0x46, 0x11, 0x46, 0x19, 0x87,
    0x2A, 0x09, 0x21, 0xA7, 0x11, 0x45, 0x11, 0x05, 0x21, 0xA7, 0x08, 0xE4, 0x08, 0xE4, 0x08, 0xA3,
    0x10, 0xE4, 0x19, 0xC8, 0x32, 0xAB, 0x32, 0xEC, 0x22, 0x6A, 0x22, 0x4A, 0x32, 0xEC, 0x3B, 0x2D,
    0x33, 0x0C, 0x2A, 0x4A, 0x2A, 0x6A, 0x2A, 0x6B, 0x32, 0x8B, 0x32, 0xCC, 0x3B, 0x0D, 0x43, 0x6E,
    0x4B, 0x8F, 0x4B, 0x8F, 0x22, 0x6A, 0x53, 0x8F, 0x2A, 0x2A, 0x43, 0x2D, 0x53, 0xB0, 0x32, 0xEC,
    0x43, 0x6E, 0x4B, 0xB0, 0x64, 0x93, 0x64, 0xB4, 0x6C, 0xF5, 0x7D, 0x56, 0x7D, 0x76, 0x7D, 0xB7,
    0x7D, 0x97, 0x85, 0xD8, 0x85, 0xB7, 0x8D, 0xD8, 0x3B, 0x4E, 0x85, 0x76, 0x8D, 0xD8, 0x8D, 0xF8,
    0x85, 0xD8, 0x8D, 0xF8, 0x8D, 0xF9, 0x8E, 0x19, 0x96, 0x39, 0x96, 0x59, 0x9E, 0x7A, 0xA6, 0x9B,
    0xA6, 0xBB, 0xAE, 0xBB, 0xA6, 0xBB, 0xAE, 0xDC, 0xB6, 0xFC, 0xAE, 0xDB, 0xAE, 0xDB, 0xB6, 0xFC,
    0xAE, 0xDB, 0xAE, 0xDC, 0xAE, 0xBB, 0xB7, 0x1C, 0xB6, 0xFC, 0xBF, 0x1C, 0xC7, 0x5D, 0xC7, 0x5E,
    0xC7, 0x5D, 0xC7, 0x5D, 0xCF, 0x9E, 0xCF, 0x5E, 0xCF, 0x7E, 0xC7, 0x5D, 0xCF, 0x3D, 0x2A, 0x4A,
    0x85, 0x15, 0xC7, 0x5E, 0xB7, 0x1D, 0xAE, 0xBB, 0x9E, 0x7A, 0x96, 0x7A, 0x8E, 0x39, 0x85, 0xB7,
    0x7D, 0x97, 0x75, 0x36, 0x6D, 0x15, 0x6D, 0x15, 0x6C, 0xF5, 0x64, 0xB4, 0x64, 0xB4, 0x64, 0xB4,
    0x5C, 0x93, 0x5C, 0x32, 0x54, 0x11, 0x54, 0x11, 0x5C, 0x31, 0x5C, 0x52, 0x5C, 0x52, 0x54, 0x11,
    0x4B, 0xD0, 0x54, 0x11, 0x5C, 0x52, 0x54, 0x11, 0x53, 0xF0, 0x43, 0x6E, 0x3A, 0xED, 0x22, 0x4A,
    0x43, 0x2D, 0x3B, 0x0D, 0x32, 0xAB, 0x32, 0xAB, 0x3A, 0xEC, 0x19, 0xE8, 0x2A, 0x6A, 0x43, 0x2D,
    0x43, 0x6E, 0x3B, 0x0D, 0x21, 0xE8, 0x19, 0xA7, 0x19, 0x87, 0x19, 0x66, 0x11, 0x66, 0x19, 0x87,
    0x3A, 0xAB, 0x22, 0x28, 0x09, 0x66, 0x2A, 0x29, 0x32, 0x6A, 0x32, 0x6A, 0x19, 0xA7, 0x08, 0xE4,
    0x00, 0x82, 0x08, 0x82, 0x08, 0x62, 0x08, 0x62, 0x08, 0x62, 0x08, 0x62, 0x21, 0xA7, 0x10, 0xE4,
    0x08, 0x62, 0x08, 0x83, 0x08, 0x83, 0x08, 0x83, 0x08, 0x83, 0x08, 0x83, 0x08, 0xA3, 0x08, 0xC4,
    0x19, 0x86, 0x19, 0xC7, 0x22, 0x09, 0x21, 0xC8, 0x19, 0x87, 0x19, 0xA7, 0x19, 0x66, 0x08, 0xE4,
    0x19, 0x66, 0x21, 0x87, 0x08, 0xE4, 0x08, 0xE4, 0x08, 0xE4, 0x11, 0x05, 0x22, 0x09, 0x32, 0xAB,
    0x2A, 0xAB, 0x1A, 0x29, 0x2A, 0x8B, 0x3A, 0xCC, 0x3B, 0x0D, 0x3A, 0xEC, 0x2A, 0x8B, 0x32, 0x8B,
    0x2A, 0x6B, 0x32, 0x8B, 0x32, 0xCC, 0x3B, 0x0D, 0x43, 0x4E, 0x43, 0x4E, 0x43, 0x4E, 0x19, 0xE8,
    0x09, 0x66, 0x22, 0x49, 0x2A, 0x8B, 0x32, 0xCC, 0x32, 0xEC, 0x4B, 0xAF, 0x5C, 0x32, 0x54, 0x11,
    0x54, 0x32, 0x64, 0xD4, 0x75, 0x35, 0x75, 0x56, 0x85, 0x97, 0x8D, 0xF8, 0x85, 0xB7, 0x8D, 0xF8,
    0x85, 0x97, 0x2A, 0xAB, 0x75, 0x15, 0x85, 0xB7, 0x8E, 0x19, 0x85, 0xF8, 0x8E, 0x19, 0x8E, 0x19,
    0x96, 0x19, 0x96, 0x39, 0x96, 0x5A, 0x9E, 0x7A, 0xA6, 0x9B, 0xA6, 0x9B, 0xAE, 0xBB, 0xAE, 0xBB,
    0xB6, 0xFC, 0xB6, 0xFC, 0xA6, 0x9B, 0xA6, 0xBB, 0xB6, 0xFC, 0xB6, 0xFC, 0xAE, 0xDC, 0x9E, 0x59,
    0xB7, 0x1D, 0xBF, 0x1C, 0xBF, 0x3D, 0xC7, 0x5D, 0xC7, 0x5D, 0xC7, 0x5E, 0xC7, 0x5E, 0xCF, 0x7E,
    0xC7, 0x5D, 0xCF, 0x7E, 0xC7, 0x3D, 0xCF, 0x5E, 0x32, 0x6A, 0x5B, 0x8F, 0xB6, 0xFC, 0xBF, 0x3D,
    0xAE, 0xFC, 0xA6, 0x9B, 0x9E, 0x7A, 0x8E, 0x39, 0x85, 0xF8, 0x85, 0xD8, 0x7D, 0x77, 0x7D, 0x97,
    0x7D, 0x76, 0x6D, 0x15, 0x64, 0xD4, 0x6C, 0xD4, 0x64, 0xD4, 0x5C, 0x93, 0x5C, 0x52, 0x53, 0xF1,
    0x4B, 0xD0, 0x53, 0xF0, 0x5C, 0x31, 0x5C, 0x52, 0x54, 0x32, 0x54, 0x31, 0x54, 0x11, 0x5C, 0x32,
    0x4B, 0xD0, 0x4B, 0xD0, 0x4B, 0xAF, 0x43, 0x4E, 0x2A, 0x8B, 0x3A, 0xCC, 0x4B, 0x8F, 0x4B, 0x6E,
    0x32, 0x8B, 0x43, 0x0D, 0x2A, 0x4A, 0x22, 0x09, 0x3B, 0x2D, 0x32, 0xCC, 0x3A, 0xED, 0x22, 0x09,
    0x21, 0xE8, 0x19, 0x86, 0x11, 0x46, 0x11, 0x46, 0x19, 0x87, 0x3A, 0xAB, 0x19, 0xC7, 0x19, 0xC8,
    0x3A, 0xCC, 0x2A, 0x8B, 0x2A, 0x6A, 0x22, 0x09, 0x11, 0x46, 0x00, 0xA3, 0x08, 0x82, 0x08, 0x62,
    0x08, 0x62, 0x08, 0x62, 0x08, 0x62, 0x19, 0x86, 0x08, 0xE4, 0x08, 0x83, 0x10, 0x83, 0x08, 0xA3,
    0x08, 0x82, 0x08, 0x83, 0x08, 0xA3, 0x08, 0x83, 0x11, 0x46, 0x2A, 0x49, 0x32, 0x8A, 0x2A, 0x6A,
    0x11, 0x87, 0x11, 0x45, 0x19, 0x86, 0x11, 0x45, 0x08, 0xE4, 0x29, 0xE8, 0x19, 0x66, 0x00, 0xA3,
    0x00, 0xA3, 0x09, 0x04, 0x19, 0x46, 0x2A, 0x4A, 0x32, 0x6B, 0x2A, 0x8B, 0x22, 0x29, 0x3A, 0xED,
    0x3A, 0xCC, 0x3A, 0xED, 0x3A, 0xED, 0x2A, 0x6B, 0x2A, 0x6A, 0x2A, 0x4A, 0x2A, 0x6B, 0x32, 0xCC,
    0x3B, 0x0D, 0x43, 0x4E, 0x43, 0x6E, 0x3A, 0xAC, 0x19, 0xC8, 0x4B, 0x4E, 0x43, 0x2D, 0x53, 0xAF,
    0x53, 0xCF, 0x4B, 0x8F, 0x5C, 0x31, 0x5C, 0x32, 0x54, 0x32, 0x6C, 0xD4, 0x75, 0x35, 0x7D, 0x76,
    0x7D, 0x97, 0x7D, 0x76, 0x85, 0xB7, 0x85, 0xB7, 0x85, 0xB7, 0x5C, 0x52, 0x12, 0x09, 0x8D, 0xB8,
    0x8D, 0xF9, 0x85, 0xB7, 0x85, 0xF8, 0x8E, 0x19, 0x8E, 0x19, 0x96, 0x19, 0x96, 0x39, 0x96, 0x5A,
    0x9E, 0x7A, 0xA6, 0x9B, 0xA6, 0x9B, 0xAE, 0xBB, 0xAE, 0xDB, 0xB7, 0x1C, 0xB6, 0xFC, 0xA6, 0x7A,
    0xA6, 0x7A, 0xAE, 0xFC, 0xB6, 0xFC, 0xAE, 0xDC, 0x8D, 0xF8, 0xB7, 0x1D, 0xBF, 0x1D, 0xBF, 0x3D,
    0xC7, 0x3D, 0xC7, 0x3D, 0xCF, 0x5E, 0xCF, 0x7E, 0xC7, 0x5E, 0xC7, 0x3D, 0xCF, 0x7E, 0xC7, 0x3D,
    0xD7, 0x9E, 0x4B, 0x2D, 0x2A, 0x09, 0xA6, 0x39, 0xBF, 0x1D, 0xB7, 0x1C, 0xA6, 0x9A, 0x96, 0x5A,
    0x8E, 0x19, 0x8E, 0x19, 0x85, 0xB7, 0x7D, 0x97, 0x75, 0x56, 0x75, 0x36, 0x7D, 0x76, 0x75, 0x36,
    0x64, 0xB4, 0x5C, 0x93, 0x6C, 0xF5, 0x64, 0x73, 0x54, 0x11, 0x4B, 0xD0, 0x53, 0xF1, 0x5C, 0x52,
    0x5C, 0x72, 0x5C, 0x52, 0x54, 0x31, 0x5C, 0x52, 0x5C, 0x52, 0x54, 0x32, 0x53, 0xF1, 0x4B, 0xD0,
    0x4B, 0x8F, 0x3A, 0xEC, 0x22, 0x29, 0x32, 0xCC, 0x43, 0x2D, 0x3A, 0xAC, 0x2A, 0x09, 0x32, 0x4A,
    0x19, 0xC8, 0x32, 0x8B, 0x3B, 0x0D, 0x3B, 0x2E, 0x22, 0x29, 0x21, 0xE8, 0x19, 0x87, 0x19, 0x66,
    0x19, 0x87, 0x11, 0x46, 0x21, 0xE9, 0x29, 0xE8, 0x19, 0xA7, 0x3A, 0xCC, 0x2A, 0xAB, 0x2A, 0x8B,
    0x22, 0x4A, 0x21, 0xE8, 0x21, 0xA7, 0x08, 0x82, 0x08, 0x82, 0x08, 0x62, 0x00, 0x62, 0x08, 0x62,
    0x19, 0x45, 0x08, 0xA3, 0x08, 0xA3, 0x08, 0x82, 0x08, 0x82, 0x08, 0x83, 0x08, 0x82, 0x08, 0xA2,
    0x08, 0x83, 0x19, 0x86, 0x2A, 0x8A, 0x32, 0xAB, 0x32, 0x8B, 0x19, 0xE8, 0x11, 0x66, 0x11, 0x05,
    0x00, 0xC4, 0x21, 0xA7, 0x21, 0x86, 0x08, 0xE4, 0x08, 0xC3, 0x08, 0xC4, 0x09, 0x05, 0x21, 0xE8,
    0x2A, 0x29, 0x22, 0x09, 0x32, 0xAB, 0x22, 0x4A, 0x3B, 0x0D, 0x3B, 0x2D, 0x32, 0xEC, 0x32, 0xEC,
    0x2A, 0x4A, 0x32, 0x8B, 0x22, 0x4A, 0x2A, 0x6B, 0x3A, 0xEC, 0x3B, 0x0D, 0x43, 0x2D, 0x43, 0x2D,
    0x11, 0x87, 0x4B, 0x4E, 0x4B, 0x8F, 0x4B, 0xAF, 0x4B, 0xAF, 0x43, 0x6E, 0x43, 0x6F, 0x53, 0xD0,
    0x5C, 0x52, 0x75, 0x15, 0x6C, 0xF5, 0x7D, 0x56, 0x7D, 0x56, 0x75, 0x56, 0x85, 0xD8, 0x7D, 0x77,
    0x85, 0x98, 0x7D, 0xD8, 0x2A, 0x6A, 0x42, 0xAB, 0x8E, 0x18, 0x7E, 0x18, 0x85, 0xF8, 0x95, 0xF8,
    0x85, 0xF8, 0x8E, 0x39, 0x96, 0x39, 0x96, 0x5A, 0x9E, 0x7A, 0x9E, 0x7A, 0x9E, 0x7A, 0xA6, 0xBB,
    0xAE, 0xDB, 0xB6, 0xFC, 0xB6, 0xFC, 0xBF, 0x1D, 0xB6, 0xFC, 0x85, 0x56, 0xBF, 0x3D, 0xBE, 0xFC,
    0xBF, 0x3D, 0x64, 0x72, 0xBF, 0x1C, 0xBF, 0x3D, 0xB6, 0xFC, 0xC7, 0x5D, 0xC7, 0x5E, 0xC7, 0x7E,
    0xB6, 0xBB, 0xA6, 0x19, 0xCF, 0x7D, 0xD7, 0x7E, 0xB6, 0xBB, 0xCF, 0x5E, 0x95, 0x96, 0x19, 0x86,
    0x4B, 0x6E, 0xB6, 0xFC, 0xAE, 0xDB, 0xA6, 0xBB, 0x9E, 0x5A, 0x96, 0x1A, 0x85, 0xD8, 0x85, 0xD7,
    0x85, 0xB7, 0x7D, 0x76, 0x75, 0x35, 0x75, 0x15, 0x6D, 0x15, 0x6C, 0xF4, 0x64, 0xB4, 0x64, 0x93,
    0x6C, 0xF4, 0x54, 0x11, 0x4B, 0xF0, 0x4B, 0xD0, 0x64, 0x73, 0x5C, 0x52, 0x64, 0x73, 0x5C, 0x32,
    0x5C, 0x72, 0x5C, 0x52, 0x54, 0x31, 0x4B, 0xD0, 0x4B, 0xD0, 0x4B, 0xD0, 0x43, 0x8F, 0x43, 0x4E,
    0x2A, 0x6A, 0x2A, 0x4A, 0x22, 0x2A, 0x22, 0x4A, 0x22, 0x29, 0x19, 0xC8, 0x22, 0x09, 0x42, 0xED,
    0x43, 0x4D, 0x2A, 0x4A, 0x21, 0xE8, 0x19, 0xC7, 0x19, 0x86, 0x11, 0x46, 0x19, 0x66, 0x21, 0xE8,
    0x2A, 0x49, 0x19, 0xA7, 0x3A, 0xCC, 0x32, 0xAB, 0x2A, 0x4A, 0x2A, 0x6A, 0x21, 0xE8, 0x2A, 0x09,
    0x19, 0x04, 0x08, 0x83, 0x00, 0x41, 0x08, 0x62, 0x00, 0x62, 0x19, 0x25, 0x08, 0xA3, 0x08, 0xA3,
    0x08, 0x82, 0x08, 0x82, 0x08, 0x83, 0x08, 0x82, 0x08, 0xA2, 0x10, 0xA3, 0x19, 0xC7, 0x2A, 0xAA,
    0x32, 0xAB, 0x32, 0x8B, 0x1A, 0x08, 0x11, 0x66, 0x10, 0xC4, 0x08, 0xE4, 0x19, 0x66, 0x11, 0x25,
    0x08, 0xA3, 0x08, 0xC3, 0x08, 0xC4, 0x11, 0x25, 0x22, 0x08, 0x2A, 0x4A, 0x2A, 0x4A, 0x32, 0x8B,
    0x1A, 0x09, 0x3A, 0xEC, 0x43, 0x2D, 0x32, 0xEC, 0x32, 0xEC, 0x2A, 0x6A, 0x22, 0x09, 0x2A, 0x8B,
    0x2A, 0x6A, 0x3B, 0x0D, 0x3B, 0x0D, 0x32, 0xCB, 0x09, 0x66, 0x3A, 0xCC, 0x43, 0x4E, 0x43, 0x4E,
    0x4B, 0xD0, 0x43, 0x6E, 0x3B, 0x4E, 0x53, 0xF1, 0x64, 0x73, 0x6C, 0xD4, 0x75, 0x15, 0x75, 0x15,
    0x7D, 0x56, 0x75, 0x56, 0x7D, 0x77, 0x75, 0x56, 0x85, 0xB8, 0x85, 0xD8, 0x4B, 0xD0, 0x19, 0xA7,
    0x63, 0xF0, 0x85, 0xD8, 0x86, 0x39, 0x85, 0xF8, 0x95, 0xF8, 0x8E, 0x39, 0x8E, 0x39, 0x8E, 0x19,
    0x96, 0x39, 0x9E, 0x7A, 0xA6, 0x9B, 0xA6, 0x9B, 0xA6, 0x9B, 0xA6, 0x9A, 0xB6, 0xFC, 0xB7, 0x3D,
    0xAE, 0xDC, 0xB6, 0xFC, 0x74, 0xF4, 0xAE, 0x9B, 0xC7, 0x3D, 0x9E, 0x59, 0x64, 0x52, 0xA6, 0x7A,
    0xAE, 0xBB, 0x9E, 0x39, 0xC7, 0x5D, 0xB6, 0xDB, 0xA6, 0x5A, 0x74, 0xD4, 0x95, 0x97, 0xD7, 0x7E,
    0xBE, 0xDB, 0xB6, 0x7A, 0xCF, 0x5E, 0xC6, 0xDC, 0x19, 0x66, 0x21, 0xE9, 0x6C, 0x72, 0xB7, 0x1C,
    0xAE, 0xFC, 0x96, 0x5A, 0x9E, 0x7B, 0x8D, 0xD8, 0x8D, 0xF8, 0x85, 0xF8, 0x85, 0xD8, 0x7D, 0x97,
    0x7D, 0x76, 0x75, 0x56, 0x6D, 0x15, 0x64, 0xB4, 0x5C, 0x73, 0x5C, 0x93, 0x5C, 0x52, 0x5C, 0x52,
    0x4B, 0xD0, 0x5C, 0x32, 0x64, 0x73, 0x64, 0xB3, 0x54, 0x31, 0x5C, 0x52, 0x5C, 0x52, 0x54, 0x31,
    0x53, 0xF0, 0x4B, 0xD0, 0x4B, 0xD0, 0x4B, 0xAF, 0x43, 0x6F, 0x43, 0x4E, 0x43, 0x2D, 0x3B, 0x0D,
    0x3B, 0x0D, 0x3A, 0xCC, 0x22, 0x29, 0x21, 0xE8, 0x2A, 0x4A, 0x43, 0x0D, 0x2A, 0x4A, 0x22, 0x08,
    0x21, 0xE8, 0x19, 0xA7, 0x19, 0x66, 0x19, 0x66, 0x21, 0xC7, 0x2A, 0x29, 0x19, 0xC8, 0x3A, 0xCC,
    0x32, 0x8B, 0x2A, 0x4A, 0x32, 0x8B, 0x2A, 0x29, 0x21, 0xE8, 0x11, 0x05, 0x08, 0xA3, 0x08, 0x62,
    0x08, 0x62, 0x00, 0x62, 0x19, 0x25, 0x08, 0xA3, 0x08, 0x83, 0x08, 0x82, 0x08, 0x82, 0x08, 0x83,
    0x08, 0x82, 0x08, 0xA3, 0x10, 0xA3, 0x21, 0xE8, 0x2A, 0x8B, 0x32, 0x8B, 0x32, 0x6B, 0x22, 0x09,
    0x19, 0xA7, 0x08, 0xC4, 0x11, 0x05, 0x19, 0x45, 0x08, 0xC3, 0x08, 0xC3, 0x10, 0xE4, 0x08, 0xE4,
    0x19, 0xA7, 0x32, 0x8A, 0x32, 0xAB, 0x2A, 0x6A, 0x32, 0xAB, 0x22, 0x29, 0x2A, 0x8B, 0x3A, 0xCC,
    0x32, 0xCC, 0x22, 0x2A, 0x22, 0x09, 0x32, 0x8B, 0x2A, 0x4A, 0x32, 0x8B, 0x32, 0x8B, 0x3A, 0xEC,
    0x09, 0x46, 0x32, 0x6A, 0x43, 0x2D, 0x4B, 0x6E, 0x3B, 0x2E, 0x43, 0x6E, 0x3B, 0x4E, 0x4B, 0xD0,
    0x64, 0x73, 0x64, 0x93, 0x6C, 0xF5, 0x6C, 0xF5, 0x75, 0x15, 0x75, 0x15, 0x75, 0x36, 0x75, 0x76,
    0x75, 0x76, 0x85, 0xD8, 0x64, 0xB3, 0x32, 0x6B, 0x09, 0x25, 0x85, 0x55, 0x8D, 0xF8, 0x85, 0xF8,
    0x85, 0xF8, 0x8D, 0xF9, 0x8D, 0xF8, 0x96, 0x39, 0x9E, 0x7A, 0x9E, 0x7A, 0x9E, 0x5A, 0x9E, 0x7A,
    0xA6, 0x9B, 0xAE, 0xDC, 0xB6, 0xFC, 0xB6, 0xFC, 0xB7, 0x1C, 0xB7, 0x1C, 0x9E, 0x39, 0x5C, 0x11,
    0xA6, 0x7A, 0xC7, 0x3E, 0x7D, 0x35, 0x5C, 0x11, 0x8D, 0x97, 0x5C, 0x11, 0x85, 0x56, 0xAE, 0xBC,
    0x7D, 0x35, 0x75, 0x15, 0x95, 0xD8, 0x8D, 0x76, 0xCF, 0x5D, 0x85, 0x35, 0xBE, 0xDC, 0xAE, 0x39,
    0xC6, 0xFC, 0x2A, 0x08, 0x11, 0x87, 0x32, 0xCC, 0x8D, 0x96, 0xA6, 0x7A, 0x96, 0x39, 0x96, 0x5A,
    0x96, 0x3A, 0x8E, 0x19, 0x85, 0xB7, 0x85, 0xD8, 0x85, 0xB7, 0x7D, 0x97, 0x7D, 0x77, 0x75, 0x36,
    0x6C, 0xF5, 0x64, 0xB3, 0x5C, 0x52, 0x5C, 0x52, 0x5C, 0x72, 0x4B, 0xD0, 0x54, 0x11, 0x64, 0x72,
    0x6C, 0xB4, 0x5C, 0x32, 0x5C, 0x52, 0x5C, 0x52, 0x54, 0x31, 0x53, 0xF1, 0x4B, 0xD0, 0x4B, 0xD0,
    0x4B, 0xD0, 0x4B, 0xB0, 0x4B, 0x8F, 0x4B, 0x8F, 0x4B, 0x6E, 0x43, 0x6E, 0x43, 0x2D, 0x32, 0x6A,
    0x21, 0xC8, 0x19, 0xA7, 0x32, 0x8B, 0x2A, 0x4A, 0x21, 0xE8, 0x2A, 0x29, 0x19, 0xA7, 0x19, 0x66,
    0x19, 0x66, 0x19, 0x87, 0x21, 0xC8, 0x19, 0xA7, 0x32, 0x6A, 0x2A, 0x6A, 0x2A, 0x6A, 0x2A, 0x8B,
    0x2A, 0x4A, 0x21, 0xE8, 0x11, 0x25, 0x08, 0xA3, 0x08, 0x62, 0x08, 0x62, 0x08, 0x62, 0x19, 0x05,
    0x08, 0xA3, 0x08, 0x83, 0x08, 0x82, 0x08, 0x82, 0x08, 0x83, 0x08, 0x82, 0x08, 0xA3, 0x10, 0xC4,
    0x2A, 0x29, 0x2A, 0xAB, 0x2A, 0x6A, 0x2A, 0x4A, 0x22, 0x09, 0x19, 0xC7, 0x08, 0xC4, 0x10, 0xE4,
    0x19, 0x25, 0x08, 0xC3, 0x08, 0xC3, 0x08, 0xC3, 0x00, 0xC3, 0x21, 0xC8, 0x32, 0xAB, 0x2A, 0x6A,
    0x2A, 0x6A, 0x22, 0x49, 0x11, 0xA7, 0x2A, 0x4A, 0x32, 0x6B, 0x2A, 0x4A, 0x32, 0x8B, 0x22, 0x09,
    0x22, 0x2A, 0x2A, 0x2A, 0x32, 0x6B, 0x3A, 0xCC, 0x09, 0x46, 0x2A, 0x4A, 0x3A, 0xAB, 0x3A, 0xED,
    0x4B, 0x8F, 0x3B, 0x0D, 0x3B, 0x0D, 0x43, 0x8F, 0x5C, 0x31, 0x5C, 0x52, 0x5C, 0x72, 0x64, 0xB4,
    0x6C, 0xD4, 0x6C, 0xF5, 0x6C, 0xF4, 0x75, 0x56, 0x75, 0x35, 0x85, 0xB7, 0x6C, 0xF4, 0x33, 0x0C,
    0x21, 0x67, 0x32, 0x4A, 0x85, 0xF8, 0x8D, 0xF8, 0x85, 0xD8, 0x86, 0x19, 0x8E, 0x19, 0x96, 0x39,
    0x96, 0x39, 0x96, 0x5A, 0x9E, 0x5A, 0x9E, 0x7A, 0xA6, 0x9B, 0xA6, 0x9B, 0x9E, 0x7A, 0xAE, 0xDB,
    0xAE, 0xDB, 0xB6, 0xFC, 0xB6, 0xFC, 0x95, 0xD8, 0x3A, 0xEC, 0x9D, 0xF9, 0xA6, 0x3A, 0x5B, 0xF1,
    0x53, 0xB0, 0x43, 0x6F, 0x4B, 0x90, 0x4B, 0xD0, 0x64, 0x73, 0x6C, 0xD4, 0x6C, 0xD4, 0x6C, 0xB4,
    0x74, 0xD4, 0x7D, 0x15, 0x6C, 0x72, 0x7C, 0xF5, 0x9E, 0x19, 0x95, 0x97, 0x63, 0xAF, 0x19, 0xC8,
    0x11, 0xA7, 0x32, 0xAB, 0xA6, 0x39, 0xAE, 0xBC, 0x96, 0x39, 0x96, 0x19, 0x75, 0x35, 0x7D, 0x97,
    0x85, 0xB7, 0x85, 0xD8, 0x7D, 0x97, 0x7D, 0x77, 0x7D, 0x76, 0x75, 0x36, 0x6C, 0xD4, 0x5C, 0x93,
    0x5C, 0x52, 0x5C, 0x32, 0x4B, 0xD0, 0x54, 0x11, 0x5C, 0x32, 0x64, 0x93, 0x5C, 0x72, 0x5C, 0x52,
    0x5C, 0x52, 0x5C, 0x52, 0x53, 0xF1, 0x4B, 0xD0, 0x4B, 0xB0, 0x4B, 0xD0, 0x53, 0xD0, 0x4B, 0xB0,
    0x4B, 0x8F, 0x43, 0x6F, 0x43, 0x6E, 0x4B, 0x4E, 0x3A, 0xCC, 0x2A, 0x29, 0x19, 0xA7, 0x22, 0x08,
    0x2A, 0x29, 0x21, 0xE8, 0x2A, 0x49, 0x19, 0xA7, 0x19, 0x66, 0x19, 0x66, 0x19, 0x66, 0x19, 0x87,
    0x19, 0x87, 0x2A, 0x29, 0x2A, 0x6A, 0x2A, 0x8B, 0x2A, 0x4A, 0x2A, 0x4A, 0x22, 0x09, 0x11, 0x25,
    0x08, 0xC3, 0x08, 0x62, 0x08, 0x62, 0x08, 0x62, 0x11, 0x05, 0x08, 0x83, 0x08, 0x83, 0x08, 0x82,
    0x08, 0x82, 0x08, 0x83, 0x08, 0x82, 0x08, 0xA3, 0x11, 0x25, 0x32, 0x8A, 0x32, 0xAB, 0x2A, 0x6A,
    0x21, 0xE9, 0x19, 0xC8, 0x19, 0xA7, 0x10, 0xE4, 0x08, 0xC3, 0x11, 0x04, 0x08, 0xA3, 0x08, 0xC3,
    0x10, 0xC4, 0x11, 0x25, 0x32, 0x4A, 0x3A, 0xCB, 0x32, 0x6A, 0x19, 0xC8, 0x22, 0x29, 0x32, 0x6A,
    0x2A, 0x4A, 0x22, 0x29, 0x2A, 0x4A, 0x32, 0x6B, 0x22, 0x29, 0x2A, 0x4A, 0x32, 0x6A, 0x32, 0x4A,
    0x11, 0x66, 0x21, 0xC8, 0x2A, 0x6A, 0x4B, 0x2D, 0x43, 0x6E, 0x43, 0x6E, 0x32, 0xED, 0x3B, 0x4E,
    0x4B, 0xD0, 0x53, 0xF0, 0x54, 0x11, 0x5C, 0x73, 0x64, 0x93, 0x6C, 0xD4, 0x6C, 0xF4, 0x6D, 0x15,
    0x75, 0x35, 0x7D, 0x76, 0x74, 0xF4, 0x3B, 0x2E, 0x19, 0xE8, 0x11, 0x06, 0x74, 0xB4, 0x86, 0x18,
    0x7D, 0x97, 0x96, 0x19, 0x86, 0x19, 0x8E, 0x19, 0x96, 0x39, 0x96, 0x39, 0x96, 0x5A, 0x9E, 0x7A,
    0x9E, 0x7A, 0xA6, 0xBB, 0xA6, 0x9B, 0x9E, 0x5A, 0x8D, 0xB7, 0xB7, 0x1C, 0xB7, 0x1D, 0xBF, 0x3D,
    0x74, 0xD4, 0x32, 0xCC, 0x53, 0xD0, 0x64, 0x32, 0x4B, 0xB0, 0x4B, 0xB0, 0x32, 0xED, 0x4B, 0xB0,
    0x4B, 0xB0, 0x54, 0x12, 0x7D, 0x36, 0x75, 0x16, 0x75, 0x57, 0x6C, 0xD5, 0x5C, 0x53, 0x4B, 0xD1,
    0x5C, 0x12, 0x6C, 0x74, 0x64, 0x12, 0x53, 0x8F, 0x11, 0x87, 0x2A, 0x29, 0x09, 0x45, 0x85, 0x56,
    0x9E, 0x3A, 0x7D, 0x76, 0x54, 0x31, 0x8D, 0xD8, 0x8D, 0xF8, 0x8D, 0xF8, 0x8D, 0xF8, 0x85, 0xB7,
    0x7D, 0x97, 0x7D, 0x97, 0x7D, 0x56, 0x75, 0x15, 0x6C, 0xD4, 0x5C, 0x72, 0x54, 0x31, 0x53, 0xF0,
    0x53, 0xF1, 0x5C, 0x31, 0x64, 0x73, 0x64, 0x93, 0x5C, 0x52, 0x5C, 0x72, 0x5C, 0x52, 0x54, 0x11,
    0x4B, 0xD0, 0x4B, 0xAF, 0x4B, 0xD0, 0x53, 0xD0, 0x53, 0xD0, 0x4B, 0xB0, 0x43, 0x8F, 0x43, 0x6E,
    0x43, 0x4E, 0x43, 0x0D, 0x32, 0x6A, 0x19, 0xC8, 0x19, 0xC7, 0x22, 0x09, 0x21, 0xC8, 0x2A, 0x49,
    0x19, 0xA7, 0x19, 0x86, 0x19, 0x66, 0x19, 0x66, 0x19, 0x66, 0x19, 0xA7, 0x2A, 0x4A, 0x32, 0x8B,
    0x32, 0x8B, 0x2A, 0x4A, 0x2A, 0x6A, 0x2A, 0x29, 0x19, 0x66, 0x08, 0xC4, 0x08, 0x62, 0x08, 0x62,
    0x08, 0x62, 0x10, 0xE4, 0x08, 0x83, 0x08, 0x83, 0x08, 0x82, 0x08, 0x82, 0x08, 0x83, 0x08, 0x82,
    0x08, 0xA3, 0x11, 0x25, 0x32, 0x8A, 0x2A, 0x8A, 0x2A, 0x29, 0x21, 0xA8, 0x19, 0xA7, 0x19, 0xA7,
    0x11, 0x05, 0x10, 0xE4, 0x10, 0xE4, 0x08, 0xA3, 0x08, 0xA3, 0x08, 0xA3, 0x11, 0x05, 0x21, 0xC8,
    0x19, 0xE8, 0x11, 0x86, 0x2A, 0x6A, 0x32, 0x6A, 0x19, 0xC8, 0x21, 0xE8, 0x32, 0x6A, 0x2A, 0x4A,
    0x19, 0xA7, 0x2A, 0x2A, 0x2A, 0x29, 0x2A, 0x09, 0x2A, 0x09, 0x00, 0xE4, 0x2A, 0x2A, 0x4B, 0x4E,
    0x4B, 0x4E, 0x43, 0x6E, 0x32, 0xEC, 0x3A, 0xED, 0x4B, 0xAF, 0x4B, 0x8F, 0x4B, 0xD0, 0x54, 0x31,
    0x5C, 0x72, 0x64, 0x94, 0x64, 0x93, 0x6C, 0xF4, 0x75, 0x56, 0x75, 0x15, 0x85, 0x77, 0x4B, 0x6F,
    0x19, 0xC8, 0x11, 0x45, 0x32, 0x6B, 0x95, 0xD8, 0x7D, 0xD8, 0x8D, 0xF8, 0x8E, 0x18, 0x85, 0xF8,
    0x8E, 0x3A, 0x8E, 0x19, 0x96, 0x39, 0x9E, 0x7B, 0x9E, 0x9B, 0x9E, 0x7A, 0xA6, 0x9B, 0xAE, 0xDC,
    0xA6, 0x9B, 0x6C, 0xB3, 0x8D, 0x97, 0xB6, 0xDC, 0x9E, 0x3A, 0x43, 0x4E, 0x43, 0x2E, 0x43, 0x2F,
    0x5B, 0xF1, 0x5C, 0x33, 0x4B, 0x90, 0x4B, 0xD1, 0x4B, 0xD1, 0x64, 0x94, 0x6C, 0xD5, 0x64, 0xB5,
    0x64, 0x94, 0x54, 0x54, 0x4B, 0xF2, 0x4B, 0xF2, 0x6C, 0xB5, 0x6C, 0xD6, 0x64, 0x54, 0x64, 0x33,
    0x3A, 0xED, 0x21, 0xE8, 0x2A, 0x09, 0x09, 0x05, 0x4B, 0x4E, 0x6C, 0x93, 0x43, 0xD0, 0x8D, 0xF9,
    0x96, 0x19, 0x96, 0x39, 0x8E, 0x39, 0x8D, 0xF8, 0x85, 0xD8, 0x85, 0xB7, 0x7D, 0x97, 0x7D, 0x77,
    0x75, 0x36, 0x6D, 0x15, 0x64, 0xB4, 0x5C, 0x52, 0x53, 0xF1, 0x53, 0xF0, 0x5C, 0x31, 0x64, 0x73,
    0x64, 0x73, 0x5C, 0x52, 0x5C, 0x52, 0x5C, 0x52, 0x5C, 0x31, 0x4B, 0xD0, 0x4B, 0xAF, 0x4B, 0xD0,
    0x53, 0xD0, 0x53, 0xF1, 0x4B, 0xD0, 0x4B, 0xAF, 0x4B, 0x8F, 0x43, 0x6E, 0x43, 0x2D, 0x32, 0xAB,
    0x21, 0xE8, 0x19, 0xA7, 0x21, 0xC8, 0x21, 0xC8, 0x2A, 0x09, 0x19, 0xA7, 0x19, 0x86, 0x19, 0x66,
    0x19, 0x66, 0x19, 0x66, 0x21, 0xE8, 0x32, 0x8B, 0x2A, 0x8B, 0x2A, 0x8B, 0x2A, 0x6A, 0x2A, 0x6A,
    0x22, 0x29, 0x21, 0xA7, 0x10, 0xE4, 0x08, 0x83, 0x08, 0x62, 0x08, 0x62, 0x10, 0xE4, 0x08, 0x83,
    0x08, 0x63, 0x08, 0x82, 0x08, 0x82, 0x08, 0x83, 0x08, 0x82, 0x08, 0xA3, 0x11, 0x26, 0x2A, 0x6A,
    0x22, 0x29, 0x2A, 0x09, 0x21, 0xC8, 0x19, 0xA7, 0x19, 0xA7, 0x11, 0x05, 0x08, 0xC3, 0x08, 0x83,
    0x08, 0xA3, 0x10, 0xE4, 0x11, 0x05, 0x21, 0x87, 0x2A, 0x49, 0x2A, 0x4A, 0x22, 0x08, 0x11, 0x87,
    0x11, 0x86, 0x19, 0xC7, 0x19, 0x87, 0x19, 0xC8, 0x2A, 0x29, 0x2A, 0x29, 0x21, 0xE8, 0x19, 0xC8,
    0x21, 0xC8, 0x11, 0x46, 0x22, 0x08, 0x43, 0x0D, 0x32, 0xAC, 0x3B, 0x0D, 0x32, 0xCC, 0x32, 0xCC,
    0x43, 0x2E, 0x4B, 0x8F, 0x43, 0x6E, 0x53, 0xF1, 0x5C, 0x52, 0x5C, 0x52, 0x64, 0x93, 0x64, 0x93,
    0x6C, 0xF4, 0x75, 0x35, 0x75, 0x35, 0x64, 0x52, 0x21, 0xE9, 0x11, 0x67, 0x11, 0x05, 0x6C, 0xB3,
    0x85, 0xD8, 0x85, 0xB8, 0x8E, 0x59, 0x85, 0xF7, 0x8D, 0xF8, 0x8E, 0x39, 0x96, 0x5A, 0x96, 0x39,
    0x96, 0x3A, 0x96, 0x3A, 0x96, 0x39, 0xA6, 0x9B, 0xAE, 0xDC, 0x9E, 0x7A, 0x7D, 0x15, 0x53, 0xF0,
    0xA6, 0x7A, 0x64, 0x73, 0x32, 0xAD, 0x32, 0xCD, 0x4B, 0x70, 0x5B, 0xF2, 0x5C, 0x53, 0x43, 0x70,
    0x53, 0xF2, 0x75, 0x37, 0x54, 0x13, 0x4B, 0xB1, 0x54, 0x12, 0x4B, 0xF2, 0x4B, 0xD1, 0x5C, 0x33,
    0x64, 0x54, 0x64, 0x74, 0x53, 0xF2, 0x43, 0x70, 0x53, 0xD1, 0x2A, 0x6B, 0x21, 0xE8, 0x08, 0xE4,
    0x00, 0xA3, 0x2A, 0x09, 0x43, 0x4E, 0x8D, 0xF9, 0x96, 0x3A, 0x9E, 0x7A, 0x96, 0x39, 0x8E, 0x19,
    0x85, 0xF8, 0x85, 0xD8, 0x85, 0xB8, 0x7D, 0x97, 0x7D, 0x77, 0x75, 0x56, 0x75, 0x15, 0x6C, 0xF4,
    0x64, 0x93, 0x5C, 0x31, 0x4B, 0xD0, 0x54, 0x11, 0x5C, 0x52, 0x5C, 0x73, 0x5C, 0x52, 0x5C, 0x52,
    0x5C, 0x72, 0x5C, 0x32, 0x4B, 0xD0, 0x4B, 0xAF, 0x4B, 0xD0, 0x53, 0xF0, 0x53, 0xF1, 0x53, 0xF0,
    0x53, 0xF0, 0x4B, 0xD0, 0x4B, 0x8F, 0x4B, 0x6F, 0x43, 0x0D, 0x32, 0x8B, 0x21, 0xC8, 0x19, 0xA7,
    0x19, 0xC7, 0x21, 0xC8, 0x19, 0x87, 0x19, 0x87, 0x11, 0x46, 0x19, 0x66, 0x19, 0x66, 0x21, 0xE8,
    0x32, 0xAB, 0x2A, 0x6B, 0x2A, 0x8B, 0x2A, 0x6B, 0x2A, 0x4A, 0x2A, 0x29, 0x21, 0xC7, 0x11, 0x05,
    0x08, 0x83, 0x08, 0x62, 0x08, 0x62, 0x10, 0xE4, 0x08, 0x83, 0x08, 0x63, 0x08, 0x82, 0x08, 0x82,
    0x08, 0x82, 0x08, 0x82, 0x08, 0xA3, 0x19, 0x67, 0x2A, 0x6A, 0x1A, 0x09, 0x2A, 0x29, 0x29, 0xE8,
    0x19, 0xC8, 0x19, 0xA7, 0x10, 0xE4, 0x10, 0xC3, 0x08, 0x82, 0x10, 0xC3, 0x10, 0xE4, 0x08, 0xA3,
    0x11, 0x05, 0x19, 0x87, 0x11, 0xA7, 0x32, 0x49, 0x2A, 0x29, 0x22, 0x09, 0x2A, 0x29, 0x2A, 0x29,
    0x2A, 0x6A, 0x2A, 0x6A, 0x22, 0x09, 0x2A, 0x29, 0x2A, 0x29, 0x2A, 0x08, 0x19, 0x66, 0x21, 0xE8,
    0x2A, 0x4A, 0x4B, 0x8F, 0x32, 0xEC, 0x2A, 0x8B, 0x43, 0x2D, 0x43, 0x4E, 0x43, 0x4E, 0x4B, 0x6F,
    0x53, 0xF1, 0x54, 0x11, 0x64, 0x73, 0x64, 0x93, 0x6C, 0xD4, 0x6C, 0xF4, 0x6D, 0x15, 0x7D, 0x56,
    0x32, 0xAC, 0x09, 0x26, 0x19, 0x88, 0x29, 0x67, 0x85, 0x96, 0x85, 0xF9, 0x8D, 0xF9, 0x85, 0xD8,
    0x8E, 0x18, 0x96, 0x19, 0x8E, 0x19, 0x96, 0x5A, 0x9E, 0x5A, 0x9E, 0x7A, 0x96, 0x19, 0x85, 0xB7,
    0x8D, 0xF8, 0x9E, 0x5A, 0x96, 0x39, 0x5C, 0x11, 0x2A, 0xAB, 0x64, 0x73, 0x4B, 0x90, 0x32, 0xCD,
    0x43, 0x2F, 0x4B, 0x70, 0x7C, 0xF6, 0x53, 0xF2, 0x54, 0x33, 0x74, 0xF6, 0x5C, 0x54, 0x53, 0xF2,
    0x54, 0x12, 0x54, 0x33, 0x4B, 0xD2, 0x5C, 0x33, 0x5C, 0x13, 0x5C, 0x33, 0x5C, 0x33, 0x53, 0xF2,
    0x43, 0x4F, 0x3B, 0x0E, 0x3A, 0xED, 0x19, 0xA7, 0x09, 0x05, 0x00, 0xA3, 0x2A, 0x09, 0x5C, 0x11,
    0x75, 0x36, 0x96, 0x19, 0x96, 0x19, 0x96, 0x39, 0x8E, 0x19, 0x85, 0xD8, 0x85, 0xD8, 0x85, 0xB8,
    0x7D, 0x97, 0x7D, 0x77, 0x75, 0x56, 0x75, 0x15, 0x6C, 0xF4, 0x64, 0xB4, 0x64, 0x72, 0x53, 0xF0,
    0x4B, 0xD0, 0x54, 0x31, 0x64, 0x73, 0x5C, 0x52, 0x5C, 0x72, 0x5C, 0x72, 0x5C, 0x32, 0x4B, 0xD0,
    0x4B, 0xAF, 0x4B, 0xD0, 0x53, 0xF0, 0x53, 0xF0, 0x4B, 0xD0, 0x53, 0xD0, 0x4B, 0xD0, 0x4B, 0x8F,
    0x4B, 0x8F, 0x43, 0x4E, 0x3A, 0xEC, 0x2A, 0x08, 0x19, 0xA7, 0x21, 0xC8, 0x19, 0xC7, 0x19, 0xA7,
    0x19, 0x87, 0x11, 0x46, 0x19, 0x67, 0x19, 0xA7, 0x19, 0xC8, 0x32, 0x8B, 0x32, 0x8B, 0x32, 0xAB,
    0x2A, 0x6B, 0x2A, 0x29, 0x2A, 0x4A, 0x21, 0xC8, 0x19, 0x25, 0x08, 0xA3, 0x08, 0x82, 0x08, 0x62,
    0x08, 0xA3, 0x08, 0x82, 0x08, 0x82, 0x08, 0x82, 0x08, 0x82, 0x08, 0x82, 0x08, 0x83, 0x08, 0xA3,
    0x21, 0x87, 0x21, 0xA7, 0x21, 0xA7, 0x19, 0x86, 0x09, 0x25, 0x11, 0x25, 0x19, 0x45, 0x08, 0xA3,
    0x08, 0xA3, 0x10, 0xC3, 0x08, 0xA3, 0x08, 0xE4, 0x11, 0x25, 0x21, 0xE8, 0x2A, 0x09, 0x2A, 0x2A,
    0x32, 0x4B, 0x2A, 0x4A, 0x22, 0x29, 0x22, 0x4A, 0x22, 0x4A, 0x2A, 0x6A, 0x2A, 0x09, 0x29, 0xE9,
    0x22, 0x08, 0x2A, 0x29, 0x2A, 0x4A, 0x09, 0x26, 0x2A, 0x4A, 0x3A, 0xCC, 0x43, 0x0D, 0x32, 0xCC,
    0x32, 0x8B, 0x4B, 0x8F, 0x43, 0x4E, 0x3B, 0x2D, 0x53, 0xF1, 0x53, 0xF1, 0x5C, 0x72, 0x5C, 0x72,
    0x5C, 0xB3, 0x64, 0xB4, 0x6C, 0xF5, 0x75, 0x35, 0x64, 0x51, 0x19, 0x46, 0x11, 0x46, 0x11, 0xA7,
    0x2A, 0x6A, 0x95, 0xD8, 0x85, 0xD8, 0x8D, 0xF8, 0x8D, 0xF9, 0x8D, 0xF8, 0x8E, 0x19, 0x96, 0x39,
    0x96, 0x7A, 0x96, 0x5A, 0x9E, 0x9A, 0xA6, 0x7A, 0xA6, 0x5A, 0x64, 0x52, 0x8D, 0xB8, 0x7D, 0x36,
    0x53, 0x70, 0x3B, 0x0E, 0x4B, 0x70, 0x4B, 0xD1, 0x42, 0xAE, 0x43, 0x90, 0x5C, 0x53, 0x74, 0x96,
    0x54, 0x12, 0x6C, 0xD5, 0x6C, 0xB5, 0x54, 0x13, 0x4B, 0xB1, 0x4B, 0xB1, 0x53, 0x91, 0x4B, 0x0F,
    0x4B, 0x0E, 0x42, 0xCD, 0x4B, 0x0F, 0x4B, 0x0F, 0x4B, 0x2F, 0x5B, 0xD1, 0x53, 0x6F, 0x2A, 0x2A,
    0x09, 0x03, 0x08, 0xE3, 0x00, 0x82, 0x3A, 0x8B, 0x53, 0x6F, 0x53, 0xD1, 0x85, 0x98, 0x8E, 0x3A,
    0x96, 0x1A, 0x85, 0xD8, 0x65, 0x14, 0x8E, 0x19, 0x85, 0xB7, 0x7D, 0x97, 0x6D, 0x35, 0x7D, 0x56,
    0x6D, 0x35, 0x6C, 0xF5, 0x64, 0xB4, 0x64, 0x93, 0x4B, 0xD0, 0x53, 0xF0, 0x54, 0x11, 0x5C, 0x31,
    0x5C, 0x72, 0x5C, 0x52, 0x5C, 0x32, 0x54, 0x11, 0x53, 0xF0, 0x4B, 0xB0, 0x4B, 0xCF, 0x4B, 0xF0,
    0x4B, 0xB0, 0x4B, 0xD0, 0x4B, 0xB0, 0x53, 0xD0, 0x53, 0xD0, 0x4B, 0x6F, 0x43, 0x6E, 0x43, 0x2D,
    0x2A, 0x29, 0x21, 0xE8, 0x19, 0xA7, 0x21, 0xE8, 0x21, 0xE8, 0x11, 0x86, 0x19, 0x66, 0x19, 0x66,
    0x11, 0x66, 0x2A, 0x09, 0x32, 0x8B, 0x32, 0x8B, 0x32, 0x8B, 0x2A, 0x4A, 0x22, 0x09, 0x2A, 0x29,
    0x21, 0xE8, 0x21, 0x87, 0x08, 0x83, 0x08, 0x62, 0x08, 0x82, 0x08, 0x83, 0x08, 0x82, 0x08, 0x62,
    0x08, 0x82, 0x08, 0x82, 0x08, 0x83, 0x08, 0xA3, 0x08, 0xA3, 0x11, 0x46, 0x11, 0x45, 0x11, 0x25,
    0x19, 0xA7, 0x19, 0xA7, 0x19, 0x87, 0x19, 0x45, 0x08, 0xA3, 0x10, 0xC3, 0x08, 0xC3, 0x08, 0x82,
    0x08, 0xE4, 0x19, 0x86, 0x2A, 0x4A, 0x2A, 0x4A, 0x22, 0x09, 0x2A, 0x6A, 0x3A, 0xCC, 0x2A, 0x29,
    0x21, 0xE9, 0x22, 0x09, 0x22, 0x09, 0x19, 0xA7, 0x2A, 0x29, 0x2A, 0x29, 0x2A, 0x49, 0x2A, 0x09,
    0x09, 0x05, 0x2A, 0x29, 0x43, 0x0D, 0x43, 0x0D, 0x2A, 0x6A, 0x3B, 0x0D, 0x4B, 0x6F, 0x3B, 0x0D,
    0x53, 0xD0, 0x5C, 0x32, 0x5C, 0x31, 0x54, 0x31, 0x5C, 0x52, 0x5C, 0xB3, 0x6C, 0xB4, 0x6C, 0xF5,
    0x6C, 0xF4, 0x43, 0x4E, 0x11, 0x46, 0x11, 0x26, 0x2A, 0x29, 0x32, 0xAC, 0x8D, 0xB7, 0x8D, 0xF8,
    0x85, 0xF8, 0x8E, 0x19, 0x8E, 0x19, 0x96, 0x19, 0x96, 0x39, 0x96, 0x3A, 0x9E, 0xBB, 0x96, 0x5A,
    0xA6, 0x7A, 0x95, 0xF8, 0x64, 0x52, 0x5B, 0xF1, 0x53, 0xD1, 0x4B, 0x2F, 0x3B, 0x0F, 0x53, 0xD2,
    0x4B, 0xF2, 0x3A, 0x8D, 0x54, 0x32, 0x64, 0xD5, 0x6C, 0x95, 0x5C, 0x53, 0x75, 0x17, 0x5C, 0x33,
    0x53, 0xD1, 0x4B, 0x70, 0x4B, 0x90, 0x3A, 0xCD, 0x4B, 0x0E, 0x3A, 0x6C, 0x3A, 0x6C, 0x3A, 0xAD,
    0x43, 0x2E, 0x5B, 0xD1, 0x5B, 0xF1, 0x3A, 0xAC, 0x11, 0x87, 0x11, 0x04, 0x00, 0x63, 0x08, 0x84,
    0x52, 0xEE, 0x63, 0xB1, 0x53, 0x91, 0x5B, 0xF2, 0x7C, 0xF6, 0x7D, 0x77, 0x5C, 0x32, 0x8D, 0x98,
    0x85, 0xD8, 0x8E, 0x19, 0x64, 0x73, 0x7D, 0x56, 0x75, 0x97, 0x75, 0x36, 0x6C, 0xF5, 0x6C, 0xD4,
    0x64, 0x93, 0x64, 0x93, 0x54, 0x11, 0x4B, 0xD0, 0x4B, 0xD0, 0x54, 0x11, 0x54, 0x11, 0x54, 0x11,
    0x54, 0x11, 0x53, 0xF0, 0x4B, 0xB0, 0x4B, 0xCF, 0x4B, 0xF0, 0x4B, 0xD0, 0x4B, 0xB0, 0x43, 0x8F,
    0x4B, 0x8F, 0x4B, 0x8F, 0x4B, 0x6E, 0x43, 0x6E, 0x3B, 0x2D, 0x2A, 0x29, 0x21, 0xE8, 0x19, 0xA7,
    0x22, 0x08, 0x2A, 0x29, 0x11, 0x86, 0x19, 0x66, 0x19, 0x66, 0x19, 0x87, 0x2A, 0x29, 0x32, 0x8B,
    0x2A, 0x8B, 0x2A, 0x8B, 0x2A, 0x4A, 0x22, 0x09, 0x21, 0xE9, 0x19, 0xC7, 0x19, 0x87, 0x08, 0xC3,
    0x08, 0x82, 0x08, 0x82, 0x08, 0x83, 0x08, 0x82, 0x08, 0x62, 0x08, 0x82, 0x08, 0x82, 0x08, 0x83,
    0x08, 0xA3, 0x08, 0xA3, 0x09, 0x05, 0x19, 0x86, 0x19, 0x87, 0x22, 0x08, 0x19, 0xC7, 0x19, 0xA7,
    0x11, 0x25, 0x08, 0xC3, 0x08, 0xA3, 0x08, 0xA3, 0x10, 0xC3, 0x11, 0x04, 0x21, 0xC7, 0x2A, 0x4A,
    0x2A, 0x4A, 0x21, 0xE9, 0x2A, 0x8A, 0x2A, 0x6A, 0x2A, 0x2A, 0x32, 0x09, 0x21, 0x87, 0x21, 0xE8,
    0x22, 0x29, 0x1A, 0x28, 0x2A, 0x29, 0x2A, 0x29, 0x19, 0x66, 0x09, 0x05, 0x3A, 0xAC, 0x3A, 0xCC,
    0x22, 0x4A, 0x2A, 0x8B, 0x3B, 0x0D, 0x43, 0x2E, 0x3A, 0xED, 0x4B, 0xAF, 0x54, 0x11, 0x54, 0x11,
    0x5C, 0x52, 0x64, 0x93, 0x64, 0x93, 0x6C, 0xB4, 0x6C, 0xF5, 0x6D, 0x15, 0x32, 0xAB, 0x11, 0x25,
    0x08, 0xE4, 0x22, 0x09, 0x3A, 0xED, 0x7D, 0x56, 0x8E, 0x19, 0x85, 0xF8, 0x86, 0x19, 0x8E, 0x19,
    0x96, 0x39, 0x96, 0x39, 0x96, 0x5A, 0x96, 0x7A, 0x9E, 0x9B, 0x9E, 0x9A, 0x8D, 0xB7, 0x5C, 0x11,
    0x3A, 0xCD, 0x3A, 0xCD, 0x43, 0x2F, 0x43, 0x4F, 0x5C, 0x13, 0x4C, 0x12, 0x3A, 0x6D, 0x6C, 0xD5,
    0x75, 0x36, 0x64, 0x54, 0x6C, 0xF6, 0x6C, 0xB5, 0x53, 0x91, 0x4B, 0x2F, 0x4B, 0x2F, 0x32, 0x8C,
    0x42, 0xCD, 0x3A, 0x8C, 0x32, 0x4C, 0x2A, 0x2B, 0x43, 0x2E, 0x6C, 0x73, 0x64, 0x52, 0x43, 0x0D,
    0x11, 0x87, 0x09, 0x04, 0x10, 0x83, 0x08, 0xA3, 0x21, 0x67, 0x63, 0x91, 0x6B, 0xD2, 0x5B, 0x71,
    0x63, 0xB2, 0x63, 0xD2, 0x6C, 0x94, 0x6C, 0xB4, 0x7D, 0x36, 0x7C, 0xF5, 0x53, 0x90, 0x7D, 0x36,
    0x8D, 0xB8, 0x75, 0x56, 0x75, 0x56, 0x6C, 0xF5, 0x6C, 0xD4, 0x64, 0x93, 0x64, 0x93, 0x4B, 0xD0,
    0x4B, 0xF0, 0x64, 0x73, 0x4B, 0xD0, 0x4B, 0xD0, 0x53, 0xF0, 0x53, 0xF0, 0x4B, 0xD0, 0x4B, 0xAF,
    0x4B, 0xD0, 0x54, 0x10, 0x53, 0xF0, 0x53, 0xF0, 0x43, 0x8F, 0x43, 0x6E, 0x43, 0x6E, 0x4B, 0x6E,
    0x43, 0x6E, 0x3B, 0x0D, 0x2A, 0x6A, 0x19, 0xC8, 0x19, 0xC7, 0x2A, 0x29, 0x32, 0x6A, 0x19, 0xA7,
    0x19, 0x66, 0x19, 0x66, 0x19, 0x87, 0x2A, 0x29, 0x32, 0x8B, 0x2A, 0x8B, 0x2A, 0x8B, 0x2A, 0x6A,
    0x2A, 0x29, 0x21, 0xE9, 0x19, 0xA7, 0x19, 0x66, 0x08, 0xA3, 0x08, 0x62, 0x08, 0x82, 0x08, 0x83,
    0x08, 0x82, 0x08, 0x82, 0x08, 0x82, 0x08, 0x83, 0x08, 0x83, 0x08, 0xA3, 0x08, 0xC3, 0x09, 0x05,
    0x2A, 0x29, 0x2A, 0x29, 0x22, 0x08, 0x19, 0x86, 0x19, 0x86, 0x09, 0x04, 0x08, 0xC3, 0x08, 0xC3,
    0x08, 0xA3, 0x10, 0xE4, 0x11, 0x05, 0x19, 0xC7, 0x22, 0x29, 0x22, 0x49, 0x22, 0x09, 0x32, 0xAB,
    0x2A, 0x6A, 0x19, 0x87, 0x11, 0x46, 0x21, 0xC8, 0x32, 0x6A, 0x32, 0x4A, 0x2A, 0x49, 0x32, 0x49,
    0x09, 0x05, 0x00, 0xA3, 0x11, 0x46, 0x19, 0xA7, 0x11, 0xA7, 0x19, 0xC8, 0x22, 0x2A, 0x2A, 0xAB,
    0x3B, 0x0D, 0x4B, 0xAF, 0x53, 0xF0, 0x5C, 0x32, 0x54, 0x11, 0x5C, 0x72, 0x54, 0x31, 0x64, 0x93,
    0x6C, 0xB4, 0x6C, 0xF5, 0x75, 0x15, 0x32, 0xCC, 0x08, 0xE4, 0x08, 0xA3, 0x19, 0x87, 0x3B, 0x0D,
    0x6C, 0xB4, 0x8D, 0xF8, 0x85, 0xF8, 0x8E, 0x39, 0x8E, 0x39, 0x96, 0x5A, 0x96, 0x5A, 0x9E, 0x7A,
    0x8E, 0x18, 0x9E, 0x9B, 0x9E, 0x7A, 0x75, 0x15, 0x4B, 0x6F, 0x3A, 0xCD, 0x32, 0x6C, 0x43, 0x2F,
    0x43, 0x90, 0x54, 0x13, 0x4C, 0x12, 0x3A, 0xAD, 0x75, 0x57, 0x75, 0x57, 0x5C, 0x54, 0x64, 0x95,
    0x5C, 0x33, 0x4B, 0x2F, 0x53, 0x50, 0x42, 0xAD, 0x3A, 0xAC, 0x32, 0x8B, 0x22, 0x09, 0x22, 0x2B,
    0x5C, 0x12, 0x74, 0xF5, 0x53, 0xD0, 0x32, 0xAB, 0x19, 0xC7, 0x08, 0xC4, 0x08, 0xA3, 0x00, 0x21,
    0x00, 0x83, 0x4B, 0x6E, 0x53, 0x90, 0x52, 0xEF, 0x52, 0xEF, 0x53, 0x0F, 0x4B, 0x2E, 0x6B, 0x91,
    0x5B, 0x70, 0x63, 0xD1, 0x63, 0x70, 0x5B, 0x4F, 0x6C, 0xD4, 0x7D, 0xF8, 0x75, 0xB7, 0x75, 0x36,
    0x75, 0x15, 0x5C, 0x52, 0x5C, 0x52, 0x5C, 0x72, 0x64, 0xB3, 0x53, 0xF1, 0x43, 0x8F, 0x4B, 0xD0,
    0x4B, 0xD0, 0x4B, 0xB0, 0x4B, 0xAF, 0x43, 0x8F, 0x4B, 0xAF, 0x53, 0xF0, 0x54, 0x11, 0x5C, 0x11,
    0x54, 0x11, 0x4B, 0xD0, 0x4B, 0x8F, 0x43, 0x6E, 0x43, 0x4E, 0x43, 0x4E, 0x3B, 0x0D, 0x32, 0x8A,
    0x19, 0xA7, 0x21, 0xC8, 0x2A, 0x29, 0x32, 0xAB, 0x19, 0xA7, 0x11, 0x66, 0x19, 0x46, 0x19, 0x66,
    0x22, 0x08, 0x32, 0x6A, 0x2A, 0x8A, 0x2A, 0x8B, 0x32, 0x8B, 0x2A, 0x4A, 0x22, 0x09, 0x19, 0xC7,
    0x19, 0x66, 0x08, 0x83, 0x00, 0x42, 0x08, 0x62, 0x08, 0x83, 0x08, 0x82, 0x08, 0x82, 0x08, 0x83,
    0x08, 0x82, 0x08, 0x83, 0x08, 0xA3, 0x08, 0xC3, 0x19, 0x66, 0x32, 0x29, 0x21, 0xE8, 0x21, 0xE8,
    0x19, 0x87, 0x19, 0xA7, 0x10, 0xE4, 0x08, 0xA3, 0x10, 0xE4, 0x08, 0xA3, 0x08, 0xC3, 0x11, 0x25,
    0x22, 0x08, 0x22, 0x29, 0x2A, 0x4A, 0x22, 0x29, 0x29, 0xE8, 0x19, 0xA8, 0x09, 0x66, 0x11, 0xA7,
    0x19, 0xE8, 0x22, 0x09, 0x21, 0xA7, 0x21, 0xA7, 0x00, 0xC4, 0x00, 0xC3, 0x11, 0x46, 0x32, 0x4A,
    0x32, 0x6A, 0x32, 0x6A, 0x32, 0xAB, 0x3A, 0xEC, 0x43, 0x4E, 0x4B, 0xAF, 0x53, 0xF0, 0x53, 0xD0,
    0x53, 0xF0, 0x54, 0x11, 0x64, 0x93, 0x64, 0x72, 0x64, 0xD3, 0x6C, 0xB4, 0x6C, 0xF5, 0x6D, 0x15,
    0x4B, 0x6E, 0x08, 0xA4, 0x10, 0xC4, 0x11, 0x46, 0x2A, 0x6A, 0x4B, 0x8F, 0x7D, 0x77, 0x85, 0xF8,
    0x8E, 0x39, 0x8E, 0x19, 0x8E, 0x39, 0x96, 0x59, 0x9E, 0x5A, 0x8E, 0x19, 0x85, 0xB8, 0x7D, 0x77,
    0x4B, 0xD0, 0x3B, 0x0E, 0x3A, 0xCD, 0x32, 0x4C, 0x3A, 0xEE, 0x4B, 0xB1, 0x54, 0x12, 0x4C, 0x32,
    0x43, 0x0F, 0x75, 0x77, 0x75, 0x57, 0x75, 0x16, 0x75, 0x37, 0x53, 0xD2, 0x53, 0x70, 0x42, 0xCE,
    0x32, 0x4B, 0x32, 0x4B, 0x19, 0xA8, 0x53, 0x8F, 0x85, 0x77, 0x6C, 0x93, 0x5C, 0x11, 0x43, 0x0D,
    0x19, 0xA7, 0x09, 0x04, 0x08, 0x83, 0x00, 0x01, 0x10, 0x82, 0x31, 0xA8, 0x6B, 0xD0, 0x73, 0xD1,
    0x5B, 0x2F, 0x42, 0x2C, 0x52, 0xAD, 0x52, 0xAD, 0x63, 0xD2, 0x63, 0x50, 0x5A, 0xCE, 0x63, 0x50,
    0x63, 0x70, 0x63, 0x50, 0x6C, 0x32, 0x75, 0x36, 0x7D, 0x36, 0x53, 0xF1, 0x3B, 0x6E, 0x5C, 0x73,
    0x6C, 0xD4, 0x64, 0x93, 0x54, 0x31, 0x5C, 0x32, 0x53, 0xF1, 0x4B, 0xD0, 0x4B, 0xAF, 0x43, 0x8F,
    0x43, 0x6F, 0x4B, 0xAF, 0x53, 0xF0, 0x54, 0x11, 0x54, 0x11, 0x5C, 0x11, 0x53, 0xD0, 0x4B, 0x8F,
    0x3B, 0x2D, 0x3B, 0x0D, 0x3B, 0x2D, 0x3B, 0x0D, 0x3A, 0xCC, 0x19, 0xC8, 0x19, 0xC8, 0x2A, 0x29,
    0x3A, 0xAB, 0x19, 0xC8, 0x11, 0x66, 0x19, 0x46, 0x19, 0x66, 0x21, 0xE8, 0x2A, 0x4A, 0x2A, 0x6A,
    0x2A, 0x6A, 0x2A, 0x6A, 0x2A, 0x4A, 0x21, 0xE8, 0x21, 0xE8, 0x19, 0x87, 0x10, 0xC4, 0x08, 0x62,
    0x08, 0x62, 0x08, 0x83, 0x08, 0x82, 0x08, 0x82, 0x08, 0x83, 0x08, 0x83, 0x08, 0x82, 0x08, 0xA3,
    0x10, 0xC3, 0x19, 0x87, 0x29, 0xE8, 0x19, 0xA7, 0x21, 0xE8, 0x21, 0xC7, 0x19, 0x66, 0x08, 0xC4,
    0x08, 0xA3, 0x10, 0xC3, 0x08, 0xA3, 0x10, 0xE4, 0x19, 0x46, 0x22, 0x08, 0x2A, 0x49, 0x2A, 0x4A,
    0x32, 0x4A, 0x29, 0xA8, 0x11, 0x46, 0x19, 0xA7, 0x32, 0xAB, 0x2A, 0x49, 0x21, 0xE8, 0x11, 0x46,
    0x08, 0xA3, 0x11, 0x45, 0x2A, 0x29, 0x2A, 0x09, 0x22, 0x09, 0x32, 0x8B, 0x2A, 0x4A, 0x2A, 0x6A,
    0x4B, 0x4E, 0x4B, 0xAF, 0x4B, 0xAF, 0x53, 0xF0, 0x5C, 0x31, 0x54, 0x11, 0x5C, 0x52, 0x5C, 0x52,
    0x5C, 0x72, 0x64, 0xB3, 0x6C, 0xD4, 0x6D, 0x15, 0x6D, 0x15, 0x5C, 0x31, 0x08, 0xE4, 0x08, 0xA3,
    0x08, 0xE4, 0x19, 0x87, 0x32, 0x8B, 0x64, 0x93, 0x7D, 0x96, 0x8E, 0x19, 0x8E, 0x19, 0x96, 0x19,
    0x8E, 0x39, 0x96, 0x19, 0x8D, 0xD8, 0x6C, 0xB4, 0x4B, 0xB0, 0x43, 0x0E, 0x3A, 0xCD, 0x42, 0xEE,
    0x2A, 0x4B, 0x3A, 0xEE, 0x4B, 0xD1, 0x54, 0x13, 0x5C, 0x73, 0x4B, 0x50, 0x6D, 0x36, 0x75, 0x57,
    0x85, 0x99, 0x64, 0x53, 0x53, 0xD2, 0x4B, 0x2F, 0x3A, 0x8C, 0x2A, 0x0A, 0x2A, 0x2A, 0x64, 0x11,
    0xA5, 0xF9, 0x4B, 0xAF, 0x3B, 0x0D, 0x2A, 0x49, 0x11, 0x45, 0x00, 0xC3, 0x00, 0x62, 0x00, 0x41,
    0x10, 0x62, 0x10, 0xC4, 0x39, 0x67, 0x62, 0x4C, 0x62, 0x4C, 0x5A, 0xCD, 0x5A, 0xCD, 0x49, 0xEA,
    0x62, 0x4D, 0x6B, 0xD2, 0x7C, 0x13, 0x6B, 0x70, 0x5A, 0xCE, 0x63, 0x0F, 0x5A, 0xCE, 0x5B, 0x4F,
    0x5B, 0x90, 0x2A, 0x6B, 0x32, 0xED, 0x54, 0x11, 0x64, 0x93, 0x64, 0x93, 0x5C, 0x52, 0x5C, 0x73,
    0x4B, 0xF1, 0x54, 0x11, 0x53, 0xF1, 0x4B, 0xB0, 0x4B, 0x8F, 0x43, 0x6F, 0x4B, 0xAF, 0x4B, 0xD0,
    0x53, 0xF0, 0x53, 0xF1, 0x54, 0x11, 0x53, 0xF0, 0x4B, 0x8F, 0x3B, 0x2D, 0x32, 0xEC, 0x3B, 0x2D,
    0x43, 0x4E, 0x42, 0xEC, 0x21, 0xE8, 0x19, 0xC8, 0x22, 0x09, 0x32, 0x8A, 0x22, 0x08, 0x19, 0x66,
    0x11, 0x46, 0x19, 0x66, 0x21, 0xC7, 0x2A, 0x49, 0x2A, 0x6A, 0x2A, 0x4A, 0x22, 0x49, 0x22, 0x09,
    0x19, 0xC8, 0x19, 0xA7, 0x19, 0x66, 0x10, 0xE4, 0x08, 0x83, 0x08, 0x62, 0x08, 0x82, 0x08, 0x82,
    0x08, 0x82, 0x08, 0x83, 0x08, 0x83, 0x08, 0x83, 0x08, 0xA3, 0x10, 0xC3, 0x19, 0x66, 0x21, 0xE8,
    0x21, 0xC7, 0x21, 0xE8, 0x21, 0xC7, 0x11, 0x25, 0x08, 0xC3, 0x08, 0xC3, 0x08, 0xA3, 0x08, 0xC3,
    0x10, 0xE4, 0x19, 0x66, 0x21, 0xC7, 0x2A, 0x29, 0x22, 0x08, 0x21, 0xC8, 0x09, 0x05, 0x21, 0xE8,
    0x32, 0x4A, 0x2A, 0x29, 0x09, 0x25, 0x00, 0xA3, 0x00, 0xC4, 0x21, 0xA7, 0x22, 0x08, 0x22, 0x09,
    0x2A, 0x4A, 0x32, 0x8B, 0x2A, 0x6A, 0x22, 0x4A, 0x3A, 0xEC, 0x43, 0x4E, 0x53, 0xD0, 0x4B, 0xAF,
    0x4B, 0xAF, 0x53, 0xF0, 0x53, 0xF1, 0x5C, 0x32, 0x5C, 0x52, 0x64, 0x93, 0x64, 0x93, 0x6C, 0xD4,
    0x6D, 0x15, 0x6D, 0x35, 0x74, 0xF4, 0x29, 0xA7, 0x00, 0x62, 0x00, 0x82, 0x11, 0x05, 0x19, 0xA7,
    0x43, 0x4D, 0x64, 0x72, 0x7D, 0x56, 0x8D, 0xF8, 0x96, 0x39, 0x96, 0x39, 0x85, 0xB8, 0x6C, 0xB4,
    0x4B, 0x90, 0x32, 0x8D, 0x3A, 0xCD, 0x32, 0x8C, 0x42, 0xEE, 0x2A, 0x6B, 0x3A, 0xEE, 0x4B, 0xB1,
    0x53, 0xF2, 0x5C, 0x94, 0x53, 0x50, 0x6D, 0x15, 0x75, 0x77, 0x7D, 0x78, 0x74, 0xF5, 0x4B, 0x70,
    0x43, 0x0E, 0x2A, 0x4B, 0x32, 0xAC, 0x8D, 0x56, 0x64, 0x31, 0x4B, 0x6E, 0x2A, 0x29, 0x19, 0x87,
    0x11, 0x25, 0x08, 0xA3, 0x00, 0x41, 0x00, 0x41, 0x00, 0x62, 0x08, 0x82, 0x19, 0x26, 0x39, 0xA8,
    0x30, 0xE6, 0x41, 0x27, 0x52, 0x0A, 0x5A, 0x8C, 0x62, 0xCE, 0x6A, 0xCE, 0x72, 0x8E, 0x6A, 0xEF,
    0x6B, 0x0F, 0x72, 0xCE, 0x62, 0xCE, 0x52, 0xED, 0x43, 0x0D, 0x3A, 0xCC, 0x2A, 0x8B, 0x4B, 0x8F,
    0x6C, 0xB4, 0x6C, 0xD4, 0x64, 0xD4, 0x5C, 0x93, 0x64, 0x93, 0x5C, 0x52, 0x53, 0xF1, 0x53, 0xF1,
    0x4B, 0xD0, 0x4B, 0x8F, 0x43, 0x6E, 0x43, 0x8F, 0x4B, 0xD0, 0x54, 0x10, 0x54, 0x11, 0x5C, 0x11,
    0x53, 0xF0, 0x53, 0xD0, 0x43, 0x6E, 0x3A, 0xED, 0x3B, 0x0D, 0x3B, 0x2D, 0x43, 0x0D, 0x22, 0x09,
    0x19, 0xC8, 0x21, 0xE9, 0x32, 0x6A, 0x2A, 0x29, 0x19, 0x87, 0x11, 0x46, 0x19, 0x66, 0x19, 0xA7,
    0x2A, 0x29, 0x32, 0x6A, 0x2A, 0x4A, 0x22, 0x49, 0x2A, 0x29, 0x21, 0xE8, 0x19, 0xA7, 0x19, 0x66,
    0x10, 0xE4, 0x08, 0x82, 0x08, 0x62, 0x08, 0x82, 0x08, 0x82, 0x08, 0x82, 0x08, 0x83, 0x08, 0x83,
    0x08, 0x83, 0x08, 0xA3, 0x10, 0xC4, 0x19, 0x46, 0x21, 0xC7, 0x21, 0xC8, 0x19, 0xC7, 0x19, 0x87,
    0x11, 0x25, 0x10, 0xE4, 0x08, 0xA3, 0x08, 0xC3, 0x10, 0xC4, 0x08, 0xC3, 0x11, 0x25, 0x19, 0xA7,
    0x2A, 0x29, 0x19, 0x87, 0x08, 0xE4, 0x19, 0xC7, 0x2A, 0x29, 0x32, 0x49, 0x21, 0xA7, 0x08, 0xA4,
    0x19, 0x46, 0x2A, 0x08, 0x22, 0x08, 0x2A, 0x49, 0x22, 0x09, 0x22, 0x09, 0x22, 0x29, 0x2A, 0x6A,
    0x2A, 0x6B, 0x43, 0x4E, 0x4B, 0x6F, 0x4B, 0x8F, 0x4B, 0xAF, 0x54, 0x11, 0x54, 0x11, 0x5C, 0x52,
    0x5C, 0x32, 0x5C, 0x52, 0x5C, 0x72, 0x64, 0xB3, 0x6C, 0xF5, 0x64, 0xD4, 0x6D, 0x35, 0x7D, 0x55,
    0x42, 0xAB, 0x08, 0x83, 0x00, 0xA3, 0x08, 0x83, 0x08, 0xE4, 0x19, 0xE8, 0x32, 0xEC, 0x54, 0x11,
    0x7D, 0x56, 0x8D, 0xF8, 0x8D, 0xF8, 0x7D, 0x77, 0x4B, 0xB0, 0x32, 0x8C, 0x3A, 0xCD, 0x2A, 0x2B,
    0x32, 0x4C, 0x32, 0x8C, 0x2A, 0x6B, 0x3A, 0xCE, 0x43, 0x70, 0x4B, 0xB1, 0x5C, 0x74, 0x53, 0x50,
    0x6D, 0x15, 0x7D, 0xB8, 0x75, 0x16, 0x64, 0x13, 0x43, 0x0F, 0x32, 0x8C, 0x4B, 0x4E, 0x64, 0x31,
    0x5C, 0x31, 0x3A, 0xEC, 0x22, 0x29, 0x19, 0x46, 0x10, 0xE4, 0x00, 0x42, 0x00, 0x21, 0x08, 0x62,
    0x00, 0x41, 0x08, 0xA3, 0x3A, 0x29, 0x42, 0x4B, 0x31, 0xE9, 0x21, 0x66, 0x29, 0x05, 0x41, 0x27,
    0x51, 0xAA, 0x73, 0x90, 0x6C, 0x12, 0x73, 0xD1, 0x62, 0xEE, 0x6B, 0x2F, 0x6B, 0x2F, 0x4A, 0x0B,
    0x49, 0xCA, 0x4A, 0x0B, 0x4A, 0x4B, 0x32, 0x8B, 0x5C, 0x11, 0x74, 0xF4, 0x6C, 0xF4, 0x5C, 0x93,
    0x64, 0xD4, 0x5C, 0x73, 0x5C, 0x52, 0x53, 0xF0, 0x53, 0xF1, 0x53, 0xD0, 0x43, 0x6F, 0x43, 0x4E,
    0x43, 0x6F, 0x4B, 0xD0, 0x54, 0x11, 0x5C, 0x11, 0x5C, 0x11, 0x53, 0xF1, 0x53, 0xF0, 0x4B, 0xAF,
    0x3B, 0x0D, 0x32, 0xEC, 0x32, 0xCC, 0x43, 0x0D, 0x2A, 0x29, 0x19, 0xC8, 0x22, 0x09, 0x2A, 0x6A,
    0x2A, 0x6A, 0x19, 0xA7, 0x11, 0x46, 0x19, 0x46, 0x19, 0x87, 0x2A, 0x29, 0x32, 0x8B, 0x2A, 0x6A,
    0x2A, 0x6A, 0x32, 0x6A, 0x2A, 0x4A, 0x2A, 0x29, 0x21, 0x87, 0x10, 0xE4, 0x08, 0x82, 0x08, 0x82,
    0x08, 0x83, 0x08, 0x83, 0x08, 0x82, 0x08, 0x82, 0x08, 0x83, 0x08, 0x83, 0x08, 0xA3, 0x10, 0xE4,
    0x19, 0x66, 0x19, 0xA7, 0x11, 0x66, 0x19, 0x87, 0x19, 0x66, 0x08, 0xE4, 0x10, 0xE4, 0x10, 0xE4,
    0x08, 0xE4, 0x08, 0xC3, 0x08, 0xC4, 0x21, 0x87, 0x2A, 0x08, 0x11, 0x66, 0x00, 0xE4, 0x21, 0x87,
    0x22, 0x49, 0x2A, 0x49, 0x21, 0x87, 0x10, 0xC4, 0x09, 0x05, 0x2A, 0x6A, 0x2A, 0x8B, 0x22, 0x29,
    0x19, 0xE8, 0x21, 0xE8, 0x2A, 0x29, 0x2A, 0x6A, 0x2A, 0x8B, 0x32, 0xAC, 0x43, 0x2D, 0x4B, 0xAF,
    0x4B, 0xAF, 0x4B, 0xD0, 0x53, 0xF0, 0x54, 0x11, 0x5C, 0x31, 0x5C, 0x52, 0x5C, 0x72, 0x64, 0x72,
    0x6C, 0x93, 0x6C, 0xD4, 0x75, 0x15, 0x6C, 0xF5, 0x7D, 0x76, 0x6C, 0xB3, 0x11, 0x66, 0x08, 0x83,
    0x08, 0x62, 0x08, 0x82, 0x11, 0x04, 0x11, 0x65, 0x2A, 0x49, 0x3A, 0xEC, 0x4B, 0xAF, 0x74, 0xD4,
    0x75, 0x15, 0x9E, 0x59, 0x7D, 0x35, 0x53, 0xD0, 0x32, 0x6B, 0x21, 0xC8, 0x2A, 0x09, 0x32, 0x2A,
    0x32, 0x8C, 0x3A, 0xED, 0x5B, 0x70, 0x64, 0x73, 0x4B, 0x50, 0x6D, 0x37, 0x7D, 0x58, 0x75, 0x16,
    0x5B, 0x70, 0x32, 0x6B, 0x53, 0xB0, 0x64, 0x31, 0x32, 0xAB, 0x22, 0x08, 0x19, 0x87, 0x08, 0xC4,
    0x10, 0x82, 0x00, 0x21, 0x00, 0x21, 0x00, 0x42, 0x00, 0x62, 0x10, 0xC4, 0x29, 0xC9, 0x3A, 0x4B,
    0x42, 0xAD, 0x32, 0x4B, 0x31, 0xE9, 0x31, 0x88, 0x31, 0x06, 0x41, 0x47, 0x49, 0xC9, 0x6B, 0x0E,
    0x7C, 0xD6, 0x74, 0x95, 0x6B, 0xB2, 0x62, 0xEF, 0x62, 0x8D, 0x51, 0xEA, 0x41, 0x87, 0x39, 0x87,
    0x3A, 0x2A, 0x42, 0xED, 0x64, 0x52, 0x64, 0xB4, 0x64, 0xF5, 0x5C, 0x93, 0x5C, 0x52, 0x64, 0x93,
    0x54, 0x32, 0x4B, 0xF0, 0x4B, 0xD0, 0x4B, 0xAF, 0x3B, 0x2D, 0x43, 0x6F, 0x4B, 0xD0, 0x54, 0x31,
    0x5C, 0x31, 0x54, 0x11, 0x53, 0xF1, 0x53, 0xD0, 0x53, 0xD0, 0x4B, 0x6F, 0x3A, 0xED, 0x2A, 0x6A,
    0x32, 0x8B, 0x22, 0x29, 0x21, 0xC8, 0x19, 0xC8, 0x32, 0x6A, 0x2A, 0x49, 0x11, 0x86, 0x19, 0x46,
    0x19, 0x66, 0x19, 0x87, 0x2A, 0x09, 0x32, 0x6A, 0x32, 0x8B, 0x2A, 0x6B, 0x2A, 0x4A, 0x2A, 0x4A,
    0x2A, 0x29, 0x19, 0xA7, 0x19, 0x66, 0x08, 0xC3, 0x08, 0x62, 0x08, 0x83, 0x08, 0x83, 0x08, 0x82,
    0x08, 0x82, 0x08, 0x83, 0x08, 0x82, 0x08, 0xA3, 0x10, 0xE4, 0x19, 0x66, 0x21, 0xA7, 0x11, 0x46,
    0x19, 0x86, 0x19, 0x66, 0x08, 0xC4, 0x08, 0xC4, 0x08, 0xC3, 0x10, 0xE4, 0x10, 0xC3, 0x10, 0xE4,
    0x11, 0x25, 0x19, 0xA7, 0x21, 0xC7, 0x19, 0x66, 0x21, 0xA7, 0x2A, 0x29, 0x11, 0x45, 0x08, 0xC4,
    0x10, 0xE4, 0x21, 0xC8, 0x32, 0xAB, 0x2A, 0x6A, 0x22, 0x29, 0x22, 0x29, 0x22, 0x09, 0x22, 0x29,
    0x2A, 0x4A, 0x2A, 0x8B, 0x32, 0xCC, 0x43, 0x4E, 0x4B, 0x8F, 0x4B, 0xAF, 0x4B, 0xD0, 0x53, 0xF0,
    0x54, 0x11, 0x5C, 0x31, 0x5C, 0x52, 0x5C, 0x72, 0x64, 0x93, 0x6C, 0xD4, 0x6C, 0xD4, 0x6C, 0xF5,
    0x6D, 0x36, 0x6C, 0xF4, 0x75, 0x15, 0x64, 0x31, 0x21, 0xA7, 0x08, 0x83, 0x00, 0x42, 0x08, 0x42,
    0x08, 0x83, 0x19, 0x25, 0x11, 0x45, 0x22, 0x08, 0x3A, 0xEC, 0x43, 0x4E, 0x64, 0x72, 0x74, 0xD4,
    0x8D, 0xB7, 0x9D, 0xF9, 0x74, 0xD4, 0x5B, 0xD1, 0x3A, 0xED, 0x32, 0x6C, 0x3A, 0xCD, 0x4A, 0xEE,
    0x5B, 0xF2, 0x42, 0xEF, 0x5C, 0x74, 0x6C, 0x95, 0x64, 0x53, 0x4B, 0x6F, 0x53, 0x8F, 0x53, 0x8F,
    0x32, 0x8B, 0x19, 0x87, 0x11, 0x45, 0x08, 0xA3, 0x00, 0x62, 0x00, 0x20, 0x00, 0x41, 0x08, 0x62,
    0x08, 0x82, 0x08, 0xA4, 0x21, 0x46, 0x29, 0xA8, 0x21, 0x67, 0x21, 0x88, 0x31, 0xC9, 0x39, 0xE9,
    0x31, 0xA8, 0x39, 0xC9, 0x4A, 0x6C, 0x4A, 0x8C, 0x4A, 0x6C, 0x63, 0x51, 0x7C, 0x14, 0x7B, 0xD2,
    0x5A, 0xAD, 0x5A, 0x2B, 0x62, 0x0B, 0x51, 0x88, 0x49, 0x06, 0x29, 0x67, 0x29, 0xE9, 0x53, 0xB0,
    0x64, 0x93, 0x6D, 0x16, 0x6C, 0xD4, 0x64, 0xB4, 0x54, 0x11, 0x54, 0x31, 0x4B, 0xF0, 0x53, 0xD0,
    0x53, 0xD0, 0x43, 0x4E, 0x4B, 0x8F, 0x4B, 0xCF, 0x54, 0x10, 0x5C, 0x31, 0x54, 0x11, 0x53, 0xF1,
    0x4B, 0xAF, 0x4B, 0x8F, 0x4B, 0x6E, 0x43, 0x2D, 0x32, 0xCC, 0x2A, 0x6A, 0x21, 0xE8, 0x19, 0xA7,
    0x19, 0xC8, 0x32, 0x6A, 0x2A, 0x49, 0x19, 0x66, 0x19, 0x46, 0x19, 0x46, 0x11, 0x66, 0x22, 0x09,
    0x2A, 0x6A, 0x2A, 0x6A, 0x2A, 0x6A, 0x2A, 0x4A, 0x2A, 0x4A, 0x2A, 0x29, 0x19, 0xA7, 0x21, 0x87,
    0x10, 0xE4, 0x08, 0x82, 0x08, 0x82, 0x08, 0x83, 0x08, 0x82, 0x08, 0x83, 0x08, 0x83, 0x08, 0x82,
    0x08, 0xA3, 0x10, 0xE4, 0x11, 0x46, 0x19, 0x87, 0x19, 0x66, 0x19, 0x66, 0x19, 0x45, 0x08, 0xC3,
    0x08, 0xC3, 0x08, 0xC3, 0x10, 0xC4, 0x08, 0xA3, 0x11, 0x05, 0x11, 0x25, 0x19, 0x86, 0x2A, 0x29,
    0x21, 0xE8, 0x19, 0x66, 0x21, 0x87, 0x00, 0xA3, 0x11, 0x25, 0x29, 0xE8, 0x32, 0x8B, 0x3A, 0xCC,
    0x2A, 0x4A, 0x2A, 0x4A, 0x2A, 0x29, 0x2A, 0x29, 0x2A, 0x29, 0x2A, 0x4A, 0x2A, 0x8B, 0x3A, 0xEC,
    0x43, 0x4E, 0x4B, 0x8F, 0x4B, 0xAF, 0x4B, 0xD0, 0x53, 0xF0, 0x54, 0x11, 0x5C, 0x31, 0x5C, 0x52,
    0x5C, 0x72, 0x64, 0x93, 0x64, 0xD4, 0x6D, 0x15, 0x6C, 0xF5, 0x6D, 0x36, 0x6D, 0x36, 0x6D, 0x35,
    0x85, 0xB7, 0x5C, 0x31, 0x19, 0x46, 0x08, 0x83, 0x10, 0x83, 0x00, 0x21, 0x08, 0x62, 0x08, 0xA3,
    0x00, 0xC3, 0x11, 0x65, 0x19, 0x87, 0x2A, 0x29, 0x3A, 0xAB, 0x53, 0x8F, 0x64, 0x52, 0x53, 0xD0,
    0x5C, 0x52, 0x64, 0x93, 0x43, 0x0E, 0x43, 0x0E, 0x3A, 0x6B, 0x43, 0x2F, 0x3A, 0xAD, 0x5C, 0x13,
    0x5B, 0xD2, 0x43, 0x0E, 0x32, 0xCC, 0x43, 0x2D, 0x32, 0x6A, 0x11, 0x45, 0x08, 0xE4, 0x08, 0x62,
    0x00, 0x01, 0x08, 0x41, 0x00, 0x41, 0x00, 0x41, 0x08, 0x82, 0x10, 0xC4, 0x10, 0xA3, 0x08, 0x83,
    0x10, 0xC4, 0x19, 0x05, 0x19, 0x25, 0x21, 0x26, 0x29, 0x06, 0x20, 0xE6, 0x3A, 0x2A, 0x5B, 0x90,
    0x74, 0x53, 0x63, 0x91, 0x52, 0x6D, 0x6B, 0x70, 0x6B, 0x91, 0x5A, 0xCE, 0x52, 0x4B, 0x51, 0xE9,
    0x51, 0x68, 0x51, 0x27, 0x29, 0x06, 0x29, 0xA8, 0x2A, 0x2A, 0x4B, 0xB0, 0x5C, 0x52, 0x64, 0xB4,
    0x64, 0x93, 0x64, 0xD4, 0x54, 0x32, 0x54, 0x11, 0x53, 0xF0, 0x4B, 0xB0, 0x3B, 0x2E, 0x43, 0x6F,
    0x4B, 0xAF, 0x54, 0x11, 0x54, 0x11, 0x54, 0x11, 0x53, 0xF0, 0x4B, 0xAF, 0x4B, 0x8F, 0x43, 0x6E,
    0x43, 0x4E, 0x3B, 0x2D, 0x32, 0xCB, 0x2A, 0x29, 0x19, 0xA7, 0x19, 0xA7, 0x2A, 0x29, 0x22, 0x09,
    0x19, 0x87, 0x19, 0x87, 0x19, 0x66, 0x19, 0x86, 0x22, 0x09, 0x32, 0x6A, 0x32, 0x8B, 0x2A, 0x8A,
    0x2A, 0x4A, 0x2A, 0x6A, 0x2A, 0x09, 0x21, 0xA7, 0x21, 0xA7, 0x11, 0x04, 0x08, 0x82, 0x08, 0x82,
    0x08, 0x83, 0x08, 0x82, 0x08, 0x83, 0x08, 0x83, 0x08, 0x83, 0x08, 0xA3, 0x10, 0xE4, 0x11, 0x46,
    0x19, 0x86, 0x19, 0x66, 0x19, 0x46, 0x11, 0x25, 0x08, 0xC3, 0x08, 0xC3, 0x08, 0xC3, 0x10, 0xC3,
    0x08, 0x83, 0x10, 0xE4, 0x21, 0xA7, 0x22, 0x08, 0x2A, 0x29, 0x22, 0x08, 0x09, 0x04, 0x08, 0xC4,
    0x08, 0xA4, 0x2A, 0x09, 0x32, 0x6A, 0x32, 0x8B, 0x2A, 0x6A, 0x22, 0x09, 0x2A, 0x29, 0x22, 0x08,
    0x2A, 0x29, 0x2A, 0x4A, 0x2A, 0x6A, 0x32, 0xAB, 0x3B, 0x0D, 0x43, 0x6E, 0x4B, 0x8F, 0x4B, 0xAF,
    0x4B, 0xAF, 0x53, 0xD0, 0x54, 0x10, 0x54, 0x11, 0x5C, 0x52, 0x5C, 0x72, 0x64, 0x93, 0x64, 0xB3,
    0x6D, 0x15, 0x6C, 0xF5, 0x6C, 0xF5, 0x7D, 0x77, 0x6D, 0x35, 0x75, 0x55, 0x85, 0xB7, 0x7C, 0xF4,
    0x43, 0x0D, 0x09, 0x05, 0x00, 0x82, 0x08, 0x82, 0x00, 0x21, 0x08, 0x82, 0x08, 0x82, 0x08, 0xA3,
    0x10, 0xE4, 0x11, 0x04, 0x19, 0x86, 0x21, 0xE8, 0x1A, 0x08, 0x3B, 0x0D, 0x43, 0x4E, 0x43, 0x4E,
    0x4B, 0x6E, 0x2A, 0x2A, 0x3A, 0x8C, 0x32, 0x6C, 0x53, 0x70, 0x53, 0x2F, 0x29, 0xEA, 0x2A, 0x6A,
    0x22, 0x29, 0x19, 0x66, 0x10, 0xE4, 0x10, 0xA2, 0x00, 0x21, 0x00, 0x20, 0x08, 0x41, 0x08, 0xA3,
    0x08, 0xA3, 0x08, 0x83, 0x08, 0x62, 0x08, 0x83, 0x18, 0xE4, 0x21, 0x25, 0x21, 0x05, 0x10, 0xE4,
    0x10, 0xA3, 0x18, 0xA4, 0x31, 0x67, 0x52, 0xAC, 0x6B, 0xB1, 0x7C, 0x54, 0x6B, 0x91, 0x5A, 0xAD,
    0x6B, 0x2F, 0x6B, 0x6F, 0x6B, 0x0E, 0x5A, 0x4B, 0x49, 0x68, 0x41, 0x06, 0x41, 0x26, 0x28, 0xE5,
    0x19, 0x05, 0x21, 0xC8, 0x64, 0x32, 0x64, 0x73, 0x6C, 0xF5, 0x6C, 0xD4, 0x5C, 0x73, 0x5C, 0x52,
    0x54, 0x11, 0x4B, 0xD0, 0x43, 0x8F, 0x43, 0x4E, 0x4B, 0x8F, 0x4B, 0xAF, 0x53, 0xF0, 0x53, 0xF0,
    0x53, 0xF0, 0x53, 0xF0, 0x4B, 0xAF, 0x4B, 0x8F, 0x43, 0x4E, 0x43, 0x2E, 0x3B, 0x0D, 0x3B, 0x0D,
    0x2A, 0x6A, 0x19, 0xA7, 0x19, 0xA7, 0x21, 0xE8, 0x21, 0xE8, 0x19, 0x87, 0x19, 0x67, 0x19, 0x46,
    0x11, 0x46, 0x21, 0xE8, 0x2A, 0x49, 0x2A, 0x6A, 0x2A, 0x6A, 0x2A, 0x4A, 0x2A, 0x4A, 0x22, 0x09,
    0x19, 0xA7, 0x21, 0xA7, 0x11, 0x05, 0x08, 0x82, 0x08, 0x82, 0x08, 0x83, 0x08, 0x82, 0x08, 0x83,
    0x08, 0xA3, 0x08, 0x83, 0x08, 0xC3, 0x11, 0x04, 0x11, 0x45, 0x19, 0x66, 0x11, 0x45, 0x11, 0x05,
    0x08, 0xE4, 0x08, 0xA3, 0x08, 0xA3, 0x10, 0xC3, 0x08, 0xA3, 0x08, 0xA3, 0x11, 0x05, 0x2A, 0x29,
    0x2A, 0x4A, 0x2A, 0x29, 0x2A, 0x09, 0x00, 0xC3, 0x08, 0xA3, 0x11, 0x05, 0x2A, 0x49, 0x2A, 0x4A,
    0x2A, 0x4A, 0x2A, 0x6A, 0x2A, 0x29, 0x22, 0x09, 0x21, 0xE8, 0x22, 0x09, 0x2A, 0x4A, 0x32, 0x8B,
    0x3A, 0xEC, 0x43, 0x4E, 0x43, 0x6E, 0x4B, 0x6E, 0x4B, 0x8F, 0x4B, 0xAF, 0x4B, 0xD0, 0x53, 0xF0,
    0x54, 0x11, 0x5C, 0x52, 0x5C, 0x72, 0x64, 0x93, 0x64, 0xD4, 0x6C, 0xD4, 0x6C, 0xD5, 0x74, 0xF5,
    0x75, 0x36, 0x75, 0x77, 0x6D, 0x36, 0x7D, 0x77, 0x85, 0xD8, 0x7D, 0x76, 0x64, 0x92, 0x22, 0x08,
    0x00, 0xA3, 0x00, 0x62, 0x08, 0x42, 0x08, 0x22, 0x00, 0x21, 0x00, 0x41, 0x00, 0x21, 0x08, 0xA2,
    0x08, 0xC3, 0x11, 0x05, 0x21, 0x87, 0x21, 0x87, 0x32, 0x8B, 0x4B, 0x2D, 0x2A, 0x4A, 0x32, 0x6B,
    0x32, 0x6C, 0x4B, 0x0F, 0x4A, 0xEE, 0x29, 0xA9, 0x21, 0xA8, 0x19, 0x46, 0x08, 0xA3, 0x08, 0x61,
    0x00, 0x20, 0x00, 0x20, 0x08, 0x81, 0x08, 0x61, 0x00, 0x42, 0x08, 0xA3, 0x19, 0x05, 0x29, 0x66,
    0x29, 0x46, 0x18, 0xC4, 0x08, 0x62, 0x08, 0x62, 0x08, 0x42, 0x08, 0x63, 0x18, 0xC4, 0x4A, 0x0A,
    0x5A, 0x2B, 0x5A, 0x2B, 0x52, 0x2B, 0x41, 0xCA, 0x41, 0x88, 0x49, 0xC9, 0x51, 0xEA, 0x59, 0xA9,
    0x59, 0x68, 0x51, 0x27, 0x48, 0xE6, 0x40, 0xE5, 0x29, 0x26, 0x21, 0x26, 0x19, 0x87, 0x3A, 0xCC,
    0x64, 0x52, 0x64, 0x73, 0x6C, 0xD4, 0x64, 0xD4, 0x64, 0x93, 0x54, 0x31, 0x43, 0x8F, 0x43, 0x6E,
    0x43, 0x8F, 0x53, 0xD0, 0x4B, 0xAF, 0x4B, 0xAF, 0x53, 0xD0, 0x53, 0xD0, 0x4B, 0xD0, 0x4B, 0xAF,
    0x4B, 0x8F, 0x4B, 0x6E, 0x43, 0x4E, 0x3B, 0x2D, 0x3A, 0xEC, 0x2A, 0x6A, 0x19, 0xA7, 0x21, 0xC8,
    0x21, 0xE8, 0x21, 0xE8, 0x19, 0x87, 0x19, 0x66, 0x19, 0x66, 0x19, 0x66, 0x21, 0xE8, 0x2A, 0x29,
    0x2A, 0x6A, 0x2A, 0x6A, 0x2A, 0x4A, 0x2A, 0x4A, 0x22, 0x29, 0x19, 0xA7, 0x19, 0x86, 0x11, 0x25,
    0x08, 0x82, 0x08, 0x82, 0x08, 0x83, 0x08, 0x83, 0x08, 0x83, 0x08, 0xA3, 0x08, 0xA3, 0x08, 0xC3,
    0x11, 0x25, 0x11, 0x66, 0x19, 0x66, 0x11, 0x45, 0x10, 0xE4, 0x08, 0xC3, 0x08, 0xA3, 0x08, 0xA3,
    0x08, 0xC3, 0x08, 0xA3, 0x10, 0xE4, 0x19, 0x46, 0x2A, 0x29, 0x2A, 0x6A, 0x2A, 0x4A, 0x2A, 0x09,
    0x08, 0xC4, 0x10, 0xC4, 0x19, 0x66, 0x2A, 0x49, 0x2A, 0x6A, 0x32, 0xAB, 0x32, 0xAB, 0x2A, 0x6A,
    0x2A, 0x4A, 0x2A, 0x09, 0x22, 0x09, 0x2A, 0x29, 0x32, 0xAB, 0x3B, 0x2D, 0x43, 0x6E, 0x43, 0x4E,
    0x43, 0x2E, 0x4B, 0x8F, 0x4B, 0xAF, 0x4B, 0xD0, 0x53, 0xF0, 0x54, 0x11, 0x5C, 0x52, 0x5C, 0x72,
    0x64, 0x93, 0x64, 0xB3, 0x6C, 0xD4, 0x6C, 0xB4, 0x7D, 0x36, 0x75, 0x15, 0x75, 0x56, 0x75, 0x56,
    0x7D, 0x77, 0x6D, 0x56, 0x7D, 0xD8, 0x85, 0xB7, 0x85, 0x36, 0x6B, 0xF1, 0x31, 0xE9, 0x29, 0x26,
    0x18, 0x63, 0x08, 0x62, 0x08, 0x41, 0x00, 0x00, 0x08, 0x61, 0x00, 0x21, 0x08, 0x41, 0x08, 0x62,
    0x10, 0x82, 0x09, 0x25, 0x21, 0xC8, 0x19, 0x86, 0x21, 0xA8, 0x2A, 0x4B, 0x42, 0x8C, 0x42, 0x8C,
    0x21, 0x46, 0x10, 0xE4, 0x08, 0xA3, 0x08, 0x41, 0x00, 0x00, 0x00, 0x00, 0x00, 0x40, 0x00, 0x61,
    0x08, 0xA3, 0x10, 0xC4, 0x29, 0xA7, 0x31, 0xA7, 0x10, 0xA3, 0x00, 0x01, 0x00, 0x21, 0x08, 0x41,
    0x00, 0x21, 0x18, 0xA4, 0x18, 0xE5, 0x21, 0x46, 0x41, 0xE9, 0x41, 0x48, 0x49, 0x07, 0x49, 0x27,
    0x41, 0x67, 0x41, 0x67, 0x41, 0x67, 0x41, 0x46, 0x49, 0x06, 0x49, 0x06, 0x49, 0x06, 0x38, 0xE5,
    0x28, 0xC4, 0x20, 0xC4, 0x18, 0xE4, 0x19, 0x67, 0x22, 0x09, 0x3A, 0xCC, 0x4B, 0x8F, 0x64, 0x73,
    0x64, 0x72, 0x64, 0x93, 0x5C, 0x72, 0x4B, 0xF0, 0x43, 0x6E, 0x3B, 0x2D, 0x43, 0x6E, 0x43, 0x4E,
    0x4B, 0xAF, 0x53, 0xD0, 0x4B, 0xD0, 0x53, 0xD0, 0x4B, 0xAF, 0x4B, 0xAF, 0x4B, 0x8F, 0x4B, 0x6E,
    0x43, 0x4E, 0x3B, 0x0C, 0x32, 0xAB, 0x19, 0xA8, 0x21, 0xC8, 0x19, 0xC7, 0x2A, 0x09, 0x21, 0xC8,
    0x19, 0x66, 0x19, 0x66, 0x19, 0x66, 0x21, 0xC8, 0x2A, 0x29, 0x2A, 0x4A, 0x2A, 0x6A, 0x2A, 0x4A,
    0x2A, 0x4A, 0x2A, 0x29, 0x21, 0xC8, 0x19, 0x86, 0x19, 0x25, 0x08, 0x82, 0x08, 0x82, 0x08, 0x83,
    0x08, 0x83, 0x08, 0x83, 0x08, 0xA3, 0x08, 0xA3, 0x08, 0xE4, 0x19, 0x45, 0x19, 0x66, 0x19, 0x66,
    0x19, 0x25, 0x08, 0xC4, 0x08, 0xA3, 0x08, 0xA3, 0x08, 0xA3, 0x10, 0xC3, 0x08, 0xA3, 0x11, 0x04,
    0x21, 0xA7, 0x22, 0x29, 0x2A, 0x4A, 0x2A, 0x4A, 0x21, 0x87, 0x08, 0xC4, 0x08, 0xC4, 0x21, 0xE8,
    0x2A, 0x6A, 0x32, 0xAB, 0x32, 0xAC, 0x32, 0x8B, 0x2A, 0x6A, 0x22, 0x49, 0x2A, 0x29, 0x22, 0x29,
    0x2A, 0x4A, 0x32, 0xAB, 0x3B, 0x0D, 0x43, 0x2D, 0x43, 0x4E, 0x43, 0x4E, 0x4B, 0x8F, 0x4B, 0xAF,
    0x53, 0xD0, 0x54, 0x10, 0x54, 0x11, 0x5C, 0x52, 0x5C, 0x72, 0x64, 0x72, 0x64, 0x93, 0x6C, 0xD4,
    0x6C, 0xD4, 0x75, 0x15, 0x75, 0x55, 0x6D, 0x35, 0x75, 0x56, 0x85, 0x97, 0x7D, 0xD8, 0x85, 0xB8,
    0x7C, 0xD5, 0x63, 0x6F, 0x5A, 0xAD, 0x4A, 0x2A, 0x42, 0x0A, 0x42, 0x0A, 0x39, 0xE8, 0x29, 0x66,
    0x10, 0x83, 0x00, 0x41, 0x00, 0x00, 0x00, 0x20, 0x08, 0x41, 0x08, 0x41, 0x08, 0xC3, 0x19, 0x05,
    0x11, 0x25, 0x29, 0x67, 0x3A, 0x6B, 0x42, 0x4C, 0x42, 0x6B, 0x21, 0x26, 0x19, 0x25, 0x10, 0xA3,
    0x08, 0x62, 0x00, 0x20, 0x08, 0x41, 0x08, 0x41, 0x00, 0x21, 0x08, 0xA3, 0x21, 0x46, 0x21, 0x25,
    0x10, 0xA3, 0x00, 0x42, 0x00, 0x21, 0x00, 0x21, 0x00, 0x21, 0x08, 0x42, 0x08, 0x21, 0x10, 0x83,
    0x20, 0xE4, 0x20, 0xE5, 0x28, 0xC5, 0x30, 0xE5, 0x30, 0xE5, 0x39, 0x06, 0x39, 0x26, 0x28, 0xC4,
    0x28, 0xC4, 0x30, 0xE4, 0x30, 0xE4, 0x30, 0xE5, 0x28, 0xE5, 0x28, 0xE4, 0x18, 0xA3, 0x21, 0x25,
    0x11, 0x26, 0x19, 0x67, 0x2A, 0x0A, 0x42, 0xCD, 0x4B, 0x2E, 0x5B, 0xF1, 0x5C, 0x73, 0x64, 0x93,
    0x5C, 0x52, 0x4B, 0xAF, 0x3B, 0x2D, 0x3B, 0x0D, 0x3B, 0x0D, 0x4B, 0x8F, 0x4B, 0xD0, 0x4B, 0xB0,
    0x4B, 0xAF, 0x4B, 0xAF, 0x4B, 0x8F, 0x4B, 0x8F, 0x4B, 0x8F, 0x4B, 0x6F, 0x43, 0x6E, 0x3A, 0xEC,
    0x21, 0xC8, 0x21, 0xC8, 0x19, 0x87, 0x2A, 0x09, 0x21, 0xE8, 0x19, 0x87, 0x19, 0x46, 0x11, 0x45,
    0x19, 0xA7, 0x21, 0xE8, 0x22, 0x29, 0x2A, 0x49, 0x22, 0x09, 0x22, 0x09, 0x22, 0x09, 0x21, 0xC8,
    0x19, 0x87, 0x19, 0x46, 0x08, 0x83, 0x08, 0x83, 0x08, 0x83, 0x08, 0x83, 0x08, 0x83, 0x08, 0xA3,
    0x08, 0xA3, 0x10, 0xE4, 0x19, 0x45, 0x11, 0x46, 0x19, 0x46, 0x11, 0x25, 0x08, 0xA3, 0x08, 0xA3,
    0x08, 0xA3, 0x08, 0xA3, 0x08, 0xC3, 0x08, 0xC3, 0x08, 0xE4, 0x29, 0xE8, 0x2A, 0x2A, 0x2A, 0x4A,
    0x2A, 0x29, 0x08, 0xE4, 0x08, 0xA3, 0x11, 0x25, 0x32, 0x8A, 0x2A, 0x8B, 0x32, 0xAB, 0x32, 0xAB,
    0x32, 0x8B, 0x2A, 0x6A, 0x22, 0x49, 0x2A, 0x29, 0x2A, 0x29, 0x2A, 0x6A, 0x32, 0xCB, 0x3A, 0xEC,
    0x32, 0xEC, 0x3B, 0x2D, 0x4B, 0x8F, 0x4B, 0xAF, 0x4B, 0xD0, 0x53, 0xF0, 0x54, 0x11, 0x5C, 0x31,
    0x5C, 0x52, 0x5C, 0x52, 0x5C, 0x72, 0x64, 0xB4, 0x5C, 0x73, 0x6D, 0x15, 0x64, 0xF4, 0x6D, 0x35,
    0x75, 0x76, 0x7D, 0x76, 0x7D, 0x56, 0x75, 0x97, 0x85, 0x56, 0x6B, 0x90, 0x51, 0xEB, 0x5A, 0x0B,
    0x5A, 0x4B, 0x4A, 0x6B, 0x29, 0xA7, 0x19, 0x05, 0x19, 0x26, 0x19, 0x05, 0x08, 0x83, 0x08, 0x62,
    0x00, 0x20, 0x00, 0x41, 0x00, 0x00, 0x08, 0x62, 0x10, 0x62, 0x10, 0xE5, 0x21, 0x06, 0x32, 0x0A,
    0x31, 0x88, 0x31, 0xC8, 0x20, 0xE5, 0x21, 0x46, 0x00, 0x42, 0x00, 0x41, 0x00, 0x00, 0x00, 0x00,
    0x08, 0x62, 0x08, 0x42, 0x08, 0x63, 0x18, 0xC4, 0x10, 0x83, 0x00, 0x01, 0x00, 0x01, 0x08, 0x42,
    0x00, 0x21, 0x00, 0x01, 0x00, 0x21, 0x08, 0x20, 0x10, 0x41, 0x20, 0xA4, 0x18, 0x83, 0x21, 0x05,
    0x29, 0x46, 0x29, 0x05, 0x28, 0xC4, 0x40, 0xE5, 0x38, 0xC4, 0x30, 0xC4, 0x28, 0xC4, 0x28, 0xA3,
    0x30, 0xC4, 0x30, 0xA4, 0x28, 0x83, 0x20, 0xC4, 0x10, 0x83, 0x10, 0xC4, 0x11, 0x06, 0x32, 0x2A,
    0x3A, 0x4B, 0x32, 0x2A, 0x42, 0xAC, 0x54, 0x32, 0x5C, 0x72, 0x5C, 0x52, 0x54, 0x11, 0x4B, 0xB0,
    0x4B, 0x8F, 0x3B, 0x0D, 0x3B, 0x2D, 0x4B, 0x8F, 0x4B, 0x8F, 0x4B, 0xAF, 0x4B, 0x8F, 0x4B, 0x8F,
    0x43, 0x6E, 0x43, 0x6E, 0x43, 0x6E, 0x3B, 0x2D, 0x3A, 0xEC, 0x21, 0xE8, 0x21, 0xC8, 0x19, 0x87,
    0x2A, 0x29, 0x21, 0xE8, 0x19, 0x66, 0x19, 0x66, 0x11, 0x66, 0x19, 0xC7, 0x22, 0x08, 0x2A, 0x29,
    0x2A, 0x49, 0x2A, 0x29, 0x2A, 0x29, 0x22, 0x08, 0x19, 0xC7, 0x21, 0xA7, 0x19, 0x66, 0x08, 0xA3,
    0x08, 0x83, 0x08, 0x82, 0x08, 0xA2, 0x08, 0xA2, 0x08, 0x82, 0x08, 0xA3, 0x11, 0x04, 0x19, 0x66,
    0x19, 0x66, 0x19, 0x66, 0x10, 0xE4, 0x08, 0xC3, 0x08, 0xA3, 0x08, 0xA2, 0x10, 0xC3, 0x08, 0xA3,
    0x08, 0xE4, 0x11, 0x45, 0x22, 0x29, 0x22, 0x09, 0x2A, 0x6A, 0x2A, 0x09, 0x00, 0xA3, 0x08, 0xC3,
    0x21, 0xE8, 0x2A, 0x4A, 0x32, 0xCC, 0x32, 0xAB, 0x32, 0xCC, 0x32, 0xCC, 0x2A, 0x6A, 0x22, 0x49,
    0x2A, 0x4A, 0x2A, 0x2A, 0x2A, 0x8B, 0x3A, 0xEC, 0x3B, 0x2D, 0x43, 0x2E, 0x43, 0x4E, 0x43, 0x6E,
    0x4B, 0x8F, 0x4B, 0xAF, 0x53, 0xD0, 0x54, 0x10, 0x54, 0x11, 0x54, 0x31, 0x5C, 0x52, 0x5C, 0x72,
    0x64, 0x93, 0x64, 0xB3, 0x6C, 0xB3, 0x6C, 0xD4, 0x75, 0x15, 0x75, 0x56, 0x75, 0x76, 0x75, 0x56,
    0x75, 0x97, 0x7C, 0xF5, 0x42, 0x2A, 0x41, 0x88, 0x5A, 0x2A, 0x5A, 0x6B, 0x42, 0x2A, 0x31, 0xC8,
    0x21, 0x46, 0x18, 0xC4, 0x08, 0x62, 0x08, 0x62, 0x08, 0x62, 0x08, 0x41, 0x00, 0x20, 0x00, 0x20,
    0x00, 0x60, 0x08, 0x41, 0x00, 0xC3, 0x29, 0x06, 0x21, 0x48, 0x29, 0x69, 0x31, 0x88, 0x29, 0x45,
    0x29, 0x67, 0x18, 0x82, 0x10, 0x60, 0x00, 0x62, 0x00, 0x02, 0x00, 0x00, 0x08, 0x60, 0x08, 0xA4,
    0x10, 0x42, 0x08, 0x41, 0x00, 0x21, 0x00, 0x21, 0x00, 0x21, 0x00, 0x21, 0x00, 0x21, 0x00, 0x01,
    0x00, 0x21, 0x08, 0x62, 0x18, 0x83, 0x20, 0x83, 0x28, 0xA3, 0x30, 0xC4, 0x30, 0xE4, 0x31, 0x05,
    0x28, 0xC4, 0x28, 0xA4, 0x28, 0xA3, 0x20, 0x83, 0x20, 0x83, 0x18, 0x83, 0x18, 0xA3, 0x20, 0xA3,
    0x10, 0x83, 0x08, 0xA3, 0x08, 0xE4, 0x08, 0xE4, 0x21, 0x46, 0x39, 0xE9, 0x39, 0xE9, 0x31, 0xE8,
    0x2A, 0x2A, 0x64, 0x31, 0x5C, 0x52, 0x54, 0x31, 0x4B, 0xD0, 0x4B, 0x8F, 0x3B, 0x0D, 0x2A, 0xCC,
    0x32, 0xAB, 0x3A, 0xEC, 0x43, 0x2E, 0x4B, 0x8F, 0x4B, 0x8F, 0x43, 0x6E, 0x43, 0x4E, 0x43, 0x4E,
    0x43, 0x6E, 0x3A, 0xEC, 0x2A, 0x29, 0x19, 0xA8, 0x21, 0xA7, 0x21, 0xC8, 0x21, 0xC8, 0x19, 0x87,
    0x19, 0x46, 0x19, 0x86, 0x19, 0xA7, 0x2A, 0x29, 0x22, 0x09, 0x2A, 0x29, 0x2A, 0x29, 0x22, 0x08,
    0x21, 0xE8, 0x21, 0xC7, 0x19, 0x86, 0x19, 0x66, 0x08, 0xC4, 0x08, 0x83, 0x08, 0x82, 0x08, 0xA2,
    0x08, 0xA2, 0x08, 0x82, 0x08, 0xA3, 0x11, 0x04, 0x19, 0x66, 0x19, 0x66, 0x19, 0x66, 0x08, 0xE4,
    0x08, 0xC3, 0x08, 0xA3, 0x08, 0xA2, 0x08, 0xC3, 0x08, 0xA3, 0x08, 0xC4, 0x19, 0x87, 0x22, 0x29,
    0x22, 0x49, 0x2A, 0x4A, 0x2A, 0x09, 0x00, 0xA3, 0x08, 0xC3, 0x21, 0xE8, 0x2A, 0x6A, 0x3A, 0xCC,
    0x32, 0xCC, 0x32, 0xCC, 0x32, 0xAC, 0x2A, 0x6A, 0x2A, 0x4A, 0x2A, 0x4A, 0x2A, 0x2A, 0x2A, 0x8B,
    0x3A, 0xEC, 0x3B, 0x2D, 0x43, 0x2D, 0x43, 0x4E, 0x43, 0x6E, 0x4B, 0x8F, 0x4B, 0xAF, 0x4B, 0xD0,
    0x53, 0xF0, 0x54, 0x11, 0x54, 0x31, 0x5C, 0x52, 0x5C, 0x72, 0x64, 0x93, 0x64, 0xB3, 0x6C, 0xD4,
    0x6C, 0xD4, 0x6C, 0xF5, 0x75, 0x35, 0x75, 0x56, 0x75, 0x56, 0x75, 0x96, 0x6C, 0x72, 0x31, 0xA8,
    0x49, 0xA8, 0x51, 0xE9, 0x41, 0x88, 0x39, 0x67, 0x31, 0x47, 0x19, 0x05, 0x10, 0x83, 0x00, 0x22,
    0x00, 0x21, 0x08, 0x41, 0x00, 0x41, 0x00, 0x21, 0x00, 0x40, 0x18, 0x22, 0x10, 0xE4, 0x11, 0x25,
    0x28, 0xC5, 0x31, 0x05, 0x31, 0x86, 0x20, 0xA3, 0x19, 0x46, 0x21, 0xE9, 0x29, 0x88, 0x31, 0xCA,
    0x08, 0x42, 0x10, 0x40, 0x08, 0x20, 0x00, 0x22, 0x10, 0x41, 0x10, 0x82, 0x08, 0x62, 0x08, 0x41,
    0x00, 0x21, 0x00, 0x21, 0x00, 0x21, 0x00, 0x21, 0x00, 0x21, 0x00, 0x21, 0x08, 0x41, 0x10, 0x62,
    0x18, 0x42, 0x20, 0x63, 0x28, 0x83, 0x28, 0xA4, 0x28, 0xC4, 0x28, 0xA3, 0x28, 0xA3, 0x20, 0x83,
    0x20, 0x83, 0x18, 0x62, 0x18, 0x62, 0x10, 0x62, 0x10, 0x83, 0x10, 0x83, 0x08, 0x83, 0x08, 0xC3,
    0x08, 0xC3, 0x18, 0xE5, 0x29, 0x67, 0x31, 0x87, 0x31, 0xC8, 0x21, 0xC8, 0x4B, 0x2E, 0x5C, 0x52,
    0x4B, 0xD0, 0x4B, 0xD0, 0x4B, 0xAF, 0x4B, 0x8F, 0x3B, 0x4E, 0x43, 0x2D, 0x3A, 0xED, 0x3A, 0xEC,
    0x3B, 0x0D, 0x43, 0x4E, 0x43, 0x4E, 0x43, 0x4E, 0x43, 0x6E, 0x3B, 0x2D, 0x3A, 0xEC, 0x32, 0x6A,
    0x21, 0xC8, 0x19, 0xA7, 0x21, 0xA7, 0x21, 0xA7, 0x19, 0x87, 0x19, 0x66, 0x19, 0x66, 0x19, 0x87,
    0x2A, 0x29, 0x2A, 0x09, 0x22, 0x29, 0x22, 0x29, 0x22, 0x09, 0x21, 0xE8, 0x19, 0xA7, 0x19, 0x66,
    0x19, 0x46, 0x08, 0xE4, 0x08, 0x83, 0x08, 0x82, 0x08, 0xA2, 0x08, 0xA2, 0x08, 0x82, 0x08, 0xA3,
    0x11, 0x04, 0x19, 0x66, 0x19, 0x66, 0x11, 0x25, 0x08, 0xC4, 0x08, 0xC3, 0x08, 0xA3, 0x08, 0xA3,
    0x08, 0xC3, 0x08, 0xC3, 0x11, 0x04, 0x21, 0xE8, 0x22, 0x29, 0x2A, 0x4A, 0x2A, 0x29, 0x21, 0xC8,
    0x08, 0xA3, 0x10, 0xE4, 0x32, 0x8B, 0x32, 0xAB, 0x3A, 0xCC, 0x32, 0xAB, 0x32, 0xAB, 0x32, 0xAB,
    0x2A, 0x4A, 0x2A, 0x4A, 0x2A, 0x4A, 0x2A, 0x4A, 0x32, 0x8B, 0x3B, 0x0D, 0x3B, 0x2D, 0x43, 0x2D,
    0x43, 0x4E, 0x43, 0x6E, 0x4B, 0x8F, 0x4B, 0x8F, 0x4B, 0xCF, 0x53, 0xF0, 0x54, 0x11, 0x54, 0x11,
    0x5C, 0x52, 0x5C, 0x52, 0x5C, 0x72, 0x64, 0x93, 0x6C, 0xB3, 0x6C, 0xD4, 0x6C, 0xF4, 0x6D, 0x15,
    0x75, 0x35, 0x75, 0x56, 0x75, 0x76, 0x5B, 0xF0, 0x29, 0x87, 0x49, 0x88, 0x51, 0xA8, 0x39, 0x26,
    0x41, 0x88, 0x41, 0x68, 0x18, 0xE5, 0x10, 0xA3, 0x08, 0x62, 0x00, 0x42, 0x08, 0x41, 0x08, 0x41,
    0x08, 0x41, 0x00, 0x20, 0x10, 0x64, 0x19, 0x87, 0x2A, 0x2A, 0x21, 0xA9, 0x20, 0x64, 0x19, 0x03,
    0x28, 0x83, 0x21, 0x69, 0x31, 0xC8, 0x29, 0x89, 0x20, 0xA4, 0x48, 0x61, 0x00, 0x00, 0x10, 0x21,
    0x08, 0x22, 0x20, 0xA2, 0x08, 0x62, 0x08, 0x62, 0x08, 0x41, 0x00, 0x21, 0x00, 0x21, 0x00, 0x21,
    0x00, 0x41, 0x08, 0x42, 0x08, 0x41, 0x08, 0x41, 0x10, 0x21, 0x10, 0x22, 0x18, 0x22, 0x20, 0x42,
    0x20, 0x62, 0x20, 0x62, 0x20, 0x63, 0x20, 0x63, 0x18, 0x63, 0x18, 0x62, 0x10, 0x62, 0x10, 0x42,
    0x10, 0x42, 0x08, 0x42, 0x10, 0x62, 0x08, 0x62, 0x08, 0xA3, 0x08, 0x83, 0x10, 0x83, 0x18, 0xC5,
    0x21, 0x06, 0x29, 0x67, 0x19, 0x67, 0x2A, 0x4A, 0x5C, 0x11, 0x43, 0x8E, 0x4B, 0xAF, 0x53, 0xD0,
    0x4B, 0xAF, 0x43, 0x8F, 0x4B, 0x6E, 0x43, 0x2D, 0x32, 0xCC, 0x32, 0xAB, 0x3A, 0xEC, 0x43, 0x2D,
    0x43, 0x2D, 0x3B, 0x0D, 0x3A, 0xEC, 0x3A, 0xEC, 0x32, 0x8B, 0x21, 0xE8, 0x19, 0x87, 0x19, 0xA7,
    0x21, 0xA7, 0x19, 0x87, 0x19, 0x66, 0x19, 0x66, 0x19, 0x86, 0x2A, 0x29, 0x2A, 0x29, 0x22, 0x29,
    0x22, 0x09, 0x22, 0x09, 0x21, 0xE8, 0x19, 0xC7, 0x19, 0x86, 0x19, 0x66, 0x11, 0x05, 0x08, 0x82,
    0x08, 0x83, 0x08, 0xA2, 0x08, 0x82, 0x08, 0x82, 0x08, 0xA3, 0x11, 0x05, 0x19, 0x66, 0x19, 0x46,
    0x11, 0x05, 0x08, 0xC3, 0x08, 0xA3, 0x08, 0xA3, 0x08, 0xA3, 0x08, 0xC3, 0x08, 0xC3, 0x19, 0x46,
    0x2A, 0x29, 0x22, 0x09, 0x22, 0x29, 0x2A, 0x29, 0x19, 0x66, 0x08, 0xC3, 0x11, 0x25, 0x32, 0x8B,
    0x32, 0x8B, 0x32, 0xAB, 0x32, 0xCC, 0x3A, 0xEC, 0x3A, 0xEC, 0x2A, 0x6A, 0x2A, 0x29, 0x2A, 0x4A,
    0x2A, 0x4A, 0x32, 0x8B, 0x3B, 0x0D, 0x3B, 0x2D, 0x3B, 0x2D, 0x43, 0x4E, 0x43, 0x4E, 0x43, 0x6E,
    0x4B, 0x8F, 0x4B, 0xAF, 0x53, 0xD0, 0x53, 0xF0, 0x54, 0x11, 0x5C, 0x31, 0x5C, 0x52, 0x5C, 0x52,
    0x64, 0x72, 0x64, 0xB3, 0x64, 0xB4, 0x6C, 0xF4, 0x6D, 0x15, 0x6D, 0x35, 0x75, 0x35, 0x75, 0x55,
    0x53, 0x6E, 0x31, 0x87, 0x39, 0x46, 0x39, 0x26, 0x30, 0xC5, 0x31, 0x26, 0x28, 0xE5, 0x10, 0xC4,
    0x10, 0xA3, 0x08, 0x62, 0x08, 0x42, 0x08, 0x62, 0x08, 0x62, 0x08, 0x41, 0x00, 0x21, 0x08, 0x21,
    0x38, 0xA3, 0x39, 0x86, 0x32, 0x4B, 0x41, 0x8A, 0x21, 0x24, 0x18, 0xA3, 0x20, 0xA6, 0x49, 0x67,
    0x40, 0xC2, 0xB4, 0x0A, 0xA2, 0x46, 0x10, 0x40, 0x10, 0x01, 0x08, 0x20, 0x10, 0x62, 0x00, 0x21,
    0x00, 0x21, 0x00, 0x21, 0x00, 0x00, 0x00, 0x01, 0x00, 0x21, 0x08, 0x42, 0x10, 0x62, 0x08, 0x62,
    0x08, 0x41, 0x08, 0x21, 0x10, 0x21, 0x10, 0x21, 0x10, 0x22, 0x10, 0x22, 0x10, 0x21, 0x18, 0x42,
    0x18, 0x42, 0x18, 0x42, 0x10, 0x42, 0x10, 0x42, 0x08, 0x42, 0x08, 0x62, 0x08, 0x62, 0x08, 0x42,
    0x08, 0x42, 0x08, 0x83, 0x00, 0x82, 0x08, 0x83, 0x18, 0xC4, 0x18, 0xE5, 0x19, 0x05, 0x19, 0x46,
    0x21, 0xA7, 0x42, 0xED, 0x3B, 0x0D, 0x43, 0x6E, 0x53, 0xD0, 0x43, 0x6F, 0x43, 0x8F, 0x4B, 0x8F,
    0x4B, 0x8F, 0x43, 0x2D, 0x32, 0xAC, 0x32, 0xCC, 0x43, 0x4E, 0x43, 0x4E, 0x3B, 0x0D, 0x3A, 0xEC,
    0x3A, 0xEC, 0x32, 0x8B, 0x22, 0x09, 0x19, 0xA7, 0x19, 0xA7, 0x21, 0xA7, 0x19, 0x66, 0x19, 0x66,
    0x19, 0x66, 0x19, 0x66, 0x2A, 0x29, 0x2A, 0x29, 0x22, 0x29, 0x22, 0x09, 0x2A, 0x09, 0x22, 0x08,
    0x21, 0xC7, 0x19, 0x87, 0x19, 0x87, 0x11, 0x45, 0x08, 0x82, 0x08, 0x83, 0x08, 0xA2, 0x08, 0x82,
    0x08, 0x82, 0x08, 0xA3, 0x11, 0x25, 0x19, 0x66, 0x11, 0x45, 0x08, 0xE4, 0x08, 0xA3, 0x08, 0xA3,
    0x08, 0xA3, 0x08, 0xA3, 0x08, 0xC3, 0x10, 0xE4, 0x21, 0xA7, 0x2A, 0x08, 0x22, 0x09, 0x22, 0x29,
    0x2A, 0x49, 0x11, 0x25, 0x08, 0xC3, 0x19, 0x45, 0x32, 0xAB, 0x32, 0xAB, 0x32, 0xAB, 0x32, 0xAB,
    0x3A, 0xCC, 0x3A, 0xCC, 0x2A, 0x4A, 0x2A, 0x29, 0x2A, 0x4A, 0x2A, 0x4A, 0x32, 0x8B, 0x3B, 0x0D,
    0x3B, 0x2D, 0x3B, 0x0D, 0x43, 0x2E, 0x43, 0x4E, 0x43, 0x6E, 0x4B, 0x8F, 0x4B, 0xAF, 0x4B, 0xD0,
    0x53, 0xF0, 0x54, 0x11, 0x5C, 0x31, 0x5C, 0x32, 0x5C, 0x52, 0x5C, 0x72, 0x64, 0x93, 0x64, 0xB3,
    0x6C, 0xD4, 0x6D, 0x15, 0x6C, 0xF5, 0x6C, 0xF4, 0x5C, 0x52, 0x3A, 0x6B, 0x29, 0x46, 0x30, 0xE5,
    0x31, 0x05, 0x29, 0x05, 0x28, 0xE5, 0x20, 0xA4, 0x08, 0x63, 0x08, 0x62, 0x00, 0x42, 0x00, 0x21,
    0x00, 0x41, 0x08, 0x62, 0x08, 0x41, 0x08, 0x41, 0x20, 0x20, 0xB9, 0xE6, 0xA2, 0x46, 0x40, 0xC3,
    0x20, 0xC4, 0x18, 0xC2, 0x10, 0xC1, 0x18, 0xA3, 0x18, 0x63, 0x81, 0x83, 0xCC, 0x8C, 0x58, 0xA0,
    0x20, 0x20, 0x28, 0x62, 0x00, 0xA3, 0x08, 0x22, 0x00, 0x00, 0x00, 0x00, 0x00, 0x20, 0x00, 0x21,
    0x00, 0x21, 0x08, 0x41, 0x10, 0x62, 0x10, 0x83, 0x08, 0x42, 0x00, 0x41, 0x00, 0x21, 0x08, 0x21,
    0x08, 0x41, 0x08, 0x41, 0x08, 0x41, 0x08, 0x21, 0x10, 0x21, 0x10, 0x21, 0x10, 0x21, 0x08, 0x42,
    0x08, 0x42, 0x08, 0x42, 0x08, 0x62, 0x08, 0x42, 0x08, 0x42, 0x00, 0x62, 0x00, 0x82, 0x00, 0x62,
    0x08, 0xA3, 0x19, 0x05, 0x19, 0x05, 0x11, 0x05, 0x19, 0x25, 0x19, 0x26, 0x21, 0xC8, 0x32, 0x6A,
    0x4B, 0x6F, 0x4B, 0xAF, 0x43, 0x8E, 0x4B, 0xAF, 0x4B, 0x8F, 0x4B, 0x8F, 0x43, 0x4E, 0x32, 0xCC,
    0x2A, 0x8B, 0x32, 0xCC, 0x3A, 0xED, 0x3A, 0xED, 0x3A, 0xEC, 0x3A, 0xEC, 0x32, 0xAB, 0x2A, 0x29,
    0x19, 0xC7, 0x19, 0xA7, 0x19, 0x87, 0x19, 0x66, 0x19, 0x66, 0x19, 0x66, 0x11, 0x66, 0x2A, 0x29,
    0x2A, 0x29, 0x2A, 0x29, 0x22, 0x29, 0x2A, 0x09, 0x22, 0x08, 0x21, 0xC8, 0x19, 0x86, 0x19, 0x87,
    0x19, 0x46, 0x08, 0x82, 0x08, 0x83, 0x08, 0xA2, 0x08, 0x82, 0x08, 0x82, 0x08, 0xC3, 0x11, 0x25,
    0x19, 0x86, 0x11, 0x25, 0x08, 0xC4, 0x08, 0xA3, 0x08, 0xA3, 0x08, 0xA3, 0x08, 0xA3, 0x08, 0xC3,
    0x11, 0x04, 0x21, 0xA7, 0x19, 0xC8, 0x22, 0x08, 0x22, 0x09, 0x2A, 0x29, 0x08, 0xC4, 0x08, 0xA3,
    0x19, 0x45, 0x32, 0x8B, 0x32, 0x8B, 0x32, 0xCC, 0x32, 0xCC, 0x32, 0xCC, 0x32, 0xAB, 0x2A, 0x4A,
    0x2A, 0x4A, 0x2A, 0x4A, 0x2A, 0x4A, 0x32, 0x8B, 0x3B, 0x0D, 0x3B, 0x2D, 0x3B, 0x0D, 0x43, 0x2D,
    0x43, 0x4E, 0x43, 0x6E, 0x4B, 0x8F, 0x4B, 0xAF, 0x53, 0xD0, 0x53, 0xF0, 0x54, 0x11, 0x5C, 0x31,
    0x5C, 0x31, 0x5C, 0x72, 0x5C, 0x72, 0x64, 0x93, 0x64, 0xB3, 0x6C, 0xD4, 0x6C, 0xF4, 0x6C, 0xD4,
    0x64, 0xB3, 0x6C, 0x93, 0x3A, 0xAC, 0x21, 0x46, 0x28, 0xE5, 0x20, 0xE4, 0x20, 0xE4, 0x10, 0x83,
    0x10, 0x62, 0x10, 0x63, 0x08, 0x62, 0x00, 0x21, 0x00, 0x21, 0x00, 0x21, 0x08, 0x41, 0x08, 0x62,
    0x10, 0x62, 0x10, 0x60, 0x78, 0xC1, 0xD3, 0x29, 0x89, 0xE6, 0x08, 0x40, 0x10, 0x41, 0x28, 0xE5,
    0x00, 0x62, 0x00, 0x41, 0x30, 0x00, 0x30, 0x61, 0x28, 0x61, 0x10, 0x60, 0x18, 0x61, 0x00, 0xA3,
    0x08, 0x63, 0x00, 0x20, 0x00, 0x20, 0x00, 0x20, 0x00, 0x21, 0x00, 0x21, 0x08, 0x21, 0x10, 0x42,
    0x10, 0x62, 0x08, 0x41, 0x00, 0x21, 0x00, 0x21, 0x00, 0x21, 0x08, 0x41, 0x08, 0x41, 0x08, 0x41,
    0x08, 0x41, 0x08, 0x21, 0x08, 0x21, 0x08, 0x21, 0x08, 0x41, 0x08, 0x41, 0x08, 0x41, 0x00, 0x42,
    0x00, 0x42, 0x00, 0x42, 0x00, 0x41, 0x00, 0x42, 0x00, 0x42, 0x08, 0xC4, 0x19, 0x46, 0x19, 0x26,
    0x10, 0xE5, 0x10, 0xE4, 0x10, 0xE5, 0x21, 0x67, 0x2A, 0x0A, 0x53, 0xB0, 0x4B, 0xAF, 0x4B, 0xAF,
    0x4B, 0x8F, 0x43, 0x6F, 0x43, 0x6E, 0x43, 0x4E, 0x3B, 0x0D, 0x2A, 0xAB, 0x22, 0x4A, 0x22, 0x4A,
    0x2A, 0x6A, 0x32, 0xAB, 0x3A, 0xCC, 0x3A, 0xCC, 0x2A, 0x6A, 0x21, 0xC8, 0x19, 0x86, 0x19, 0x86,
    0x19, 0x87, 0x19, 0x66, 0x19, 0x66, 0x11, 0x66, 0x2A, 0x29, 0x2A, 0x29, 0x2A, 0x29, 0x2A, 0x29,
    0x22, 0x09, 0x22, 0x08, 0x21, 0xC8, 0x19, 0x87, 0x19, 0x87, 0x19, 0x66, 0x08, 0x82, 0x08, 0x83,
    0x08, 0xA2, 0x08, 0x82, 0x08, 0x82, 0x08, 0xC3, 0x11, 0x25, 0x19, 0x86, 0x11, 0x25, 0x08, 0xA3,
    0x08, 0xA3, 0x08, 0xA3, 0x08, 0xA3, 0x08, 0xA3, 0x08, 0xC3, 0x11, 0x25, 0x21, 0xC8, 0x19, 0xA7,
    0x22, 0x09, 0x22, 0x09, 0x21, 0xC8, 0x00, 0xA3, 0x08, 0xA3, 0x19, 0x65, 0x21, 0xE8, 0x22, 0x29,
    0x32, 0x8B, 0x3A, 0xEC, 0x43, 0x2D, 0x3A, 0xEC, 0x2A, 0x6A, 0x2A, 0x4A, 0x2A, 0x4A, 0x2A, 0x4A,
    0x32, 0xAB, 0x3B, 0x0D, 0x3B, 0x2D, 0x3B, 0x2D, 0x43, 0x2E, 0x43, 0x4E, 0x43, 0x6E, 0x4B, 0x8F,
    0x4B, 0xAF, 0x53, 0xD0, 0x53, 0xF0, 0x54, 0x11, 0x54, 0x11, 0x5C, 0x31, 0x5C, 0x52, 0x5C, 0x72,
    0x64, 0x93, 0x64, 0x93, 0x6C, 0xD4, 0x6C, 0xD4, 0x6C, 0xD4, 0x64, 0xB3, 0x64, 0xB4, 0x43, 0x2E,
    0x11, 0x05, 0x18, 0xC4, 0x18, 0xC3, 0x18, 0xA3, 0x10, 0xA3, 0x10, 0xA3, 0x18, 0x83, 0x10, 0x62,
    0x08, 0x42, 0x00, 0x41, 0x00, 0x41, 0x00, 0x41, 0x08, 0x62, 0x08, 0x62, 0x08, 0xA2, 0x20, 0x61,
    0x40, 0xC2, 0x20, 0x00, 0x08, 0x40, 0x31, 0x46, 0x51, 0x69, 0x31, 0x68, 0x10, 0x81, 0x08, 0x23,
    0x18, 0x63, 0x18, 0x20, 0x00, 0x41, 0x10, 0x82, 0x08, 0x40, 0x10, 0xC4, 0x00, 0x20, 0x00, 0x20,
    0x00, 0x00, 0x00, 0x00, 0x00, 0x21, 0x08, 0x21, 0x10, 0x42, 0x10, 0x42, 0x10, 0x42, 0x08, 0x21,
    0x00, 0x21, 0x00, 0x21, 0x00, 0x21, 0x00, 0x21, 0x08, 0x21, 0x08, 0x41, 0x08, 0x41, 0x00, 0x41,
    0x00, 0x21, 0x00, 0x21, 0x00, 0x21, 0x00, 0x21, 0x00, 0x21, 0x00, 0x21, 0x00, 0x41, 0x00, 0x21,
    0x08, 0x42, 0x08, 0x63, 0x10, 0xE5, 0x21, 0x66, 0x19, 0x46, 0x19, 0x05, 0x10, 0xE4, 0x10, 0xC4,
    0x19, 0x46, 0x29, 0xC8, 0x43, 0x0D, 0x4B, 0x6E, 0x4B, 0xAF, 0x4B, 0x6E, 0x4B, 0x8F, 0x4B, 0x8F,
    0x4B, 0x6E, 0x43, 0x6E, 0x43, 0x2D, 0x32, 0xCC, 0x2A, 0x6A, 0x22, 0x29, 0x2A, 0x4A, 0x32, 0x8B,
    0x32, 0x8B, 0x32, 0x6A, 0x22, 0x08, 0x19, 0x87, 0x19, 0x66, 0x19, 0x87, 0x19, 0x66, 0x19, 0x66,
    0x11, 0x66, 0x22, 0x08, 0x2A, 0x29, 0x2A, 0x49, 0x2A, 0x29, 0x22, 0x09, 0x22, 0x08, 0x21, 0xC8,
    0x19, 0x87, 0x21, 0xA7, 0x19, 0x66, 0x08, 0x82, 0x08, 0x83, 0x08, 0xA2, 0x08, 0x82, 0x08, 0x82,
    0x10, 0xC3, 0x11, 0x25, 0x19, 0x86, 0x11, 0x05, 0x08, 0xA3, 0x08, 0xA3, 0x08, 0xA3, 0x08, 0xA3,
    0x08, 0xA3, 0x08, 0xC3, 0x19, 0x25, 0x21, 0xE8, 0x19, 0xC8, 0x2A, 0x29, 0x2A, 0x29, 0x19, 0x86,
    0x08, 0xC4, 0x08, 0xC4, 0x21, 0xA6, 0x3A, 0x8B, 0x32, 0x6A, 0x2A, 0x6A, 0x2A, 0x6B, 0x32, 0xCC,
    0x32, 0xCC, 0x2A, 0x6A, 0x2A, 0x4A, 0x2A, 0x4A, 0x2A, 0x4A, 0x32, 0xAB, 0x3B, 0x0D, 0x3B, 0x2D,
    0x3B, 0x2D, 0x43, 0x4E, 0x43, 0x4E, 0x4B, 0x6E, 0x4B, 0x8F, 0x4B, 0xAF, 0x53, 0xD0, 0x53, 0xF0,
    0x54, 0x11, 0x54, 0x11, 0x5C, 0x31, 0x5C, 0x52, 0x5C, 0x52, 0x64, 0x72, 0x64, 0x93, 0x64, 0xB4,
    0x6C, 0xD4, 0x6C, 0xD4, 0x6C, 0xD4, 0x65, 0x14, 0x54, 0x10, 0x11, 0x46, 0x19, 0x05, 0x10, 0xC3,
    0x10, 0xA3, 0x10, 0x83, 0x10, 0x42, 0x10, 0x42, 0x10, 0x42, 0x08, 0x42, 0x00, 0x41, 0x00, 0x41,
    0x00, 0x21, 0x00, 0x21, 0x08, 0x41, 0x18, 0x21, 0x10, 0x42, 0x00, 0x20, 0x00, 0x41, 0x20, 0x82,
    0x20, 0xE4, 0x40, 0xC4, 0x39, 0x04, 0x28, 0xE4, 0x00, 0x20, 0x08, 0x20, 0x10, 0x41, 0x08, 0x20,
    0x00, 0x41, 0x00, 0x41, 0x00, 0x00, 0x00, 0x21, 0x00, 0x20, 0x00, 0x00, 0x00, 0x00, 0x08, 0x21,
    0x10, 0x21, 0x10, 0x42, 0x18, 0x42, 0x18, 0x63, 0x10, 0x42, 0x08, 0x21, 0x08, 0x21, 0x00, 0x21,
    0x00, 0x21, 0x00, 0x21, 0x08, 0x41, 0x00, 0x41, 0x00, 0x41, 0x00, 0x21, 0x00, 0x21, 0x00, 0x21,
    0x00, 0x21, 0x00, 0x21, 0x00, 0x41, 0x00, 0x42, 0x00, 0x21, 0x10, 0x63, 0x18, 0xC4, 0x21, 0x46,
    0x29, 0x87, 0x21, 0x46, 0x21, 0x26, 0x10, 0xE4, 0x08, 0xA4, 0x10, 0xC4, 0x19, 0x47, 0x19, 0xA8,
    0x3B, 0x0D, 0x4B, 0x8F, 0x4B, 0x8F, 0x43, 0x8F, 0x4B, 0x8F, 0x43, 0x6E, 0x43, 0x2D, 0x43, 0x4E,
    0x4B, 0x6F, 0x43, 0x0D, 0x2A, 0x6A, 0x22, 0x09, 0x22, 0x29, 0x2A, 0x4A, 0x2A, 0x4A, 0x22, 0x29,
    0x19, 0xA7, 0x19, 0x86, 0x19, 0x66, 0x19, 0x66, 0x19, 0x66, 0x11, 0x66, 0x22, 0x08, 0x2A, 0x09,
    0x2A, 0x49, 0x2A, 0x49, 0x22, 0x08, 0x22, 0x08, 0x19, 0xC8, 0x19, 0xA7, 0x21, 0xA7, 0x19, 0x66,
    0x08, 0x62, 0x08, 0x83, 0x08, 0xA3, 0x08, 0x82, 0x08, 0xA3, 0x08, 0xC3, 0x19, 0x66, 0x19, 0x66,
    0x08, 0xC3, 0x10, 0xE4, 0x08, 0xA3, 0x08, 0x82, 0x08, 0xC3, 0x08, 0xC3, 0x08, 0xC4, 0x19, 0x46,
    0x21, 0xC8, 0x19, 0xE8, 0x22, 0x49, 0x21, 0xE8, 0x11, 0x25, 0x08, 0xA3, 0x11, 0x25, 0x2A, 0x29,
    0x2A, 0x6A, 0x32, 0x8B, 0x3A, 0xCC, 0x32, 0xCB, 0x32, 0xAB, 0x32, 0x8B, 0x2A, 0x29, 0x2A, 0x4A,
    0x22, 0x29, 0x2A, 0x6A, 0x32, 0xCB, 0x43, 0x0D, 0x43, 0x2D, 0x3B, 0x2D, 0x43, 0x4D, 0x43, 0x6E,
    0x4B, 0x8F, 0x4B, 0x8F, 0x4B, 0xAF, 0x4B, 0xD0, 0x53, 0xF0, 0x54, 0x11, 0x54, 0x11, 0x5C, 0x31,
    0x5C, 0x52, 0x5C, 0x52, 0x64, 0x73, 0x64, 0x93, 0x64, 0xB3, 0x64, 0xB4, 0x6C, 0xD4, 0x6C, 0xD4,
    0x6C, 0xF4, 0x64, 0x92, 0x22, 0x4A, 0x11, 0x25, 0x08, 0xA3, 0x10, 0xE4, 0x00, 0x82, 0x00, 0xA3,
    0x00, 0x62, 0x08, 0x62, 0x00, 0x42, 0x00, 0x42, 0x00, 0x41, 0x00, 0x21, 0x00, 0x21, 0x00, 0x21,
    0x08, 0x20, 0x00, 0x61, 0x00, 0x62, 0x08, 0x20, 0x18, 0xA2, 0x30, 0xA5, 0x51, 0x89, 0x41, 0x86,
    0x18, 0xA2, 0x00, 0x41, 0x20, 0xC2, 0x30, 0xC0, 0x10, 0x41, 0x00, 0x22, 0x00, 0x00, 0x00, 0x20,
    0x00, 0x20, 0x00, 0x20, 0x00, 0x20, 0x00, 0x21, 0x08, 0x21, 0x10, 0x21, 0x10, 0x42, 0x18, 0x62,
    0x10, 0x21, 0x08, 0x21, 0x08, 0x21, 0x00, 0x21, 0x00, 0x21, 0x00, 0x21, 0x00, 0x21, 0x00, 0x21,
    0x08, 0x41, 0x00, 0x21, 0x08, 0x41, 0x00, 0x21, 0x00, 0x21, 0x00, 0x01, 0x00, 0x41, 0x00, 0x42,
    0x08, 0x62, 0x10, 0xA3, 0x21, 0x05, 0x31, 0x26, 0x31, 0x06, 0x29, 0x06, 0x21, 0x26, 0x19, 0x46,
    0x11, 0x05, 0x10, 0xE5, 0x10, 0xE4, 0x10, 0xC4, 0x29, 0x87, 0x29, 0xE8, 0x43, 0x0D, 0x43, 0x6E,
    0x4B, 0x8F, 0x43, 0x6E, 0x32, 0xCC, 0x43, 0x6E, 0x4B, 0x6F, 0x43, 0x4E, 0x43, 0x2E, 0x3A, 0xCC,
    0x2A, 0x6A, 0x22, 0x09, 0x19, 0xC8, 0x21, 0xE8, 0x21, 0xE8, 0x21, 0xA7, 0x19, 0x86, 0x11, 0x66,
    0x19, 0x66, 0x19, 0x66, 0x19, 0x66, 0x19, 0xA7, 0x2A, 0x29, 0x2A, 0x29, 0x2A, 0x29, 0x22, 0x09,
    0x21, 0xE8, 0x21, 0xC8, 0x19, 0xA7, 0x19, 0xA7, 0x21, 0xA7, 0x08, 0x82, 0x08, 0x82, 0x08, 0x83,
    0x08, 0x82, 0x08, 0xC3, 0x08, 0xE4, 0x19, 0x66, 0x19, 0x45, 0x08, 0xA3, 0x08, 0xC3, 0x08, 0x83,
    0x08, 0x83, 0x08, 0xC4, 0x08, 0xC3, 0x10, 0xE4, 0x21, 0x86, 0x21, 0xC8, 0x2A, 0x29, 0x22, 0x08,
    0x11, 0x45, 0x10, 0xC4, 0x10, 0xC4, 0x11, 0x46, 0x2A, 0x49, 0x32, 0x8B, 0x32, 0xAB, 0x3A, 0xCC,
    0x3A, 0xCC, 0x3A, 0xCC, 0x32, 0xAB, 0x2A, 0x4A, 0x2A, 0x4A, 0x2A, 0x29, 0x2A, 0x4A, 0x32, 0xAB,
    0x3A, 0xEC, 0x3B, 0x0D, 0x3B, 0x0D, 0x43, 0x2D, 0x43, 0x6E, 0x43, 0x6E, 0x4B, 0x8F, 0x4B, 0xAF,
    0x4B, 0xD0, 0x53, 0xF0, 0x53, 0xF1, 0x54, 0x11, 0x5C, 0x31, 0x5C, 0x52, 0x5C, 0x52, 0x5C, 0x72,
    0x64, 0x93, 0x64, 0x93, 0x64, 0xB3, 0x64, 0xB4, 0x6C, 0xD4, 0x6C, 0xD4, 0x64, 0x93, 0x4B, 0xAF,
    0x11, 0x86, 0x08, 0xE4, 0x08, 0xA3, 0x10, 0xC4, 0x00, 0x82, 0x08, 0x62, 0x08, 0x62, 0x00, 0x62,
    0x00, 0x62, 0x00, 0x42, 0x00, 0x21, 0x00, 0x21, 0x00, 0x21, 0x00, 0x20, 0x08, 0x83, 0x08, 0x21,
    0x10, 0x40, 0x10, 0x61, 0x18, 0x83, 0x20, 0xA4, 0x18, 0x41, 0x08, 0x20, 0x18, 0xC2, 0x41, 0xC6,
    0x48, 0xE0, 0x08, 0x82, 0x00, 0x21, 0x00, 0x00, 0x00, 0x00, 0x00, 0x20, 0x00, 0x20, 0x00, 0x00,
    0x00, 0x21, 0x08, 0x21, 0x10, 0x21, 0x10, 0x42, 0x18, 0x42, 0x10, 0x22, 0x10, 0x21, 0x08, 0x21,
    0x00, 0x21, 0x00, 0x21, 0x00, 0x21, 0x00, 0x21, 0x00, 0x21, 0x00, 0x21, 0x00, 0x21, 0x00, 0x00,
    0x08, 0x42, 0x00, 0x21, 0x08, 0x42, 0x00, 0x21, 0x08, 0x42, 0x10, 0x83, 0x18, 0xC4, 0x29, 0x25,
    0x31, 0x46, 0x31, 0x26, 0x29, 0x05, 0x20, 0xE5, 0x19, 0x05, 0x10, 0xE5, 0x19, 0x05, 0x11, 0x05,
    0x10, 0xE5, 0x21, 0x67, 0x21, 0xA8, 0x32, 0x6B, 0x32, 0xCC, 0x43, 0x4E, 0x3B, 0x0D, 0x32, 0xAB,
    0x43, 0x6E, 0x4B, 0x6F, 0x43, 0x4E, 0x43, 0x4E, 0x3B, 0x0D, 0x3A, 0xCC, 0x32, 0x6A, 0x22, 0x09,
    0x21, 0xE8, 0x21, 0xC8, 0x21, 0xA7, 0x19, 0x87, 0x19, 0x86, 0x19, 0x66, 0x19, 0x66, 0x19, 0x66,
    0x19, 0x87, 0x2A, 0x29, 0x2A, 0x29, 0x2A, 0x49, 0x22, 0x29, 0x22, 0x08, 0x21, 0xE8, 0x19, 0xC7,
    0x21, 0xC8, 0x21, 0xC7, 0x08, 0x82, 0x08, 0x82, 0x08, 0x82, 0x08, 0x83, 0x10, 0xE4, 0x10, 0xE4,
    0x19, 0x66, 0x11, 0x25, 0x08, 0xA3, 0x08, 0xC3, 0x08, 0xA3, 0x08, 0xA3, 0x08, 0xC3, 0x08, 0xA3,
    0x09, 0x04, 0x21, 0xA7, 0x21, 0xC7, 0x21, 0xE8, 0x19, 0x86, 0x08, 0xE4, 0x08, 0xA3, 0x08, 0xA3,
    0x11, 0x25, 0x32, 0x8A, 0x32, 0xCB, 0x32, 0xCB, 0x3A, 0xEC, 0x3A, 0xEC, 0x3A, 0xEC, 0x3A, 0xCC,
    0x2A, 0x4A, 0x2A, 0x29, 0x2A, 0x4A, 0x2A, 0x4A, 0x32, 0x8B, 0x32, 0xCC, 0x3A, 0xEC, 0x3B, 0x0D,
    0x3B, 0x2D, 0x43, 0x6E, 0x43, 0x6E, 0x4B, 0x8F, 0x4B, 0xAF, 0x4B, 0xCF, 0x4B, 0xD0, 0x53, 0xF0,
    0x54, 0x11, 0x54, 0x11, 0x54, 0x31, 0x5C, 0x52, 0x5C, 0x52, 0x5C, 0x73, 0x64, 0x93, 0x64, 0x93,
    0x64, 0xB3, 0x64, 0xB4, 0x64, 0xB4, 0x64, 0xB3, 0x64, 0x93, 0x3A, 0xEC, 0x09, 0x25, 0x08, 0xC4,
    0x08, 0xA4, 0x08, 0xA3, 0x08, 0x83, 0x08, 0x83, 0x08, 0x83, 0x08, 0x62, 0x08, 0x42, 0x00, 0x41,
    0x00, 0x41, 0x00, 0x21, 0x00, 0x20, 0x08, 0x21, 0x08, 0x20, 0x31, 0x23, 0x39, 0x64, 0x08, 0xA1,
    0x00, 0x40, 0x18, 0x40, 0x29, 0x44, 0x42, 0x06, 0x49, 0x65, 0x81, 0xE4, 0x08, 0x83, 0x08, 0x40,
    0x00, 0x21, 0x00, 0x00, 0x00, 0x20, 0x00, 0x21, 0x00, 0x01, 0x00, 0x21, 0x08, 0x21, 0x10, 0x21,
    0x10, 0x22, 0x18, 0x42, 0x10, 0x42, 0x10, 0x21, 0x08, 0x21, 0x00, 0x21, 0x00, 0x21, 0x00, 0x41,
    0x00, 0x41, 0x00, 0x41, 0x00, 0x42, 0x00, 0x41, 0x08, 0x62, 0x00, 0x01, 0x00, 0x42, 0x00, 0x01,
    0x08, 0x62, 0x08, 0x42, 0x10, 0x62, 0x18, 0xA3, 0x20, 0xC4, 0x31, 0x05, 0x31, 0x06, 0x30, 0xE5,
    0x28, 0xE5, 0x20, 0xC4, 0x18, 0xE5, 0x19, 0x25, 0x11, 0x05, 0x19, 0x25, 0x19, 0x67, 0x21, 0x88,
    0x21, 0xE9, 0x32, 0x6B, 0x3A, 0xCC, 0x32, 0x6B, 0x2A, 0x6A, 0x4B, 0x6E, 0x4B, 0x6E, 0x43, 0x4E,
    0x43, 0x4E, 0x3B, 0x2D, 0x3B, 0x0D, 0x3A, 0xCC, 0x32, 0x6A, 0x21, 0xE8, 0x19, 0xA7, 0x19, 0x87,
    0x19, 0x87, 0x19, 0x87, 0x19, 0x66, 0x19, 0x66, 0x19, 0x66, 0x19, 0x87, 0x2A, 0x29, 0x2A, 0x29,
    0x2A, 0x49, 0x22, 0x29, 0x2A, 0x09, 0x21, 0xE8, 0x21, 0xC8, 0x21, 0xC8, 0x21, 0xC8, 0x08, 0x82,
    0x08, 0x82, 0x08, 0x82, 0x08, 0x83, 0x10, 0xE4, 0x11, 0x04, 0x19, 0x45, 0x11, 0x04, 0x08, 0xA3,
    0x08, 0xA3, 0x08, 0xA3, 0x08, 0xC3, 0x08, 0xC3, 0x08, 0xC3, 0x11, 0x25, 0x21, 0xC7, 0x21, 0xC7,
    0x19, 0x86, 0x11, 0x25, 0x08, 0xC3, 0x08, 0xA3, 0x10, 0xC4, 0x19, 0x87, 0x3A, 0xEC, 0x3A, 0xCC,
    0x3A, 0xCC, 0x3A, 0xEC, 0x3A, 0xEC, 0x3A, 0xED, 0x3A, 0xCC, 0x2A, 0x4A, 0x2A, 0x2A, 0x2A, 0x4A,
    0x2A, 0x4A, 0x2A, 0x6A, 0x32, 0xAC, 0x3A, 0xEC, 0x3B, 0x0D, 0x3B, 0x2D, 0x43, 0x4E, 0x43, 0x6E,
    0x4B, 0x6E, 0x4B, 0x8F, 0x4B, 0xAF, 0x4B, 0xCF, 0x53, 0xD0, 0x53, 0xF0, 0x54, 0x11, 0x54, 0x11,
    0x54, 0x31, 0x5C, 0x52, 0x5C, 0x72, 0x64, 0x73, 0x64, 0x93, 0x64, 0x93, 0x64, 0xB3, 0x64, 0xB4,
    0x64, 0x93, 0x64, 0xB3, 0x64, 0x72, 0x22, 0x29, 0x11, 0x25, 0x00, 0x83, 0x10, 0xC4, 0x08, 0x83,
    0x00, 0x83, 0x08, 0x83, 0x08, 0x83, 0x08, 0x82, 0x08, 0x62, 0x08, 0x42, 0x08, 0x42, 0x00, 0x41,
    0x00, 0x00, 0x00, 0x20, 0x20, 0xA1, 0x62, 0x07, 0x52, 0x67, 0x3A, 0x26, 0x49, 0xC6, 0x4A, 0x07,
    0x39, 0x84, 0x40, 0xC1, 0x8A, 0x46, 0x00, 0x20, 0x00, 0x20, 0x08, 0x00, 0x00, 0x00, 0x00, 0x21,
    0x00, 0x21, 0x00, 0x21, 0x08, 0x21, 0x08, 0x21, 0x10, 0x21, 0x10, 0x22, 0x18, 0x22, 0x10, 0x42,
    0x08, 0x21, 0x08, 0x21, 0x00, 0x21, 0x00, 0x41, 0x00, 0x42, 0x00, 0x41, 0x00, 0x41, 0x00, 0x42,
    0x08, 0xA3, 0x08, 0xC3, 0x08, 0x83, 0x00, 0x21, 0x00, 0x41, 0x08, 0x42, 0x10, 0x62, 0x10, 0x62,
    0x10, 0x62, 0x18, 0x83, 0x20, 0xA4, 0x28, 0xA4, 0x28, 0xC4, 0x28, 0xC4, 0x20, 0xC4, 0x18, 0xE5,
    0x10, 0xE4, 0x08, 0xE4, 0x19, 0x87, 0x2A, 0x09, 0x21, 0xA8, 0x29, 0xC9, 0x32, 0x4B, 0x3A, 0x8B,
    0x22, 0x09, 0x2A, 0x4A, 0x4B, 0x6F, 0x4B, 0x6E, 0x43, 0x4E, 0x43, 0x4E, 0x3B, 0x2D, 0x3B, 0x0D,
    0x3A, 0xEC, 0x32, 0xAB, 0x2A, 0x4A, 0x21, 0xE8, 0x19, 0xA7, 0x19, 0x87, 0x19, 0x86, 0x19, 0x66,
    0x19, 0x66, 0x19, 0x66, 0x19, 0x86, 0x2A, 0x09, 0x2A, 0x29, 0x2A, 0x49, 0x22, 0x29, 0x21, 0xE8,
    0x21, 0xE8, 0x21, 0xC8, 0x21, 0xC8, 0x21, 0xC8, 0x08, 0x82, 0x08, 0x82, 0x08, 0x82, 0x08, 0x82,
    0x10, 0xC3, 0x10, 0xE4, 0x19, 0x45, 0x11, 0x04, 0x08, 0xA3, 0x08, 0x83, 0x08, 0x83, 0x08, 0xA3,
    0x08, 0xC3, 0x08, 0xE4, 0x11, 0x45, 0x21, 0xC7, 0x19, 0x86, 0x11, 0x04, 0x08, 0xC4, 0x00, 0x82,
    0x08, 0xA3, 0x21, 0x87, 0x32, 0x6A, 0x3A, 0xEC, 0x3A, 0xEC, 0x3A, 0xED, 0x43, 0x0D, 0x3B, 0x0D,
    0x3B, 0x0D, 0x3A, 0xCC, 0x2A, 0x4A, 0x2A, 0x2A, 0x2A, 0x4A, 0x2A, 0x4A, 0x2A, 0x6A, 0x32, 0xAC,
    0x3A, 0xEC, 0x3B, 0x0D, 0x3B, 0x2D, 0x43, 0x4D, 0x43, 0x4E, 0x43, 0x6E, 0x4B, 0x8F, 0x4B, 0x8F,
    0x4B, 0xAF, 0x4B, 0xD0, 0x53, 0xF0, 0x53, 0xF0, 0x54, 0x11, 0x5C, 0x31, 0x5C, 0x32, 0x5C, 0x52,
    0x5C, 0x72, 0x64, 0x73, 0x64, 0x93, 0x64, 0x93, 0x64, 0x94, 0x5C, 0x73, 0x64, 0xB4, 0x64, 0xB3,
    0x53, 0x8F, 0x09, 0x25, 0x08, 0xC4, 0x08, 0xA4, 0x08, 0xA3, 0x00, 0x83, 0x00, 0x62, 0x00, 0x62,
    0x08, 0x83, 0x08, 0x83, 0x08, 0x62, 0x08, 0x62, 0x00, 0x00, 0x00, 0x21, 0x08, 0xC2, 0x10, 0x61,
    0x51, 0x03, 0x61, 0xE5, 0x41, 0xA4, 0x49, 0x84, 0x39, 0x22, 0x20, 0x60, 0x7A, 0x05, 0x59, 0x64,
    0x08, 0x20, 0x00, 0x21, 0x08, 0x00, 0x00, 0x41, 0x00, 0x21, 0x00, 0x21, 0x00, 0x21, 0x08, 0x21,
    0x08, 0x21, 0x10, 0x21, 0x10, 0x21, 0x10, 0x21, 0x08, 0x21, 0x08, 0x21, 0x08, 0x41, 0x08, 0x41,
    0x00, 0x42, 0x00, 0x42, 0x00, 0x42, 0x00, 0x41, 0x00, 0x62, 0x08, 0xA3, 0x10, 0xE4, 0x19, 0x25,
    0x10, 0xC4, 0x08, 0x83, 0x08, 0x41, 0x10, 0x62, 0x10, 0x82, 0x10, 0x62, 0x10, 0x62, 0x18, 0x83,
    0x20, 0x83, 0x20, 0xA3, 0x20, 0xA3, 0x18, 0xA3, 0x10, 0xA3, 0x08, 0x83, 0x08, 0xE4, 0x21, 0xA7,
    0x42, 0x8B, 0x32, 0x2A, 0x32, 0x2A, 0x32, 0x2A, 0x32, 0x2A, 0x21, 0xC8, 0x2A, 0x2A, 0x4B, 0x6E,
    0x4B, 0x6E, 0x43, 0x4E, 0x43, 0x4E, 0x3B, 0x2D, 0x3A, 0xEC, 0x32, 0xEC, 0x32, 0xCC, 0x32, 0x8B,
    0x2A, 0x29, 0x21, 0xA7, 0x19, 0x87, 0x19, 0x87, 0x19, 0x86, 0x19, 0x66, 0x19, 0x66, 0x19, 0x66,
    0x22, 0x08, 0x2A, 0x29, 0x2A, 0x49, 0x22, 0x29, 0x21, 0xE8, 0x21, 0xC8, 0x21, 0xC8, 0x21, 0xC8,
    0x21, 0xC7, 0x08, 0x82, 0x08, 0x82, 0x08, 0x82, 0x08, 0x82, 0x08, 0xA3, 0x08, 0xC3, 0x19, 0x04,
    0x10, 0xE4, 0x08, 0xA3, 0x08, 0xA3, 0x08, 0xA3, 0x08, 0xA3, 0x08, 0xA3, 0x08, 0xE4, 0x11, 0x25,
    0x19, 0x66, 0x10, 0xE4, 0x00, 0x62, 0x00, 0x83, 0x10, 0xE4, 0x19, 0x46, 0x2A, 0x29, 0x3A, 0xAB,
    0x32, 0x8B, 0x3A, 0xED, 0x3B, 0x0D, 0x43, 0x2D, 0x3B, 0x2D, 0x43, 0x0D, 0x3A, 0xCC, 0x2A, 0x6A,
    0x2A, 0x4A, 0x2A, 0x29, 0x2A, 0x29, 0x2A, 0x6A, 0x32, 0xAC, 0x3A, 0xED, 0x3B, 0x0D, 0x3B, 0x2D,
    0x43, 0x2D, 0x43, 0x4E, 0x43, 0x6E, 0x4B, 0x6F, 0x4B, 0x8F, 0x4B, 0xAF, 0x4B, 0xB0, 0x4B, 0xD0,
    0x53, 0xF0, 0x54, 0x11, 0x54, 0x31, 0x5C, 0x31, 0x5C, 0x52, 0x5C, 0x72, 0x5C, 0x72, 0x64, 0x93,
    0x64, 0x93, 0x64, 0x93, 0x64, 0x93, 0x64, 0xB3, 0x64, 0x93, 0x5B, 0xD0, 0x11, 0x46, 0x11, 0x05,
    0x08, 0x83, 0x08, 0xA3, 0x08, 0x83, 0x00, 0x62, 0x00, 0x62, 0x08, 0x83, 0x08, 0x83, 0x08, 0x83,
    0x08, 0x63, 0x10, 0x83, 0x00, 0x00, 0x00, 0x20, 0x08, 0x61, 0x40, 0xE3, 0x7A, 0x06, 0x50, 0xE1,
    0x30, 0x40, 0x38, 0xA0, 0x51, 0x84, 0xAB, 0x69, 0x31, 0x03, 0x10, 0x20, 0x00, 0x22, 0x08, 0x00,
    0x00, 0x41, 0x00, 0x21, 0x00, 0x21, 0x08, 0x21, 0x08, 0x21, 0x08, 0x21, 0x08, 0x21, 0x08, 0x21,
    0x10, 0x21, 0x08, 0x21, 0x08, 0x41, 0x08, 0x41, 0x00, 0x42, 0x00, 0x42, 0x00, 0x42, 0x00, 0x42,
    0x00, 0x42, 0x08, 0xA3, 0x00, 0x62, 0x11, 0x04, 0x19, 0x66, 0x21, 0xC8, 0x08, 0xA3, 0x00, 0x42,
    0x00, 0x21, 0x08, 0x62, 0x08, 0x62, 0x08, 0x62, 0x10, 0x62, 0x10, 0x83, 0x18, 0x83, 0x10, 0x82,
    0x10, 0x62, 0x10, 0x83, 0x08, 0x83, 0x10, 0xE4, 0x19, 0x46, 0x3A, 0x4B, 0x3A, 0x6B, 0x42, 0xAC,
    0x2A, 0x09, 0x21, 0xC8, 0x19, 0x67, 0x21, 0xC8, 0x42, 0xEC, 0x43, 0x2D, 0x43, 0x4E, 0x43, 0x2D,
    0x3B, 0x0D, 0x3B, 0x0D, 0x3A, 0xEC, 0x3A, 0xCC, 0x3A, 0xCC, 0x32, 0x6A, 0x21, 0xE8, 0x19, 0xA7,
    0x19, 0x87, 0x19, 0x66, 0x19, 0x66, 0x19, 0x66, 0x11, 0x66, 0x21, 0xE8, 0x2A, 0x09, 0x2A, 0x49,
    0x2A, 0x49, 0x21, 0xE8, 0x21, 0xE8, 0x21, 0xC8, 0x21, 0xC8, 0x21, 0xC7, 0x08, 0x82, 0x08, 0x82,
    0x08, 0x82, 0x08, 0x82, 0x08, 0xA3, 0x08, 0xA3, 0x11, 0x04, 0x08, 0xC3, 0x08, 0xA3, 0x08, 0xA3,
    0x08, 0xA3, 0x08, 0xA3, 0x08, 0xA3, 0x10, 0xC4, 0x10, 0xE4, 0x10, 0xE4, 0x10, 0xC3, 0x08, 0x83,
    0x19, 0x25, 0x21, 0xE8, 0x2A, 0x6A, 0x32, 0xAB, 0x3A, 0xCC, 0x3A, 0xCC, 0x3A, 0xED, 0x3B, 0x0D,
    0x43, 0x2D, 0x3B, 0x2D, 0x3B, 0x2D, 0x3A, 0xEC, 0x2A, 0x6A, 0x2A, 0x4A, 0x2A, 0x4A, 0x2A, 0x4A,
    0x2A, 0x6A, 0x32, 0xCC, 0x3A, 0xED, 0x3B, 0x0D, 0x3B, 0x2D, 0x43, 0x2D, 0x43, 0x4E, 0x43, 0x6E,
    0x4B, 0x6F, 0x4B, 0x8F, 0x4B, 0x8F, 0x4B, 0xAF, 0x4B, 0xD0, 0x53, 0xD0, 0x54, 0x10, 0x54, 0x11,
    0x5C, 0x31, 0x5C, 0x32, 0x5C, 0x52, 0x5C, 0x72, 0x64, 0x72, 0x64, 0x93, 0x5C, 0x73, 0x64, 0xD4,
    0x64, 0x93, 0x64, 0x72, 0x42, 0xEC, 0x19, 0x66, 0x11, 0x05, 0x08, 0xA3, 0x08, 0xA3, 0x08, 0x83,
    0x08, 0x83, 0x00, 0x82, 0x08, 0x83, 0x08, 0x83, 0x08, 0xA3, 0x08, 0xC3, 0x08, 0x42, 0x08, 0x62,
    0x00, 0x41, 0x00, 0x42, 0x20, 0xA2, 0x8A, 0x88, 0x9A, 0x87, 0x69, 0xC5, 0x61, 0x43, 0x92, 0xC9,
    0x82, 0xA6, 0x18, 0xE2, 0x08, 0x01, 0x00, 0x22, 0x00, 0x00, 0x00, 0x01, 0x08, 0x21, 0x08, 0x21,
    0x08, 0x21, 0x08, 0x21, 0x08, 0x21, 0x08, 0x21, 0x08, 0x41, 0x08, 0x41, 0x00, 0x41, 0x00, 0x41,
    0x00, 0x42, 0x00, 0x42, 0x00, 0x42, 0x00, 0x41, 0x00, 0x42, 0x00, 0x62, 0x08, 0x82, 0x08, 0xA3,
    0x00, 0xA3, 0x19, 0x87, 0x19, 0x87, 0x19, 0x87, 0x08, 0xC3, 0x08, 0x62, 0x00, 0x42, 0x00, 0x42,
    0x00, 0x62, 0x08, 0x62, 0x10, 0x62, 0x10, 0x62, 0x08, 0x62, 0x08, 0x62, 0x08, 0x62, 0x08, 0x83,
    0x10, 0xE5, 0x19, 0x26, 0x31, 0xC9, 0x42, 0x6B, 0x42, 0xCC, 0x21, 0xE9, 0x21, 0x87, 0x19, 0x66,
    0x19, 0x87, 0x32, 0x4A, 0x3A, 0xAC, 0x43, 0x2D, 0x3B, 0x0D, 0x3B, 0x0D, 0x3B, 0x0D, 0x3A, 0xEC,
    0x3A, 0xCC, 0x3A, 0xCC, 0x32, 0x8B, 0x2A, 0x49, 0x21, 0xC8, 0x19, 0xA7, 0x19, 0x86, 0x19, 0x66,
    0x19, 0x66, 0x11, 0x46, 0x21, 0xC8, 0x22, 0x09, 0x2A, 0x29, 0x2A, 0x29, 0x21, 0xE8, 0x21, 0xE8,
    0x21, 0xC8, 0x21, 0xC8, 0x21, 0xC8, 0x08, 0x82, 0x08, 0x82, 0x08, 0x82, 0x08, 0x82, 0x08, 0xA3,
    0x08, 0xA3, 0x10, 0xE4, 0x08, 0xA3, 0x08, 0xA3, 0x08, 0xA3, 0x08, 0xA3, 0x08, 0xA3, 0x08, 0xA3,
    0x10, 0xC4, 0x10, 0xC4, 0x08, 0xA3, 0x08, 0xA3, 0x19, 0x25, 0x29, 0xE8, 0x2A, 0x29, 0x2A, 0x6A,
    0x32, 0xCC, 0x3A, 0xEC, 0x43, 0x0D, 0x3A, 0xEC, 0x3A, 0xED, 0x3B, 0x2D, 0x3B, 0x0D, 0x3B, 0x2D,
    0x3A, 0xEC, 0x2A, 0x6A, 0x2A, 0x4A, 0x2A, 0x4A, 0x2A, 0x4A, 0x32, 0x8B, 0x3A, 0xCC, 0x3B, 0x0D,
    0x3B, 0x0D, 0x3B, 0x2D, 0x43, 0x4E, 0x43, 0x4E, 0x43, 0x6E, 0x4B, 0x6E, 0x4B, 0x8F, 0x4B, 0x8F,
    0x4B, 0xAF, 0x4B, 0xD0, 0x4B, 0xD0, 0x54, 0x10, 0x54, 0x11, 0x5C, 0x31, 0x5C, 0x31, 0x5C, 0x52,
    0x5C, 0x72, 0x5C, 0x72, 0x64, 0x72, 0x5C, 0x73, 0x64, 0xB3, 0x64, 0x93, 0x64, 0x32, 0x2A, 0x2A,
    0x19, 0x46, 0x10, 0xE4, 0x10, 0xE4, 0x08, 0xA3, 0x08, 0xA3, 0x08, 0xA3, 0x08, 0x83, 0x08, 0x83,
    0x08, 0xA3, 0x10, 0xE4, 0x11, 0x04, 0x10, 0xA3, 0x10, 0x82, 0x08, 0x22, 0x00, 0x42, 0x08, 0x81,
    0x61, 0x83, 0xA2, 0x67, 0x7A, 0x06, 0x82, 0x26, 0x8A, 0x06, 0x49, 0x82, 0x08, 0xE1, 0x00, 0x02,
    0x08, 0x22, 0x00, 0x00, 0x08, 0x62, 0x08, 0x21, 0x08, 0x21, 0x08, 0x21, 0x08, 0x21, 0x08, 0x21,
    0x08, 0x21, 0x08, 0x21, 0x00, 0x41, 0x00, 0x41, 0x00, 0x41, 0x00, 0x62, 0x00, 0x42, 0x00, 0x41,
    0x00, 0x41, 0x00, 0x42, 0x00, 0x62, 0x00, 0x62, 0x08, 0xA3, 0x08, 0xE4, 0x00, 0xE4, 0x19, 0x87,
    0x29, 0xE8, 0x29, 0xE8, 0x19, 0x45, 0x08, 0x62, 0x08, 0x62, 0x08, 0x62, 0x08, 0x62, 0x08, 0x42,
    0x08, 0x42, 0x08, 0x42, 0x08, 0x62, 0x00, 0x22, 0x08, 0x83, 0x18, 0xE5, 0x29, 0x67, 0x31, 0xA9,
    0x3A, 0x4B, 0x3A, 0x8B, 0x19, 0xC8, 0x21, 0xA8, 0x21, 0x87, 0x19, 0x87, 0x22, 0x09, 0x32, 0x6B,
    0x43, 0x0D, 0x3B, 0x0D, 0x43, 0x0D, 0x3A, 0xED, 0x3A, 0xEC, 0x3A, 0xEC, 0x32, 0xCC, 0x32, 0xAB,
    0x32, 0x6A, 0x22, 0x08, 0x19, 0xA7, 0x19, 0x87, 0x19, 0x87, 0x19, 0x66, 0x11, 0x46, 0x21, 0xC8,
    0x21, 0xE8, 0x2A, 0x29, 0x22, 0x29, 0x21, 0xE8, 0x21, 0xC8, 0x21, 0xC8, 0x21, 0xC8, 0x21, 0xC8,
    0x08, 0x82, 0x08, 0x82, 0x08, 0x82, 0x08, 0x82, 0x08, 0x82, 0x08, 0xA3, 0x10, 0xC3, 0x08, 0xC3,
    0x08, 0xA3, 0x08, 0x83, 0x08, 0xA3, 0x08, 0xA3, 0x08, 0xA3, 0x08, 0xC3, 0x08, 0xC3, 0x08, 0xA3,
    0x19, 0x87, 0x21, 0xC8, 0x22, 0x09, 0x2A, 0x29, 0x32, 0x6A, 0x3A, 0xAB, 0x3A, 0xEC, 0x43, 0x2D,
    0x3B, 0x2D, 0x3B, 0x0D, 0x3B, 0x0D, 0x43, 0x2D, 0x43, 0x0D, 0x3A, 0xCC, 0x32, 0x8B, 0x32, 0x6B,
    0x2A, 0x4A, 0x2A, 0x6A, 0x32, 0xAB, 0x3A, 0xEC, 0x3A, 0xEC, 0x3A, 0xEC, 0x3B, 0x0D, 0x43, 0x2D,
    0x43, 0x4E, 0x43, 0x4E, 0x4B, 0x6E, 0x4B, 0x8F, 0x4B, 0x8F, 0x4B, 0xAF, 0x53, 0xD0, 0x53, 0xD0,
    0x4B, 0xD0, 0x5C, 0x31, 0x54, 0x11, 0x5C, 0x31, 0x5C, 0x52, 0x5C, 0x52, 0x5C, 0x92, 0x64, 0x93,
    0x5C, 0x93, 0x64, 0xB3, 0x64, 0x52, 0x43, 0x2D, 0x21, 0xA8, 0x19, 0x25, 0x19, 0x05, 0x10, 0xA4,
    0x18, 0xC4, 0x08, 0x83, 0x08, 0xC3, 0x00, 0x82, 0x08, 0xA4, 0x08, 0xC4, 0x09, 0x46, 0x3B, 0x6E,
    0x32, 0xAB, 0x00, 0xC4, 0x00, 0x63, 0x08, 0x62, 0x10, 0x41, 0x28, 0xE3, 0x41, 0x44, 0x49, 0x44,
    0x59, 0x86, 0x30, 0xA2, 0x20, 0xC3, 0x08, 0x62, 0x00, 0x20, 0x00, 0x20, 0x00, 0x21, 0x00, 0x21,
    0x00, 0x21, 0x00, 0x21, 0x08, 0x21, 0x08, 0x21, 0x08, 0x41, 0x08, 0x41, 0x08, 0x41, 0x08, 0x41,
    0x00, 0x41, 0x00, 0x41, 0x00, 0x41, 0x00, 0x41, 0x00, 0x41, 0x00, 0x42, 0x00, 0x42, 0x00, 0x62,
    0x00, 0x62, 0x08, 0x83, 0x08, 0xA3, 0x08, 0xC4, 0x19, 0x66, 0x19, 0xA7, 0x21, 0xE8, 0x43, 0x2D,
    0x2A, 0x6A, 0x09, 0x25, 0x00, 0x83, 0x00, 0x42, 0x08, 0x42, 0x08, 0x62, 0x00, 0x21, 0x00, 0x41,
    0x00, 0x42, 0x08, 0xC4, 0x19, 0x46, 0x31, 0xC9, 0x29, 0x67, 0x31, 0xA9, 0x32, 0x09, 0x21, 0xC8,
    0x21, 0xC9, 0x19, 0x67, 0x19, 0x67, 0x19, 0xA7, 0x2A, 0x29, 0x42, 0xEC, 0x32, 0xAB, 0x3A, 0xCC,
    0x3B, 0x0C, 0x3A, 0xCC, 0x3A, 0xCC, 0x3A, 0xEC, 0x32, 0xCC, 0x32, 0x8B, 0x2A, 0x29, 0x19, 0xA7,
    0x19, 0x87, 0x19, 0x86, 0x19, 0x66, 0x19, 0x66, 0x19, 0x86, 0x21, 0xE8, 0x2A, 0x29, 0x22, 0x08,
    0x21, 0xE8, 0x21, 0xE8, 0x21, 0xC8, 0x21, 0xC7, 0x21, 0xC8, 0x08, 0x82, 0x08, 0x82, 0x08, 0x82,
    0x08, 0x82, 0x08, 0x83, 0x08, 0xA3, 0x10, 0xC3, 0x08, 0xC3, 0x08, 0xA3, 0x08, 0x83, 0x08, 0x83,
    0x08, 0x83, 0x08, 0x83, 0x08, 0x83, 0x08, 0xA3, 0x08, 0xC3, 0x21, 0xC8, 0x22, 0x09, 0x2A, 0x29,
    0x2A, 0x4A, 0x32, 0x8B, 0x3A, 0xCC, 0x3A, 0xEC, 0x43, 0x0D, 0x43, 0x2E, 0x3B, 0x2D, 0x43, 0x2D,
    0x43, 0x2E, 0x43, 0x2D, 0x3A, 0xCC, 0x32, 0x8B, 0x32, 0x8B, 0x2A, 0x6A, 0x2A, 0x8B, 0x32, 0xAB,
    0x3A, 0xCC, 0x3A, 0xEC, 0x3B, 0x0D, 0x3B, 0x0D, 0x43, 0x4D, 0x43, 0x4E, 0x43, 0x4E, 0x4B, 0x6E,
    0x4B, 0x8F, 0x4B, 0x8F, 0x4B, 0xAF, 0x53, 0xD0, 0x53, 0xD0, 0x53, 0xF0, 0x5C, 0x31, 0x5C, 0x31,
    0x5C, 0x32, 0x5C, 0x52, 0x5C, 0x52, 0x64, 0x72, 0x64, 0x93, 0x5C, 0x72, 0x64, 0x72, 0x53, 0xB0,
    0x32, 0x6B, 0x19, 0x66, 0x11, 0x05, 0x18, 0xE5, 0x18, 0xE4, 0x10, 0xA3, 0x08, 0xA3, 0x08, 0xC3,
    0x08, 0xA3, 0x10, 0xC4, 0x10, 0xE5, 0x2A, 0x4A, 0x5C, 0x72, 0x5C, 0x11, 0x43, 0x2E, 0x19, 0x87,
    0x10, 0xE4, 0x00, 0x41, 0x18, 0xC3, 0x18, 0x41, 0x20, 0x40, 0x20, 0x61, 0x08, 0x00, 0x10, 0x82,
    0x08, 0x62, 0x00, 0x41, 0x00, 0x21, 0x00, 0x21, 0x00, 0x01, 0x00, 0x21, 0x00, 0x21, 0x00, 0x21,
    0x00, 0x41, 0x00, 0x41, 0x08, 0x41, 0x08, 0x41, 0x08, 0x41, 0x00, 0x41, 0x00, 0x41, 0x00, 0x41,
    0x00, 0x41, 0x00, 0x42, 0x00, 0x42, 0x00, 0x42, 0x00, 0x42, 0x00, 0x62, 0x08, 0x83, 0x08, 0xA3,
    0x08, 0xC4, 0x11, 0x46, 0x19, 0x87, 0x19, 0xA8, 0x32, 0x8B, 0x4B, 0x8E, 0x4B, 0x4E, 0x2A, 0x49,
    0x11, 0x25, 0x08, 0x83, 0x00, 0x62, 0x08, 0x82, 0x08, 0x82, 0x00, 0x42, 0x10, 0xE4, 0x21, 0x46,
    0x31, 0xC9, 0x29, 0x88, 0x21, 0x67, 0x32, 0x09, 0x29, 0xE9, 0x21, 0xA8, 0x19, 0x87, 0x19, 0x87,
    0x19, 0xA7, 0x21, 0xE8, 0x32, 0x6A, 0x32, 0x6A, 0x3A, 0xCC, 0x3A, 0xEC, 0x3A, 0xEC, 0x3A, 0xEC,
    0x3A, 0xEC, 0x3A, 0xCC, 0x32, 0x8B, 0x2A, 0x49, 0x21, 0xC8, 0x19, 0xA7, 0x19, 0x87, 0x19, 0x87,
    0x19, 0x66, 0x19, 0x86, 0x21, 0xC8, 0x2A, 0x08, 0x22, 0x08, 0x21, 0xE8, 0x21, 0xC8, 0x21, 0xC8,
    0x21, 0xC7, 0x21, 0xC8, 0x08, 0x82, 0x08, 0x82, 0x08, 0x82, 0x08, 0x82, 0x08, 0x83, 0x08, 0xA3,
    0x10, 0xC3, 0x10, 0xC3, 0x08, 0x82, 0x08, 0xA3, 0x08, 0x82, 0x08, 0x83, 0x08, 0xA3, 0x08, 0xA3,
    0x08, 0xC3, 0x19, 0x45, 0x2A, 0x29, 0x2A, 0x49, 0x2A, 0x4A, 0x2A, 0x4A, 0x32, 0xAB, 0x3A, 0xEC,
    0x3A, 0xED, 0x43, 0x2D, 0x43, 0x4E, 0x43, 0x4E, 0x43, 0x4E, 0x43, 0x4E, 0x43, 0x2D, 0x3A, 0xEC,
    0x32, 0xAC, 0x32, 0x8B, 0x32, 0x8B, 0x32, 0x8B, 0x32, 0xAB, 0x3A, 0xCC, 0x3B, 0x0D, 0x3B, 0x0D,
    0x43, 0x2D, 0x43, 0x4D, 0x43, 0x4E, 0x43, 0x6E, 0x4B, 0x6E, 0x4B, 0x8F, 0x4B, 0x8F, 0x4B, 0xAF,
    0x53, 0xD0, 0x53, 0xD0, 0x53, 0xF1, 0x5C, 0x31, 0x54, 0x11, 0x5C, 0x52, 0x5C, 0x72, 0x5C, 0x52,
    0x64, 0x93, 0x64, 0x93, 0x53, 0xD0, 0x53, 0xD0, 0x3A, 0xCC, 0x19, 0xA7, 0x11, 0x26, 0x11, 0x05,
    0x10, 0xE4, 0x10, 0xE4, 0x10, 0xA3, 0x08, 0xC3, 0x08, 0xC3, 0x08, 0xC4, 0x10, 0xE4, 0x11, 0x25,
    0x43, 0x0D, 0x6C, 0xD3, 0x6C, 0xD4, 0x6C, 0xB4, 0x53, 0xF1, 0x32, 0xAB, 0x09, 0x25, 0x00, 0x83,
    0x10, 0x62, 0x08, 0x00, 0x00, 0x20, 0x00, 0x00, 0x08, 0x82, 0x00, 0x21, 0x00, 0x21, 0x00, 0x21,
    0x08, 0x21, 0x08, 0x42, 0x00, 0x21, 0x00, 0x21, 0x00, 0x21, 0x00, 0x21, 0x00, 0x41, 0x00, 0x41,
    0x00, 0x41, 0x00, 0x41, 0x00, 0x41, 0x00, 0x41, 0x00, 0x41, 0x00, 0x42, 0x00, 0x42, 0x00, 0x42,
    0x00, 0x42, 0x00, 0x42, 0x00, 0x62, 0x00, 0x82, 0x08, 0xA3, 0x08, 0xE4, 0x11, 0x45, 0x19, 0x87,
    0x19, 0x87, 0x22, 0x09, 0x32, 0xEC, 0x53, 0xF0, 0x53, 0xAF, 0x4B, 0x6E, 0x3A, 0xAB, 0x08, 0xE4,
    0x00, 0x62, 0x00, 0x21, 0x08, 0x62, 0x18, 0xE5, 0x21, 0x46, 0x31, 0xA8, 0x31, 0xC9, 0x19, 0x26,
    0x32, 0x0A, 0x2A, 0x09, 0x21, 0xC8, 0x21, 0xA7, 0x19, 0x87, 0x19, 0x87, 0x19, 0xA7, 0x21, 0xC8,
    0x2A, 0x4A, 0x32, 0xAB, 0x3A, 0xEC, 0x3A, 0xEC, 0x3A, 0xEC, 0x3A, 0xCC, 0x32, 0xCC, 0x32, 0xAB,
    0x32, 0x6A, 0x21, 0xE8, 0x19, 0xA7, 0x19, 0xA7, 0x19, 0x87, 0x19, 0x87, 0x19, 0x86, 0x21, 0xC7,
    0x22, 0x08, 0x22, 0x08, 0x21, 0xE8, 0x21, 0xC8, 0x21, 0xC8, 0x21, 0xC7, 0x21, 0xC8, 0x08, 0x82,
    0x08, 0x82, 0x08, 0x82, 0x08, 0x82, 0x08, 0x83, 0x08, 0xA3, 0x10, 0xC4, 0x10, 0xE4, 0x08, 0x82,
    0x08, 0xA3, 0x08, 0x82, 0x08, 0x83, 0x10, 0xA3, 0x08, 0xA3, 0x10, 0xE4, 0x21, 0xA7, 0x22, 0x29,
    0x2A, 0x49, 0x2A, 0x4A, 0x2A, 0x6A, 0x32, 0x8B, 0x3A, 0xCC, 0x3B, 0x0D, 0x43, 0x2D, 0x43, 0x4E,
    0x43, 0x4E, 0x43, 0x4E, 0x43, 0x6E, 0x43, 0x2E, 0x3A, 0xED, 0x32, 0xCC, 0x32, 0xAC, 0x32, 0xAC,
    0x32, 0xAB, 0x32, 0xAC, 0x3A, 0xEC, 0x3B, 0x0D, 0x3B, 0x2D, 0x43, 0x2D, 0x43, 0x4E, 0x43, 0x6E,
    0x43, 0x6E, 0x4B, 0x6E, 0x4B, 0x6F, 0x4B, 0x8F, 0x4B, 0xAF, 0x53, 0xD0, 0x53, 0xF0, 0x53, 0xF1,
    0x54, 0x11, 0x54, 0x11, 0x5C, 0x52, 0x5C, 0x72, 0x64, 0x72, 0x64, 0x93, 0x64, 0x72, 0x3A, 0xCC,
    0x3A, 0xCC, 0x2A, 0x2A, 0x19, 0x67, 0x11, 0x25, 0x11, 0x05, 0x10, 0xC4, 0x10, 0xC4, 0x10, 0xC4,
    0x08, 0xC4, 0x08, 0xC3, 0x10, 0xE4, 0x11, 0x25, 0x11, 0x67, 0x4B, 0x8F, 0x64, 0x92, 0x5C, 0x93,
    0x64, 0xB4, 0x6C, 0xD4, 0x5C, 0x31, 0x32, 0xCC, 0x11, 0x87, 0x10, 0xC4, 0x00, 0x00, 0x00, 0x40,
    0x00, 0x61, 0x10, 0xE4, 0x08, 0x83, 0x08, 0x42, 0x08, 0x21, 0x00, 0x01, 0x00, 0x21, 0x00, 0x21,
    0x00, 0x21, 0x00, 0x21, 0x00, 0x21, 0x00, 0x21, 0x00, 0x21, 0x00, 0x41, 0x00, 0x41, 0x00, 0x41,
    0x00, 0x41, 0x00, 0x41, 0x00, 0x42, 0x00, 0x42, 0x00, 0x42, 0x00, 0x42, 0x00, 0x42, 0x00, 0x62,
    0x00, 0x82, 0x08, 0xA3, 0x08, 0xE4, 0x11, 0x25, 0x19, 0x87, 0x19, 0xA8, 0x21, 0xC8, 0x2A, 0x6B,
    0x4B, 0x8F, 0x43, 0x8E, 0x53, 0xD0, 0x4B, 0x6E, 0x11, 0x66, 0x00, 0x83, 0x10, 0xA3, 0x08, 0x63,
    0x18, 0xE4, 0x21, 0x25, 0x29, 0x87, 0x31, 0xA8, 0x19, 0x47, 0x29, 0xE9, 0x2A, 0x2A, 0x29, 0xE9,
    0x21, 0xA8, 0x19, 0x67, 0x19, 0x66, 0x21, 0xA7, 0x19, 0xA8, 0x2A, 0x6A, 0x3A, 0xAC, 0x3A, 0xEC,
    0x3A, 0xEC, 0x3A, 0xEC, 0x32, 0xCC, 0x32, 0xAB, 0x3A, 0xAB, 0x32, 0x8A, 0x2A, 0x09, 0x21, 0xC7,
    0x19, 0xA7, 0x19, 0xA7, 0x19, 0x87, 0x19, 0x86, 0x19, 0xA7, 0x21, 0xE8, 0x21, 0xE8, 0x21, 0xE8,
    0x21, 0xC8, 0x21, 0xC8, 0x21, 0xC8, 0x21, 0xC8, 0x08, 0x82, 0x08, 0x82, 0x08, 0x82, 0x08, 0x82,
    0x08, 0x83, 0x08, 0xA3, 0x10, 0xE4, 0x11, 0x04, 0x08, 0xA2, 0x08, 0xC3, 0x08, 0x83, 0x08, 0x83,
    0x08, 0xA3, 0x00, 0x83, 0x08, 0xC4, 0x21, 0xA7, 0x22, 0x08, 0x2A, 0x49, 0x2A, 0x4A, 0x2A, 0x6A,
    0x32, 0x8B, 0x32, 0xCB, 0x3A, 0xEC, 0x43, 0x2D, 0x43, 0x4E, 0x43, 0x4E, 0x4B, 0x6E, 0x4B, 0x6E,
    0x43, 0x4E, 0x3B, 0x0D, 0x3A, 0xEC, 0x3A, 0xCC, 0x3A, 0xEC, 0x3A, 0xCC, 0x32, 0xEC, 0x3B, 0x0D,
    0x43, 0x2D, 0x43, 0x2D, 0x43, 0x4E, 0x43, 0x4E, 0x43, 0x6E, 0x4B, 0x6E, 0x4B, 0x6E, 0x4B, 0x6F,
    0x4B, 0x8F, 0x4B, 0xAF, 0x53, 0xD0, 0x53, 0xF0, 0x53, 0xF0, 0x54, 0x11, 0x54, 0x11, 0x5C, 0x52,
    0x5C, 0x72, 0x64, 0x72, 0x64, 0x72, 0x54, 0x11, 0x2A, 0x0A, 0x2A, 0x0A, 0x2A, 0x09, 0x21, 0x87,
    0x11, 0x05, 0x10, 0xE5, 0x10, 0xE4, 0x08, 0xA3, 0x08, 0xC4, 0x08, 0xC4, 0x08, 0xC3, 0x11, 0x05,
    0x11, 0x46, 0x22, 0x09, 0x5C, 0x31, 0x64, 0xB3, 0x6C, 0xD4, 0x6C, 0xF4, 0x64, 0xB3, 0x6C, 0xD4,
    0x64, 0x93, 0x5B, 0xD0, 0x11, 0x46, 0x00, 0x62, 0x08, 0x41, 0x08, 0x62, 0x18, 0xE5, 0x08, 0x83,
    0x08, 0x62, 0x08, 0x42, 0x00, 0x21, 0x00, 0x42, 0x00, 0x21, 0x00, 0x21, 0x00, 0x21, 0x00, 0x41,
    0x00, 0x41, 0x00, 0x41, 0x00, 0x41, 0x00, 0x41, 0x00, 0x41, 0x00, 0x41, 0x00, 0x41, 0x00, 0x42,
    0x00, 0x42, 0x00, 0x62, 0x00, 0x62, 0x00, 0x62, 0x00, 0x62, 0x08, 0x83, 0x08, 0xA3, 0x08, 0xE4,
    0x11, 0x25, 0x19, 0x67, 0x21, 0xC8, 0x21, 0xC8, 0x22, 0x09, 0x4B, 0x4E, 0x4B, 0xCF, 0x4B, 0xAF,
    0x4B, 0xAF, 0x2A, 0x29, 0x08, 0x83, 0x08, 0x62, 0x08, 0x83, 0x18, 0xC4, 0x18, 0xE5, 0x21, 0x26,
    0x29, 0x67, 0x29, 0xC8, 0x21, 0xC8, 0x2A, 0x2A, 0x2A, 0x09, 0x21, 0xA7, 0x19, 0x67, 0x19, 0x67,
    0x21, 0xA7, 0x19, 0xA7, 0x2A, 0x6A, 0x3A, 0xCC, 0x3A, 0xEC, 0x3A, 0xEC, 0x3A, 0xEC, 0x32, 0xCC,
    0x32, 0xAB, 0x3A, 0xAB, 0x32, 0x8B, 0x2A, 0x49, 0x21, 0xC7, 0x19, 0xA7, 0x19, 0xA7, 0x21, 0xA7,
    0x19, 0x86, 0x19, 0xA7, 0x21, 0xC8, 0x21, 0xE8, 0x21, 0xC8, 0x21, 0xC8, 0x21, 0xC8, 0x21, 0xC8,
    0x21, 0xC8, 0x08, 0x82, 0x08, 0x82, 0x08, 0x82, 0x08, 0x82, 0x08, 0x83, 0x08, 0xA3, 0x10, 0xC4,
    0x11, 0x04, 0x08, 0xA2, 0x08, 0xA3, 0x08, 0x82, 0x08, 0x83, 0x08, 0xA3, 0x08, 0xA3, 0x09, 0x04,
    0x21, 0xA7, 0x21, 0xE8, 0x2A, 0x49, 0x2A, 0x6A, 0x2A, 0x6A, 0x2A, 0x8A, 0x32, 0xAB, 0x3A, 0xCC,
    0x3B, 0x2D, 0x43, 0x2E, 0x43, 0x4E, 0x4B, 0x6E, 0x4B, 0x6E, 0x43, 0x4E, 0x43, 0x2D, 0x3B, 0x0D,
    0x3B, 0x0D, 0x3B, 0x0D, 0x3B, 0x0D, 0x3B, 0x0D, 0x43, 0x2D, 0x43, 0x4E, 0x43, 0x4E, 0x43, 0x4E,
    0x43, 0x4E, 0x4B, 0x6E, 0x4B, 0x6E, 0x4B, 0x6F, 0x4B, 0x8F, 0x4B, 0x8F, 0x4B, 0xAF, 0x53, 0xD0,
    0x53, 0xD0, 0x53, 0xF1, 0x54, 0x11, 0x54, 0x11, 0x5C, 0x52, 0x5C, 0x72, 0x64, 0x72, 0x5C, 0x31,
    0x43, 0x4E, 0x2A, 0x09, 0x29, 0xE9, 0x2A, 0x09, 0x21, 0xA7, 0x09, 0x05, 0x08, 0xE4, 0x11, 0x05,
    0x08, 0xC4, 0x08, 0xC3, 0x08, 0xE4, 0x08, 0xE4, 0x11, 0x05, 0x11, 0x66, 0x32, 0xCC, 0x64, 0x93,
    0x6C, 0xF4, 0x6C, 0xF4, 0x64, 0xB3, 0x64, 0xB3, 0x64, 0xB3, 0x64, 0xD3, 0x6C, 0x92, 0x32, 0x6A,
    0x11, 0x46, 0x10, 0x62, 0x08, 0x62, 0x10, 0xE5, 0x08, 0x83, 0x00, 0x62, 0x08, 0x62, 0x00, 0x62,
    0x00, 0x83, 0x00, 0x41, 0x00, 0x41, 0x00, 0x41, 0x00, 0x41, 0x00, 0x41, 0x00, 0x41, 0x00, 0x41,
    0x00, 0x41, 0x00, 0x41, 0x00, 0x41, 0x00, 0x41, 0x00, 0x42, 0x00, 0x62, 0x00, 0x62, 0x00, 0x62,
    0x00, 0x62, 0x00, 0x82, 0x08, 0xA3, 0x08, 0xA3, 0x08, 0xE4, 0x11, 0x05, 0x11, 0x46, 0x21, 0xC8,
    0x21, 0xC8, 0x21, 0xE9, 0x43, 0x0D, 0x53, 0xAF, 0x43, 0x8F, 0x4B, 0x8F, 0x32, 0x8B, 0x08, 0xC4,
    0x08, 0x63, 0x08, 0xA3, 0x10, 0xA4, 0x18, 0xC4, 0x20, 0xE5, 0x21, 0x46, 0x29, 0xE9, 0x21, 0xA8,
    0x2A, 0x09, 0x21, 0xE9, 0x19, 0x87, 0x19, 0x87, 0x21, 0x87, 0x19, 0x87, 0x19, 0x67, 0x2A, 0x29,
    0x42, 0xED, 0x3A, 0xEC, 0x3A, 0xEC, 0x3A, 0xEC, 0x3A, 0xCC, 0x32, 0xAC, 0x3A, 0xAB, 0x32, 0xAB,
    0x32, 0x6A, 0x21, 0xE8, 0x19, 0xC7, 0x21, 0xA7, 0x21, 0xA7, 0x19, 0x87, 0x19, 0x87, 0x21, 0xC7,
    0x21, 0xE8, 0x21, 0xC8, 0x21, 0xC8, 0x21, 0xC8, 0x21, 0xC8, 0x21, 0xE8, 0x08, 0x82, 0x08, 0x82,
    0x08, 0x82, 0x08, 0x82, 0x08, 0x83, 0x08, 0x83, 0x08, 0xC3, 0x10, 0xE4, 0x08, 0xA3, 0x08, 0x82,
    0x08, 0x82, 0x08, 0x83, 0x08, 0xA3, 0x10, 0xC4, 0x19, 0x45, 0x21, 0xC8, 0x21, 0xE8, 0x2A, 0x29,
    0x2A, 0x4A, 0x2A, 0x4A, 0x32, 0x6A, 0x32, 0xAB, 0x32, 0xCC, 0x3B, 0x0D, 0x43, 0x2D, 0x43, 0x4E,
    0x43, 0x4E, 0x43, 0x4E, 0x43, 0x4E, 0x43, 0x2D, 0x43, 0x2D, 0x43, 0x2D, 0x43, 0x4E, 0x43, 0x4E,
    0x43, 0x4E, 0x4B, 0x6E, 0x4B, 0x6E, 0x4B, 0x6E, 0x4B, 0x6E, 0x4B, 0x6E, 0x4B, 0x6F, 0x4B, 0x6F,
    0x4B, 0x6F, 0x4B, 0x8F, 0x4B, 0xAF, 0x4B, 0xAF, 0x53, 0xD0, 0x53, 0xD0, 0x53, 0xF1, 0x54, 0x11,
    0x5C, 0x31, 0x5C, 0x52, 0x5C, 0x52, 0x64, 0x72, 0x53, 0xF0, 0x32, 0xAC, 0x29, 0xE9, 0x29, 0xE9,
    0x29, 0xC9, 0x21, 0x87, 0x11, 0x25, 0x09, 0x04, 0x09, 0x04, 0x08, 0xE4, 0x08, 0xE4, 0x08, 0xE4,
    0x10, 0xE4, 0x09, 0x05, 0x11, 0x66, 0x4B, 0x8F, 0x64, 0xB4, 0x6C, 0xF4, 0x6C, 0xF4, 0x64, 0xB3,
    0x75, 0x15, 0x6C, 0xD4, 0x64, 0xB3, 0x64, 0x93, 0x53, 0xD0, 0x3A, 0xCC, 0x10, 0x83, 0x00, 0x62,
    0x19, 0x45, 0x11, 0x05, 0x08, 0xC3, 0x08, 0x82, 0x00, 0x62, 0x00, 0x42, 0x00, 0x42, 0x00, 0x42,
    0x00, 0x42, 0x00, 0x42, 0x00, 0x42, 0x00, 0x42, 0x00, 0x42, 0x00, 0x42, 0x00, 0x41, 0x00, 0x41,
    0x00, 0x41, 0x00, 0x42, 0x00, 0x62, 0x00, 0x62, 0x00, 0x62, 0x08, 0x62, 0x00, 0x82, 0x08, 0xA3,
    0x08, 0xA3, 0x08, 0xE4, 0x11, 0x05, 0x11, 0x26, 0x21, 0xA8, 0x21, 0xA8, 0x21, 0xA8, 0x2A, 0x4A,
    0x43, 0x4E, 0x4B, 0xAF, 0x53, 0xD0, 0x32, 0x8B, 0x08, 0xC4, 0x08, 0x83, 0x08, 0xA3, 0x10, 0xA3,
    0x18, 0xA4, 0x18, 0xE4, 0x21, 0x46, 0x29, 0xC8, 0x21, 0xC8, 0x29, 0xE9, 0x21, 0xC8, 0x19, 0x67,
    0x19, 0x87, 0x21, 0xA7, 0x19, 0x66, 0x19, 0x67, 0x21, 0xC8, 0x42, 0xED, 0x3A, 0xEC, 0x3A, 0xCC,
    0x3A, 0xCC, 0x3A, 0xEC, 0x32, 0xCC, 0x32, 0xAB, 0x32, 0xAB, 0x32, 0x8B, 0x22, 0x08, 0x21, 0xC7,
    0x21, 0xA7, 0x21, 0xA7, 0x19, 0x87, 0x19, 0x87, 0x19, 0xA7, 0x21, 0xC8, 0x21, 0xC8, 0x21, 0xC8,
    0x21, 0xE8, 0x21, 0xE8, 0x21, 0xE8, 0x08, 0x82, 0x08, 0x82, 0x08, 0x82, 0x08, 0xA3, 0x08, 0x83,
    0x08, 0x83, 0x08, 0xA3, 0x10, 0xE4, 0x08, 0xC3, 0x08, 0xA2, 0x08, 0x82, 0x08, 0x83, 0x08, 0x83,
    0x10, 0xE4, 0x19, 0x66, 0x21, 0xC7, 0x21, 0xE8, 0x2A, 0x29, 0x2A, 0x29, 0x2A, 0x4A, 0x2A, 0x6A,
    0x32, 0x8B, 0x3A, 0xCC, 0x3A, 0xED, 0x3B, 0x2D, 0x43, 0x2E, 0x43, 0x4E, 0x43, 0x4E, 0x43, 0x2D,
    0x3B, 0x2D, 0x43, 0x2E, 0x43, 0x4E, 0x43, 0x4E, 0x43, 0x6E, 0x4B, 0x6E, 0x4B, 0x8F, 0x4B, 0x8F,
    0x4B, 0x8F, 0x4B, 0x6F, 0x4B, 0x6F, 0x4B, 0x6F, 0x4B, 0x6F, 0x4B, 0x6F, 0x4B, 0x8F, 0x4B, 0xAF,
    0x53, 0xD0, 0x53, 0xD0, 0x53, 0xD0, 0x53, 0xF0, 0x54, 0x11, 0x54, 0x31, 0x5C, 0x52, 0x5C, 0x52,
    0x64, 0x72, 0x53, 0xD0, 0x22, 0x4A, 0x29, 0xC8, 0x29, 0xE9, 0x21, 0xA8, 0x19, 0x66, 0x19, 0x66,
    0x11, 0x25, 0x08, 0xE4, 0x08, 0xE4, 0x09, 0x04, 0x08, 0xC3, 0x08, 0xE4, 0x09, 0x05, 0x19, 0xA7,
    0x64, 0x52, 0x6C, 0xD4, 0x64, 0xD4, 0x6C, 0xD4, 0x6C, 0xF5, 0x64, 0x93, 0x6C, 0xD5, 0x64, 0xB4,
    0x6C, 0xD4, 0x54, 0x11, 0x4B, 0xAF, 0x19, 0x04, 0x08, 0xC3, 0x19, 0x66, 0x09, 0x25, 0x00, 0xA3,
    0x00, 0x82, 0x08, 0x83, 0x08, 0x63, 0x00, 0x62, 0x00, 0x62, 0x00, 0x62, 0x00, 0x62, 0x00, 0x42,
    0x00, 0x42, 0x00, 0x42, 0x00, 0x42, 0x00, 0x62, 0x00, 0x62, 0x00, 0x41, 0x00, 0x42, 0x00, 0x62,
    0x00, 0x62, 0x08, 0x62, 0x08, 0x82, 0x00, 0x82, 0x08, 0xC3, 0x08, 0xA3, 0x08, 0xE4, 0x11, 0x25,
    0x11, 0x46, 0x21, 0xA7, 0x21, 0xA8, 0x21, 0xC8, 0x22, 0x09, 0x32, 0xCC, 0x4B, 0x8F, 0x4B, 0xAF,
    0x32, 0x8A, 0x08, 0xE4, 0x08, 0xA3, 0x00, 0xA3, 0x10, 0xA3, 0x18, 0xA3, 0x18, 0xE4, 0x21, 0x66,
    0x19, 0x87, 0x29, 0xE9, 0x21, 0xE9, 0x21, 0xC8, 0x11, 0x46, 0x19, 0x67, 0x21, 0xA7, 0x19, 0x46,
    0x19, 0x87, 0x19, 0xA7, 0x3A, 0xCC, 0x3A, 0xEC, 0x32, 0xAC, 0x32, 0xCC, 0x3A, 0xEC, 0x32, 0xCC,
    0x32, 0xAB, 0x32, 0xAB, 0x32, 0xAB, 0x22, 0x08, 0x21, 0xC7, 0x21, 0xA7, 0x21, 0xA7, 0x19, 0x87,
    0x19, 0x86, 0x19, 0xA7, 0x21, 0xC7, 0x21, 0xE8, 0x21, 0xE8, 0x21, 0xE8, 0x29, 0xE8, 0x29, 0xE8,
    0x08, 0x82, 0x08, 0x82, 0x08, 0x82, 0x08, 0x82, 0x08, 0x82, 0x08, 0x82, 0x08, 0xA2, 0x10, 0xC3,
    0x08, 0xC3, 0x08, 0x82, 0x08, 0x83, 0x08, 0xA3, 0x08, 0x82, 0x10, 0xE4, 0x19, 0x87, 0x21, 0xE8,
    0x21, 0xE8, 0x22, 0x09, 0x2A, 0x29, 0x2A, 0x4A, 0x2A, 0x4A, 0x32, 0x8B, 0x3A, 0xAC, 0x3A, 0xCC,
    0x3A, 0xEC, 0x43, 0x0D, 0x43, 0x2D, 0x43, 0x2D, 0x43, 0x4E, 0x43, 0x4E, 0x43, 0x6E, 0x43, 0x6E,
    0x4B, 0x6F, 0x4B, 0x8F, 0x4B, 0x8F, 0x4B, 0xAF, 0x53, 0xAF, 0x4B, 0xAF, 0x4B, 0x8F, 0x4B, 0x6F,
    0x4B, 0x6E, 0x4B, 0x6F, 0x4B, 0x8F, 0x4B, 0x8F, 0x4B, 0xAF, 0x53, 0xD0, 0x53, 0xF0, 0x53, 0xF0,
    0x54, 0x10, 0x5C, 0x31, 0x54, 0x11, 0x64, 0x72, 0x5C, 0x72, 0x64, 0x52, 0x4B, 0x6E, 0x2A, 0x2A,
    0x29, 0xE8, 0x29, 0xC8, 0x21, 0xA8, 0x21, 0x67, 0x19, 0x46, 0x11, 0x25, 0x09, 0x05, 0x08, 0xE4,
    0x08, 0xE4, 0x08, 0xC4, 0x10, 0xE4, 0x11, 0x46, 0x32, 0xAB, 0x64, 0xB3, 0x64, 0xD3, 0x6C, 0xD4,
    0x6C, 0xD4, 0x6C, 0xD4, 0x6C, 0xF5, 0x64, 0xD4, 0x64, 0xB3, 0x6C, 0xB4, 0x53, 0xD0, 0x22, 0x29,
    0x11, 0x46, 0x11, 0x25, 0x08, 0xE4, 0x08, 0xC4, 0x08, 0xA3, 0x08, 0xA3, 0x00, 0x83, 0x00, 0x82,
    0x00, 0x62, 0x00, 0x62, 0x00, 0x62, 0x00, 0x62, 0x00, 0x62, 0x00, 0x62, 0x00, 0x62, 0x00, 0x62,
    0x00, 0x62, 0x08, 0x62, 0x08, 0x62, 0x00, 0x62, 0x00, 0x62, 0x08, 0x83, 0x08, 0x83, 0x00, 0x82,
    0x08, 0xA3, 0x08, 0xA3, 0x08, 0xC3, 0x11, 0x04, 0x11, 0x25, 0x11, 0x46, 0x19, 0x87, 0x21, 0xA8,
    0x21, 0xC8, 0x21, 0xC8, 0x2A, 0x2A, 0x4B, 0x8F, 0x43, 0x6E, 0x3A, 0xEC, 0x08, 0xE4, 0x10, 0x83,
    0x08, 0xA3, 0x10, 0xC3, 0x10, 0x83, 0x19, 0x05, 0x19, 0x26, 0x21, 0xA8, 0x21, 0xC8, 0x29, 0xE9,
    0x21, 0xC8, 0x11, 0x46, 0x19, 0x87, 0x19, 0x46, 0x19, 0x46, 0x19, 0x66, 0x11, 0x66, 0x32, 0x6A,
    0x32, 0xCB, 0x3A, 0xCC, 0x3A, 0xEC, 0x3A, 0xEC, 0x32, 0xCC, 0x32, 0xCB, 0x32, 0xAB, 0x32, 0x8B,
    0x2A, 0x29, 0x21, 0xE8, 0x19, 0xA7, 0x21, 0xA7, 0x21, 0xA7, 0x19, 0x86, 0x19, 0xA7, 0x21, 0xE8,
    0x21, 0xE8, 0x21, 0xE8, 0x21, 0xE8, 0x22, 0x08, 0x2A, 0x09, 0x08, 0x82, 0x08, 0x82, 0x08, 0x82,
    0x08, 0x82, 0x08, 0x82, 0x08, 0x82, 0x08, 0xA2, 0x08, 0xA3, 0x08, 0xA3, 0x08, 0x83, 0x08, 0xA3,
    0x08, 0xA3, 0x08, 0xA3, 0x11, 0x04, 0x21, 0x87, 0x21, 0xC8, 0x21, 0xE8, 0x22, 0x09, 0x2A, 0x29,
    0x2A, 0x4A, 0x2A, 0x4A, 0x32, 0x6A, 0x32, 0xAB, 0x3A, 0xCC, 0x3A, 0xEC, 0x3A, 0xED, 0x43, 0x0D,
    0x43, 0x2D, 0x43, 0x4E, 0x43, 0x4E, 0x43, 0x6E, 0x4B, 0x6E, 0x4B, 0x6F, 0x4B, 0x8F, 0x4B, 0x8F,
    0x4B, 0xAF, 0x53, 0xAF, 0x4B, 0xAF, 0x4B, 0x8F, 0x4B, 0x8F, 0x4B, 0x6F, 0x4B, 0x6F, 0x4B, 0x8F,
    0x4B, 0x8F, 0x4B, 0xAF, 0x53, 0xD0, 0x53, 0xF0, 0x53, 0xF0, 0x54, 0x10, 0x5C, 0x31, 0x5C, 0x31,
    0x5C, 0x52, 0x5C, 0x52, 0x5C, 0x52, 0x43, 0x2D, 0x22, 0x09, 0x29, 0xC8, 0x29, 0xC8, 0x21, 0xA7,
    0x21, 0x67, 0x19, 0x46, 0x11, 0x25, 0x11, 0x05, 0x09, 0x05, 0x09, 0x04, 0x10, 0xE4, 0x11, 0x05,
    0x11, 0x66, 0x43, 0x2D, 0x6C, 0xB3, 0x64, 0xD3, 0x6C, 0xD4, 0x6C, 0xD4, 0x6C, 0xD4, 0x6C, 0xF4,
    0x64, 0xD4, 0x6C, 0xD4, 0x53, 0xF0, 0x3A, 0xEC, 0x19, 0xA8, 0x11, 0x46, 0x11, 0x05, 0x08, 0xE4,
    0x08, 0xC4, 0x08, 0xA3, 0x08, 0xA3, 0x08, 0x83, 0x08, 0x82, 0x00, 0x82, 0x00, 0x62, 0x00, 0x62,
    0x00, 0x62, 0x00, 0x62, 0x00, 0x62, 0x08, 0x62, 0x08, 0x62, 0x00, 0x62, 0x08, 0x62, 0x00, 0x62,
    0x00, 0x62, 0x00, 0x62, 0x08, 0x62, 0x08, 0x83, 0x08, 0x83, 0x08, 0xA3, 0x08, 0xA3, 0x08, 0xC4,
    0x11, 0x05, 0x11, 0x25, 0x19, 0x46, 0x19, 0x67, 0x21, 0xA8, 0x21, 0xA8, 0x19, 0xA8, 0x21, 0xE9,
    0x43, 0x0D, 0x4B, 0xAF, 0x43, 0x4E, 0x19, 0x87, 0x08, 0x83, 0x08, 0xA3, 0x10, 0xA3, 0x10, 0xA3,
    0x18, 0xE4, 0x19, 0x26, 0x21, 0x88, 0x21, 0xA8, 0x29, 0xE9, 0x19, 0xA8, 0x19, 0x66, 0x11, 0x46,
    0x19, 0x26, 0x19, 0x25, 0x11, 0x25, 0x19, 0x87, 0x32, 0x4A, 0x32, 0xCB, 0x3A, 0xCC, 0x3A, 0xEC,
    0x32, 0xCC, 0x32, 0xCB, 0x32, 0xAB, 0x32, 0xAB, 0x32, 0x8B, 0x2A, 0x49, 0x21, 0xE8, 0x19, 0xA7,
    0x21, 0xA7, 0x21, 0xA7, 0x19, 0x87, 0x19, 0xA7, 0x21, 0xE8, 0x21, 0xE8, 0x2A, 0x09, 0x2A, 0x09,
    0x2A, 0x09, 0x2A, 0x09, 0x08, 0x82, 0x08, 0x82, 0x08, 0x82, 0x08, 0x82, 0x08, 0x82, 0x08, 0x82,
    0x08, 0x82, 0x08, 0xA3, 0x08, 0xA3, 0x08, 0x83, 0x08, 0xA3, 0x08, 0xA3, 0x08, 0xA3, 0x11, 0x25,
    0x21, 0x87, 0x21, 0xC7, 0x21, 0xE8, 0x22, 0x08, 0x2A, 0x29, 0x2A, 0x29, 0x2A, 0x4A, 0x32, 0x6A,
    0x32, 0x8B, 0x3A, 0xAB, 0x32, 0xCB, 0x3A, 0xEC, 0x3B, 0x0D, 0x43, 0x2D, 0x43, 0x4E, 0x43, 0x4E,
    0x43, 0x6E, 0x4B, 0x6E, 0x4B, 0x6F, 0x4B, 0x8F, 0x4B, 0xAF, 0x53, 0xAF, 0x53, 0xB0, 0x4B, 0xAF,
    0x4B, 0x8F, 0x4B, 0x8F, 0x4B, 0x8F, 0x4B, 0x8F, 0x4B, 0x8F, 0x4B, 0xAF, 0x4B, 0xAF, 0x53, 0xD0,
    0x53, 0xF0, 0x53, 0xF0, 0x54, 0x11, 0x5C, 0x31, 0x5C, 0x32, 0x5C, 0x52, 0x5C, 0x52, 0x5C, 0x32,
    0x3A, 0xCC, 0x21, 0xE9, 0x29, 0xC8, 0x21, 0xC8, 0x21, 0xA7, 0x19, 0x67, 0x19, 0x46, 0x11, 0x25,
    0x11, 0x25, 0x11, 0x05, 0x09, 0x05, 0x11, 0x05, 0x11, 0x05, 0x19, 0xC8, 0x53, 0xF0, 0x6C, 0xD3,
    0x64, 0xF4, 0x64, 0xF4, 0x6C, 0xF4, 0x6C, 0xD4, 0x6C, 0xD4, 0x6C, 0xD4, 0x6C, 0xD4, 0x3B, 0x0D,
    0x22, 0x29, 0x11, 0x66, 0x11, 0x25, 0x11, 0x05, 0x08, 0xE4, 0x08, 0xC4, 0x08, 0xA3, 0x08, 0xA3,
    0x08, 0x83, 0x08, 0x83, 0x08, 0x82, 0x08, 0x82, 0x08, 0x82, 0x00, 0x82, 0x08, 0x62, 0x08, 0x62,
    0x08, 0x62, 0x08, 0x62, 0x00, 0x62, 0x00, 0x62, 0x08, 0x62, 0x08, 0x82, 0x08, 0x83, 0x08, 0x83,
    0x08, 0x83, 0x08, 0xA3, 0x08, 0xA3, 0x08, 0xC3, 0x08, 0xE4, 0x11, 0x05, 0x11, 0x25, 0x19, 0x46,
    0x19, 0x67, 0x21, 0xA8, 0x21, 0xA8, 0x21, 0xA8, 0x19, 0xA8, 0x32, 0x8B, 0x4B, 0x8F, 0x4B, 0x6E,
    0x2A, 0x29, 0x08, 0xC4, 0x08, 0xA3, 0x08, 0xA3, 0x10, 0xA4, 0x18, 0xE4, 0x19, 0x46, 0x21, 0xA8,
    0x19, 0x87, 0x21, 0xE9, 0x19, 0xA8, 0x19, 0x87, 0x11, 0x25, 0x19, 0x25, 0x11, 0x25, 0x09, 0x05,
    0x19, 0xA7, 0x32, 0x6A, 0x3A, 0xCC, 0x3A, 0xEC, 0x3A, 0xEC, 0x32, 0xCC, 0x32, 0xCB, 0x32, 0xAB,
    0x32, 0xAB, 0x32, 0xAB, 0x2A, 0x49, 0x21, 0xE8, 0x19, 0xA7, 0x21, 0xA7, 0x21, 0xA7, 0x19, 0x87,
    0x19, 0xA7, 0x21, 0xE8, 0x22, 0x08, 0x2A, 0x09, 0x2A, 0x09, 0x2A, 0x09, 0x2A, 0x09, 0x08, 0xA3,
    0x08, 0x82, 0x08, 0x82, 0x08, 0x82, 0x08, 0x82, 0x08, 0x82, 0x08, 0x82, 0x08, 0xA3, 0x08, 0x83,
    0x08, 0xA3, 0x08, 0xA3, 0x08, 0xA3, 0x08, 0xC3, 0x11, 0x45, 0x21, 0xA7, 0x19, 0xA7, 0x21, 0xC8,
    0x21, 0xE8, 0x22, 0x09, 0x2A, 0x09, 0x2A, 0x29, 0x2A, 0x4A, 0x32, 0x6A, 0x32, 0x8B, 0x32, 0xAB,
    0x3A, 0xCC, 0x3A, 0xEC, 0x43, 0x0D, 0x43, 0x2D, 0x43, 0x4E, 0x43, 0x4E, 0x43, 0x6E, 0x4B, 0x6F,
    0x4B, 0x8F, 0x4B, 0xAF, 0x53, 0xB0, 0x53, 0xB0, 0x53, 0xAF, 0x4B, 0xAF, 0x4B, 0xAF, 0x4B, 0x8F,
    0x4B, 0x8F, 0x4B, 0xAF, 0x4B, 0xAF, 0x53, 0xD0, 0x53, 0xD0, 0x53, 0xF0, 0x53, 0xF0, 0x54, 0x11,
    0x54, 0x11, 0x5C, 0x52, 0x5C, 0x52, 0x5C, 0x52, 0x5C, 0x31, 0x32, 0x8B, 0x21, 0xE9, 0x21, 0xC8,
    0x21, 0xA8, 0x21, 0x87, 0x19, 0x67, 0x19, 0x46, 0x11, 0x46, 0x11, 0x25, 0x11, 0x25, 0x11, 0x25,
    0x11, 0x25, 0x11, 0x46, 0x32, 0xAB, 0x64, 0x72, 0x6C, 0xD3, 0x6C, 0xF4, 0x6C, 0xF4, 0x6C, 0xF4,
    0x6C, 0xD4, 0x64, 0xD4, 0x6C, 0xD4, 0x64, 0x52, 0x2A, 0x4A, 0x21, 0xC8, 0x19, 0x67, 0x11, 0x25,
    0x09, 0x05, 0x08, 0xE4, 0x08, 0xC4, 0x08, 0xC4, 0x08, 0xA3, 0x08, 0xA3, 0x08, 0xA3, 0x08, 0xA3,
    0x08, 0xA3, 0x08, 0x82, 0x08, 0x82, 0x08, 0x82, 0x08, 0x82, 0x08, 0x82, 0x08, 0x82, 0x08, 0x82,
    0x08, 0x82, 0x08, 0x82, 0x08, 0x83, 0x08, 0x83, 0x08, 0x83, 0x08, 0xA3, 0x08, 0xC3, 0x08, 0xC3,
    0x08, 0xC4, 0x08, 0xE4, 0x11, 0x05, 0x11, 0x46, 0x19, 0x66, 0x19, 0x87, 0x21, 0x87, 0x19, 0x87,
    0x21, 0xA8, 0x21, 0xA8, 0x22, 0x29, 0x43, 0x6E, 0x43, 0x4E, 0x3A, 0xCC, 0x19, 0x66, 0x08, 0xC3,
    0x08, 0x83, 0x10, 0xC4, 0x10, 0xE4, 0x19, 0x66, 0x21, 0xA8, 0x11, 0x67, 0x21, 0xE9, 0x21, 0xC8,
    0x19, 0x67, 0x11, 0x25, 0x11, 0x25, 0x11, 0x05, 0x09, 0x05, 0x19, 0x87, 0x32, 0x6A, 0x3A, 0xEC,
    0x3A, 0xEC, 0x3A, 0xEC, 0x3A, 0xEC, 0x32, 0xCB, 0x32, 0xAB, 0x32, 0xAB, 0x32, 0x8B, 0x2A, 0x4A,
    0x21, 0xE8, 0x19, 0xA7, 0x21, 0xA7, 0x21, 0xA7, 0x19, 0x87, 0x21, 0xA7, 0x21, 0xC7, 0x29, 0xE8,
    0x2A, 0x09, 0x2A, 0x09, 0x2A, 0x08, 0x2A, 0x08, 0x08, 0xA3, 0x08, 0x82, 0x08, 0x82, 0x08, 0x82,
    0x08, 0x82, 0x08, 0x82, 0x08, 0x82, 0x08, 0xA3, 0x08, 0x83, 0x08, 0xA3, 0x08, 0xA3, 0x08, 0xA3,
    0x10, 0xE4, 0x19, 0x66, 0x21, 0xA7, 0x21, 0xA7, 0x21, 0xC7, 0x21, 0xE8, 0x2A, 0x09, 0x22, 0x09,
    0x22, 0x09, 0x2A, 0x29, 0x32, 0x6A, 0x32, 0x8B, 0x32, 0x8B, 0x32, 0xAB, 0x3A, 0xEC, 0x3B, 0x0D,
    0x43, 0x0D, 0x43, 0x2D, 0x43, 0x4E, 0x43, 0x4E, 0x4B, 0x6E, 0x4B, 0x8F, 0x4B, 0xAF, 0x53, 0xB0,
    0x53, 0xB0, 0x53, 0xB0, 0x53, 0xAF, 0x53, 0xAF, 0x4B, 0xAF, 0x4B, 0xAF, 0x4B, 0xAF, 0x53, 0xD0,
    0x53, 0xD0, 0x53, 0xF0, 0x53, 0xF0, 0x54, 0x10, 0x5C, 0x31, 0x54, 0x11, 0x5C, 0x52, 0x5C, 0x52,
    0x5C, 0x52, 0x53, 0xF0, 0x2A, 0x4A, 0x21, 0xC9, 0x21, 0xC8, 0x21, 0xA7, 0x19, 0x87, 0x19, 0x66,
    0x19, 0x46, 0x11, 0x46, 0x11, 0x45, 0x11, 0x25, 0x11, 0x46, 0x11, 0x46, 0x21, 0xE8, 0x53, 0xD0,
    0x6C, 0xB3, 0x6C, 0xD4, 0x6C, 0xF4, 0x64, 0xF4, 0x6C, 0xF4, 0x64, 0xD4, 0x64, 0xB4, 0x6C, 0x93,
    0x43, 0x4E, 0x21, 0xE9, 0x19, 0x87, 0x19, 0x46, 0x11, 0x25, 0x09, 0x04, 0x08, 0xE4, 0x08, 0xC4,
    0x08, 0xC4, 0x08, 0xC3, 0x08, 0xA3, 0x08, 0xA3, 0x08, 0xA3, 0x08, 0xA3, 0x08, 0xA3, 0x08, 0xA3,
    0x08, 0x83, 0x08, 0x83, 0x08, 0x83, 0x08, 0x83, 0x08, 0x83, 0x08, 0x82, 0x08, 0x83, 0x08, 0xA3,
    0x08, 0xA3, 0x08, 0xA3, 0x08, 0xA3, 0x08, 0xA4, 0x08, 0xC4, 0x08, 0xE4, 0x11, 0x04, 0x11, 0x05,
    0x19, 0x46, 0x19, 0x66, 0x19, 0x87, 0x19, 0x87, 0x19, 0x67, 0x21, 0x87, 0x21, 0xA8, 0x21, 0xE9,
    0x43, 0x4E, 0x43, 0x6E, 0x4B, 0x4E, 0x32, 0x4A, 0x11, 0x05, 0x08, 0x83, 0x10, 0xC4, 0x10, 0xE4,
    0x21, 0x66, 0x21, 0xA8, 0x11, 0x67, 0x21, 0xC9, 0x21, 0xA8, 0x11, 0x46, 0x11, 0x25, 0x10, 0xE4,
    0x08, 0xE4, 0x09, 0x05, 0x11, 0x46, 0x32, 0x49, 0x3A, 0xCC, 0x3A, 0xEC, 0x3A, 0xEC, 0x3A, 0xEC,
    0x32, 0xCC, 0x32, 0xCB, 0x32, 0xAB, 0x32, 0x8B, 0x32, 0x6A, 0x22, 0x09, 0x21, 0xC8, 0x21, 0xA7,
    0x21, 0xA7, 0x19, 0x87, 0x21, 0xA7, 0x21, 0xC7, 0x21, 0xE8, 0x2A, 0x09, 0x2A, 0x09, 0x29, 0xE8,
    0x2A, 0x08, 0x08, 0xA3, 0x08, 0x82, 0x08, 0x82, 0x08, 0x82, 0x08, 0x82, 0x08, 0x82, 0x08, 0xA2,
    0x08, 0xA3, 0x08, 0x83, 0x08, 0xA3, 0x08, 0xA3, 0x08, 0xA3, 0x11, 0x24, 0x19, 0x86, 0x19, 0xA7,
    0x21, 0xA7, 0x21, 0xC7, 0x21, 0xE8, 0x21, 0xE8, 0x21, 0xE8, 0x22, 0x08, 0x2A, 0x29, 0x2A, 0x4A,
    0x32, 0x6A, 0x32, 0x8B, 0x32, 0xAB, 0x3A, 0xCC, 0x3A, 0xEC, 0x3B, 0x0D, 0x43, 0x0D, 0x43, 0x2D,
    0x43, 0x4E, 0x4B, 0x6E, 0x4B, 0x8F, 0x4B, 0xAF, 0x53, 0xB0, 0x53, 0xB0, 0x53, 0xB0, 0x53, 0xB0,
    0x53, 0xD0, 0x53, 0xAF, 0x53, 0xB0, 0x53, 0xD0, 0x53, 0xD0, 0x53, 0xF0, 0x53, 0xF0, 0x54, 0x10,
    0x54, 0x11, 0x5C, 0x31, 0x5C, 0x31, 0x5C, 0x52, 0x64, 0x52, 0x54, 0x11, 0x43, 0x6E, 0x2A, 0x2A,
    0x21, 0xC8, 0x21, 0xC8, 0x21, 0xA7, 0x19, 0x87, 0x19, 0x66, 0x19, 0x46, 0x19, 0x46, 0x11, 0x46,
    0x11, 0x46, 0x11, 0x25, 0x19, 0xA7, 0x32, 0xCC, 0x64, 0x93, 0x6C, 0xD4, 0x6C, 0xD4, 0x6C, 0xF4,
    0x64, 0xF4, 0x6C, 0xD4, 0x64, 0xB4, 0x6C, 0xB4, 0x5C, 0x11, 0x32, 0x8B, 0x21, 0xC8, 0x19, 0x67,
    0x19, 0x25, 0x11, 0x25, 0x11, 0x05, 0x08, 0xE4, 0x08, 0xE4, 0x08, 0xE4, 0x08, 0xC4, 0x08, 0xC4,
    0x08, 0xC4, 0x08, 0xA3, 0x08, 0xA3, 0x08, 0xA3, 0x08, 0xA3, 0x08, 0xA3, 0x08, 0xA3, 0x08, 0xA3,
    0x08, 0xA3, 0x08, 0x83, 0x08, 0xA3, 0x08, 0xA3, 0x08, 0xA3, 0x08, 0xA3, 0x08, 0xA3, 0x08, 0xC4,
    0x08, 0xC4, 0x08, 0xE4, 0x10, 0xE4, 0x11, 0x05, 0x11, 0x25, 0x19, 0x46, 0x19, 0x66, 0x19, 0x87,
    0x19, 0x87, 0x19, 0x87, 0x19, 0x87, 0x19, 0x87, 0x21, 0xC8, 0x3B, 0x0D, 0x43, 0x8E, 0x4B, 0x6E,
    0x3A, 0xCC, 0x21, 0xA7, 0x08, 0xC4, 0x08, 0xC4, 0x10, 0xE5, 0x21, 0x67, 0x21, 0xA8, 0x19, 0xA8,
    0x21, 0xC8, 0x21, 0xA8, 0x11, 0x25, 0x11, 0x25, 0x08, 0xC4, 0x08, 0xC4, 0x09, 0x04, 0x11, 0x25,
    0x32, 0x4A, 0x32, 0xAB, 0x3A, 0xCC, 0x3A, 0xEC, 0x3A, 0xCC, 0x32, 0xCC, 0x32, 0xCB, 0x32, 0xAB,
    0x32, 0x8B, 0x32, 0x6A, 0x2A, 0x09, 0x21, 0xC8, 0x19, 0xA7, 0x21, 0xA7, 0x19, 0x87, 0x19, 0x87,
    0x21, 0xA7, 0x21, 0xC8, 0x2A, 0x08, 0x2A, 0x08, 0x21, 0xE8, 0x29, 0xE8, 0x08, 0x82, 0x08, 0x82,
    0x08, 0x82, 0x08, 0x82, 0x08, 0x82, 0x08, 0x82, 0x08, 0xA2, 0x10, 0xC3, 0x08, 0x83, 0x08, 0xA3,
    0x08, 0xA3, 0x08, 0xE3, 0x19, 0x65, 0x21, 0x86, 0x19, 0xA7, 0x21, 0xA7, 0x21, 0xA7, 0x21, 0xC8,
    0x21, 0xE8, 0x21, 0xE8, 0x21, 0xE8, 0x2A, 0x09, 0x2A, 0x4A, 0x32, 0x6A, 0x32, 0x8B, 0x32, 0x8B,
    0x32, 0xAC, 0x3A, 0xCC, 0x3A, 0xEC, 0x3A, 0xED, 0x3B, 0x2D, 0x43, 0x2E, 0x43, 0x6E, 0x4B, 0x8F,
    0x4B, 0xAF, 0x53, 0xB0, 0x53, 0xB0, 0x53, 0xB0, 0x53, 0xD0, 0x53, 0xD0, 0x53, 0xB0, 0x53, 0xD0,
    0x53, 0xD0, 0x53, 0xF0, 0x53, 0xF0, 0x53, 0xF0, 0x54, 0x11, 0x54, 0x11, 0x5C, 0x31, 0x5C, 0x31,
    0x5C, 0x52, 0x5C, 0x52, 0x43, 0x8F, 0x32, 0xCC, 0x22, 0x09, 0x29, 0xE8, 0x21, 0xC8, 0x21, 0xA7,
    0x19, 0x67, 0x19, 0x66, 0x19, 0x66, 0x19, 0x66, 0x19, 0x66, 0x19, 0x66, 0x19, 0x66, 0x2A, 0x8A,
    0x4B, 0xD0, 0x64, 0xD3, 0x6C, 0xD4, 0x6C, 0xD4, 0x6C, 0xF4, 0x64, 0xD4, 0x6C, 0xD4, 0x64, 0xB4,
    0x6C, 0x93, 0x43, 0x2E, 0x22, 0x2A, 0x21, 0xC8, 0x19, 0x67, 0x19, 0x26, 0x11, 0x25, 0x11, 0x05,
    0x09, 0x04, 0x08, 0xE4, 0x08, 0xE4, 0x08, 0xC4, 0x08, 0xC4, 0x08, 0xC4, 0x08, 0xC3, 0x08, 0xC3,
    0x08, 0xC3, 0x08, 0xA3, 0x08, 0xA3, 0x08, 0xA3, 0x08, 0xA3, 0x08, 0xA3, 0x08, 0xA3, 0x08, 0xC3,
    0x08, 0xA3, 0x08, 0xA3, 0x08, 0xC4, 0x10, 0xE4, 0x10, 0xE4, 0x08, 0xC4, 0x08, 0xE4, 0x11, 0x04,
    0x11, 0x05, 0x11, 0x25, 0x19, 0x46, 0x19, 0x87, 0x21, 0x87, 0x19, 0x66, 0x19, 0xA7, 0x19, 0x87,
    0x19, 0x67, 0x21, 0xA8, 0x32, 0xAB, 0x43, 0x6E, 0x43, 0x4E, 0x3A, 0xED, 0x3A, 0xAB, 0x19, 0x46,
    0x08, 0xC4, 0x11, 0x05, 0x19, 0x87, 0x21, 0xA7, 0x21, 0xC8, 0x19, 0xA8, 0x21, 0xA7, 0x11, 0x46,
    0x11, 0x05, 0x08, 0xE4, 0x08, 0xC4, 0x09, 0x04, 0x19, 0x66, 0x32, 0x6A, 0x3A, 0xCC, 0x3A, 0xCC,
    0x3A, 0xEC, 0x3A, 0xCC, 0x32, 0xCB, 0x32, 0xAB, 0x32, 0xAB, 0x32, 0x8B, 0x32, 0x8A, 0x2A, 0x29,
    0x21, 0xC8, 0x19, 0xA7, 0x21, 0xA7, 0x21, 0x87, 0x21, 0x87, 0x21, 0xA7, 0x21, 0xA7, 0x29, 0xE8,
    0x2A, 0x08, 0x21, 0xE8, 0x21, 0xE8, 0x08, 0x82, 0x08, 0x82, 0x08, 0x82, 0x08, 0x82, 0x08, 0x82,
    0x08, 0x82, 0x08, 0xA3, 0x10, 0xC3, 0x08, 0xA3, 0x08, 0xA3, 0x08, 0xA3, 0x11, 0x04, 0x19, 0x86,
    0x21, 0xA7, 0x19, 0xA7, 0x21, 0xA7, 0x21, 0xA7, 0x21, 0xC8, 0x21, 0xE8, 0x21, 0xE8, 0x21, 0xE8,
    0x2A, 0x09, 0x2A, 0x4A, 0x32, 0x6A, 0x32, 0x6A, 0x32, 0x8B, 0x32, 0xAB, 0x32, 0xAC, 0x3A, 0xCC,
    0x3A, 0xED, 0x43, 0x0D, 0x43, 0x2D, 0x43, 0x6E, 0x4B, 0x8F, 0x4B, 0xAF, 0x53, 0xB0, 0x53, 0xB0,
    0x53, 0xB0, 0x53, 0xD0, 0x53, 0xD0, 0x53, 0xD0, 0x53, 0xD0, 0x53, 0xD0, 0x53, 0xF0, 0x53, 0xF0,
    0x53, 0xF0, 0x54, 0x11, 0x54, 0x11, 0x54, 0x31, 0x5C, 0x31, 0x5C, 0x32, 0x5C, 0x52, 0x3B, 0x4E,
    0x2A, 0x6B, 0x22, 0x09, 0x29, 0xE9, 0x21, 0xC8, 0x21, 0xA7, 0x19, 0x67, 0x19, 0x66, 0x19, 0x66,
    0x19, 0x66, 0x19, 0x66, 0x19, 0x66, 0x2A, 0x09, 0x4B, 0x6E, 0x64, 0xB3, 0x64, 0xB3, 0x6C, 0xD4,
    0x6C, 0xB4, 0x6C, 0xD4, 0x64, 0xD4, 0x64, 0xB4, 0x64, 0x93, 0x64, 0x73, 0x2A, 0x8B, 0x21, 0xE9,
    0x21, 0xC8, 0x19, 0x66, 0x19, 0x46, 0x11, 0x25, 0x11, 0x05, 0x11, 0x05, 0x09, 0x04, 0x08, 0xE4,
    0x08, 0xE4, 0x08, 0xC4, 0x08, 0xE4, 0x08, 0xC4, 0x08, 0xC4, 0x08, 0xC3, 0x08, 0xC3, 0x08, 0xC3,
    0x08, 0xC3, 0x08, 0xC3, 0x08, 0xC3, 0x08, 0xA3, 0x10, 0xC4, 0x08, 0xC4, 0x08, 0xA3, 0x08, 0xC4,
    0x11, 0x25, 0x11, 0x25, 0x10, 0xE4, 0x08, 0xE4, 0x11, 0x05, 0x11, 0x05, 0x11, 0x25, 0x19, 0x46,
    0x19, 0x87, 0x21, 0x87, 0x19, 0x66, 0x19, 0x86, 0x19, 0x87, 0x21, 0x87, 0x21, 0xC8, 0x2A, 0x6A,
    0x43, 0x6E, 0x3B, 0x2D, 0x43, 0x0D, 0x53, 0x6E, 0x21, 0xC8, 0x10, 0xE5, 0x11, 0x05, 0x19, 0x87,
    0x19, 0x87, 0x29, 0xE9, 0x21, 0x88, 0x21, 0xA7, 0x19, 0x46, 0x08, 0xE4, 0x10, 0xE4, 0x10, 0xE4,
    0x08, 0xE4, 0x21, 0xA7, 0x3A, 0x8A, 0x3A, 0xEC, 0x3A, 0xEC, 0x3A, 0xEC, 0x3A, 0xEC, 0x32, 0xCB,
    0x32, 0xAB, 0x32, 0xAB, 0x32, 0x8B, 0x32, 0x8B, 0x2A, 0x29, 0x21, 0xE8, 0x21, 0xA7, 0x21, 0xA7,
    0x21, 0x87, 0x19, 0x87, 0x21, 0x87, 0x19, 0xA7, 0x21, 0xE8, 0x2A, 0x08, 0x21, 0xE8, 0x21, 0xE8,
    0x08, 0x82, 0x08, 0x82, 0x08, 0x82, 0x08, 0x82, 0x08, 0x82, 0x08, 0xA2, 0x08, 0xA3, 0x08, 0xA3,
    0x08, 0xA3, 0x08, 0xA3, 0x08, 0xE4, 0x19, 0x46, 0x19, 0xA7, 0x19, 0xA7, 0x19, 0xA7, 0x21, 0xA7,
    0x21, 0xC7, 0x21, 0xC7, 0x21, 0xC8, 0x21, 0xE8, 0x21, 0xE8, 0x22, 0x09, 0x2A, 0x29, 0x2A, 0x4A,
    0x2A, 0x4A, 0x32, 0x6A, 0x32, 0x8B, 0x32, 0xAB, 0x32, 0xCC, 0x3A, 0xEC, 0x3B, 0x0D, 0x43, 0x2D,
    0x4B, 0x4E, 0x4B, 0x6E, 0x4B, 0x8F, 0x4B, 0xAF, 0x4B, 0xAF, 0x4B, 0xAF, 0x53, 0xD0, 0x53, 0xD0,
    0x53, 0xD0, 0x53, 0xD0, 0x53, 0xD0, 0x53, 0xF0, 0x53, 0xF0, 0x53, 0xF0, 0x53, 0xF0, 0x5C, 0x11,
    0x5C, 0x32, 0x5C, 0x31, 0x5C, 0x32, 0x5C, 0x52, 0x32, 0xCC, 0x2A, 0x6A, 0x2A, 0x09, 0x29, 0xC9,
    0x21, 0xC8, 0x21, 0xA7, 0x19, 0x87, 0x11, 0x66, 0x19, 0xA7, 0x19, 0xC7, 0x19, 0x66, 0x21, 0xC8,
    0x43, 0x4E, 0x5C, 0x52, 0x6C, 0xD3, 0x64, 0xB3, 0x64, 0xD4, 0x6C, 0xD4, 0x64, 0xB3, 0x6C, 0xB4,
    0x64, 0xB3, 0x64, 0x93, 0x5B, 0xF1, 0x22, 0x09, 0x21, 0xE9, 0x21, 0xA7, 0x19, 0x46, 0x21, 0x66,
    0x19, 0x46, 0x11, 0x25, 0x11, 0x05, 0x09, 0x25, 0x09, 0x05, 0x09, 0x04, 0x08, 0xE4, 0x10, 0xE4,
    0x08, 0xC3, 0x09, 0x04, 0x09, 0x04, 0x08, 0xC4, 0x08, 0xC4, 0x08, 0xC4, 0x08, 0xC3, 0x10, 0xE4,
    0x08, 0xE4, 0x08, 0xA3, 0x10, 0xE4, 0x08, 0xE4, 0x09, 0x25, 0x19, 0x86, 0x21, 0xE8, 0x08, 0xE4,
    0x08, 0xE4, 0x11, 0x25, 0x11, 0x05, 0x11, 0x25, 0x19, 0x66, 0x19, 0x87, 0x21, 0x87, 0x19, 0x87,
    0x19, 0x66, 0x19, 0x66, 0x19, 0x87, 0x19, 0x87, 0x2A, 0x49, 0x43, 0x2D, 0x43, 0x4E, 0x43, 0x4E,
    0x43, 0x4E, 0x42, 0xEC, 0x11, 0x46, 0x11, 0x26, 0x21, 0x88, 0x21, 0xA8, 0x32, 0x6B, 0x21, 0xE9,
    0x19, 0x87, 0x11, 0x26, 0x11, 0x25, 0x08, 0xE4, 0x08, 0xC4, 0x09, 0x05, 0x32, 0x4A, 0x3A, 0xCC,
    0x3A, 0xCC, 0x3A, 0xCC, 0x3A, 0xCC, 0x3A, 0xCC, 0x3A, 0xCC, 0x3A, 0xAB, 0x32, 0xAB, 0x32, 0x8B,
    0x32, 0x8A, 0x2A, 0x49, 0x21, 0xE8, 0x19, 0xA7, 0x19, 0x87, 0x19, 0x87, 0x19, 0x87, 0x19, 0x86,
    0x19, 0x66, 0x21, 0x87, 0x21, 0xC7, 0x21, 0xC8, 0x21, 0xC8, 0x08, 0x82, 0x08, 0x82, 0x08, 0x82,
    0x08, 0x82, 0x08, 0x82, 0x08, 0xA2, 0x08, 0xA3, 0x08, 0xA3, 0x08, 0xA3, 0x08, 0xC3, 0x11, 0x04,
    0x19, 0x66, 0x21, 0xA7, 0x21, 0xC7, 0x21, 0xA7, 0x21, 0xC8, 0x21, 0xC7, 0x21, 0xC7, 0x21, 0xC8,
    0x21, 0xE8, 0x21, 0xE8, 0x22, 0x09, 0x2A, 0x29, 0x2A, 0x4A, 0x2A, 0x4A, 0x32, 0x6A, 0x32, 0x8B,
    0x32, 0xAB, 0x32, 0xCC, 0x3A, 0xEC, 0x3B, 0x0D, 0x43, 0x2D, 0x43, 0x4E, 0x4B, 0x6E, 0x4B, 0x8F,
    0x4B, 0x8F, 0x4B, 0xAF, 0x4B, 0xAF, 0x53, 0xD0, 0x53, 0xD0, 0x53, 0xD0, 0x53, 0xD0, 0x53, 0xF0,
    0x53, 0xF0, 0x53, 0xF0, 0x53, 0xF0, 0x53, 0xF0, 0x5C, 0x11, 0x5C, 0x11, 0x5C, 0x31, 0x5C, 0x11,
    0x5C, 0x11, 0x32, 0xCC, 0x2A, 0x4A, 0x2A, 0x09, 0x21, 0xC9, 0x21, 0xA7, 0x21, 0xA7, 0x19, 0x87,
    0x19, 0x87, 0x19, 0x87, 0x19, 0x87, 0x22, 0x09, 0x43, 0x0C, 0x4B, 0xAF, 0x64, 0x72, 0x6C, 0xB3,
    0x64, 0xB3, 0x6C, 0xD4, 0x6C, 0xD4, 0x64, 0xB3, 0x64, 0xB3, 0x64, 0x93, 0x64, 0x72, 0x4B, 0x8F,
    0x21, 0xE9, 0x21, 0xE8, 0x21, 0xA8, 0x19, 0x66, 0x19, 0x66, 0x19, 0x46, 0x11, 0x25, 0x11, 0x25,
    0x09, 0x05, 0x09, 0x04, 0x09, 0x04, 0x09, 0x04, 0x11, 0x05, 0x11, 0x24, 0x08, 0xE4, 0x11, 0x05,
    0x11, 0x25, 0x08, 0xE4, 0x08, 0xE4, 0x10, 0xE4, 0x08, 0xC4, 0x08, 0xE4, 0x08, 0xC4, 0x10, 0xE4,
    0x10, 0xE4, 0x11, 0x46, 0x21, 0xE8, 0x2A, 0x29, 0x11, 0x45, 0x08, 0xE4, 0x11, 0x25, 0x11, 0x25,
    0x11, 0x25, 0x19, 0x66, 0x19, 0x67, 0x19, 0x87, 0x19, 0x67, 0x19, 0x66, 0x19, 0x86, 0x19, 0x87,
    0x19, 0xA7, 0x2A, 0x29, 0x43, 0x0D, 0x43, 0x4E, 0x43, 0x6E, 0x43, 0x6E, 0x43, 0x2D, 0x21, 0xA7,
    0x19, 0x46, 0x21, 0x88, 0x21, 0xC9, 0x32, 0x2A, 0x19, 0xC8, 0x19, 0x67, 0x11, 0x26, 0x09, 0x05,
    0x08, 0xE4, 0x08, 0xC4, 0x11, 0x46, 0x32, 0x6B, 0x3A, 0xEC, 0x3A, 0xCC, 0x3A, 0xCC, 0x3A, 0xCC,
    0x3A, 0xCC, 0x3A, 0xCC, 0x3A, 0xAB, 0x32, 0xAB, 0x32, 0x8B, 0x32, 0x8A, 0x2A, 0x49, 0x21, 0xE8,
    0x19, 0xA7, 0x19, 0x87, 0x19, 0x87, 0x19, 0x87, 0x19, 0x86, 0x19, 0x66, 0x19, 0x66, 0x21, 0xA7,
    0x21, 0xA7, 0x21, 0xC7, 0x08, 0x82, 0x08, 0x82, 0x08, 0x82, 0x08, 0x82, 0x08, 0x82, 0x08, 0xA2,
    0x08, 0xA3, 0x10, 0xC3, 0x08, 0xC3, 0x10, 0xC3, 0x11, 0x25, 0x19, 0x86, 0x21, 0xC7, 0x21, 0xC7,
    0x21, 0xC8, 0x21, 0xC8, 0x21, 0xC8, 0x21, 0xC8, 0x21, 0xE8, 0x21, 0xE8, 0x21, 0xE8, 0x22, 0x09,
    0x2A, 0x29, 0x2A, 0x4A, 0x2A, 0x4A, 0x2A, 0x6A, 0x32, 0x8B, 0x32, 0xAB, 0x32, 0xCC, 0x3A, 0xEC,
    0x3B, 0x0D, 0x43, 0x0D, 0x43, 0x2E, 0x43, 0x4E, 0x4B, 0x6F, 0x4B, 0x8F, 0x4B, 0x8F, 0x4B, 0xAF,
    0x53, 0xD0, 0x53, 0xD0, 0x53, 0xD0, 0x53, 0xD0, 0x53, 0xF0, 0x53, 0xF0, 0x53, 0xF0, 0x53, 0xF0,
    0x54, 0x10, 0x54, 0x11, 0x5C, 0x11, 0x5C, 0x31, 0x54, 0x11, 0x53, 0xAF, 0x32, 0xAC, 0x22, 0x09,
    0x2A, 0x2A, 0x29, 0xC9, 0x19, 0xA7, 0x21, 0xC7, 0x21, 0xA7, 0x19, 0x87, 0x19, 0xA7, 0x22, 0x09,
    0x43, 0x0D, 0x64, 0x31, 0x5C, 0x11, 0x64, 0x93, 0x64, 0xB3, 0x64, 0xB3, 0x6C, 0xD4, 0x6C, 0xD4,
    0x64, 0x93, 0x64, 0x93, 0x5C, 0x92, 0x5C, 0x52, 0x3B, 0x0D, 0x21, 0xE9, 0x21, 0xC8, 0x21, 0xC8,
    0x21, 0x87, 0x19, 0x66, 0x19, 0x46, 0x11, 0x45, 0x11, 0x25, 0x11, 0x05, 0x09, 0x05, 0x11, 0x05,
    0x11, 0x25, 0x11, 0x05, 0x11, 0x25, 0x09, 0x04, 0x21, 0xA7, 0x29, 0xE8, 0x11, 0x45, 0x08, 0xE4,
    0x11, 0x25, 0x08, 0xE4, 0x11, 0x04, 0x11, 0x04, 0x10, 0xE4, 0x11, 0x05, 0x19, 0xA7, 0x2A, 0x49,
    0x32, 0x8A, 0x21, 0xC8, 0x11, 0x04, 0x11, 0x25, 0x11, 0x25, 0x11, 0x45, 0x19, 0x66, 0x19, 0x66,
    0x19, 0x67, 0x19, 0x67, 0x19, 0x86, 0x19, 0x86, 0x19, 0x87, 0x19, 0x87, 0x2A, 0x29, 0x3B, 0x0C,
    0x43, 0x4E, 0x43, 0x4E, 0x43, 0x4E, 0x43, 0x2D, 0x2A, 0x09, 0x11, 0x46, 0x21, 0x88, 0x2A, 0x2A,
    0x2A, 0x2A, 0x19, 0xC8, 0x19, 0x87, 0x11, 0x46, 0x11, 0x05, 0x11, 0x05, 0x08, 0xC4, 0x19, 0x66,
    0x32, 0x6B, 0x3A, 0xCC, 0x3A, 0xCC, 0x3A, 0xCC, 0x3A, 0xCC, 0x3A, 0xCC, 0x3A, 0xCC, 0x3A, 0xAB,
    0x32, 0xAB, 0x32, 0x8B, 0x32, 0x8A, 0x2A, 0x4A, 0x21, 0xE8, 0x21, 0xC7, 0x21, 0xA7, 0x19, 0x87,
    0x19, 0x87, 0x19, 0x86, 0x19, 0x46, 0x19, 0x66, 0x19, 0x66, 0x19, 0x87, 0x21, 0xA7, 0x08, 0xA2,
    0x08, 0xA2, 0x08, 0x82, 0x08, 0x82, 0x08, 0x82, 0x08, 0xA2, 0x08, 0xA3, 0x10, 0xC3, 0x10, 0xC4,
    0x10, 0xE4, 0x19, 0x25, 0x19, 0x86, 0x21, 0xC7, 0x21, 0xC7, 0x21, 0xC8, 0x21, 0xC8, 0x21, 0xE8,
    0x21, 0xE8, 0x21, 0xE8, 0x21, 0xE8, 0x22, 0x08, 0x2A, 0x09, 0x2A, 0x29, 0x2A, 0x4A, 0x2A, 0x4A,
    0x32, 0x6A, 0x32, 0x8B, 0x32, 0xAB, 0x32, 0xCC, 0x3A, 0xCC, 0x3A, 0xED, 0x3B, 0x0D, 0x43, 0x2D,
    0x43, 0x4E, 0x4B, 0x6E, 0x4B, 0x8F, 0x4B, 0x8F, 0x4B, 0xAF, 0x53, 0xD0, 0x53, 0xD0, 0x53, 0xF0,
    0x53, 0xF0, 0x53, 0xF0, 0x53, 0xF0, 0x53, 0xF0, 0x54, 0x10, 0x54, 0x11, 0x54, 0x11, 0x54, 0x11,
    0x5C, 0x31, 0x5C, 0x31, 0x43, 0x2D, 0x2A, 0x6B, 0x22, 0x09, 0x2A, 0x09, 0x21, 0xE8, 0x19, 0xC7,
    0x21, 0xE8, 0x19, 0x87, 0x19, 0xA7, 0x2A, 0x29, 0x3A, 0xEC, 0x5C, 0x11, 0x64, 0x92, 0x5C, 0x52,
    0x64, 0x73, 0x64, 0x93, 0x64, 0x93, 0x64, 0xD3, 0x64, 0xB3, 0x64, 0x72, 0x64, 0x72, 0x5C, 0x72,
    0x5C, 0x31, 0x32, 0x8B, 0x22, 0x09, 0x21, 0xC8, 0x21, 0xC8, 0x21, 0xA7, 0x19, 0x66, 0x19, 0x46,
    0x11, 0x46, 0x11, 0x25, 0x11, 0x25, 0x11, 0x25, 0x11, 0x25, 0x11, 0x25, 0x11, 0x25, 0x09, 0x25,
    0x19, 0x86, 0x32, 0x6A, 0x3A, 0xAB, 0x19, 0xA7, 0x09, 0x05, 0x11, 0x25, 0x11, 0x04, 0x11, 0x04,
    0x19, 0x25, 0x11, 0x05, 0x11, 0x46, 0x2A, 0x08, 0x32, 0x8B, 0x3A, 0xCB, 0x2A, 0x4A, 0x11, 0x46,
    0x11, 0x25, 0x11, 0x25, 0x11, 0x46, 0x19, 0x46, 0x19, 0x87, 0x19, 0x86, 0x19, 0x87, 0x19, 0x66,
    0x19, 0x66, 0x19, 0x87, 0x19, 0x87, 0x2A, 0x29, 0x3A, 0xEC, 0x43, 0x4E, 0x43, 0x4E, 0x43, 0x4E,
    0x43, 0x4D, 0x3A, 0x6A, 0x19, 0x66, 0x21, 0xA8, 0x3A, 0x6B, 0x2A, 0x2A, 0x21, 0xE8, 0x21, 0x87,
    0x19, 0x66, 0x11, 0x05, 0x11, 0x05, 0x08, 0xC4, 0x19, 0x87, 0x32, 0x6A, 0x32, 0xAB, 0x3A, 0xCC,
    0x3A, 0xCC, 0x3A, 0xCC, 0x3A, 0xCC, 0x3A, 0xCC, 0x32, 0xAB, 0x32, 0x8B, 0x32, 0x8B, 0x32, 0x8A,
    0x2A, 0x4A, 0x2A, 0x09, 0x21, 0xC8, 0x21, 0xA7, 0x21, 0x87, 0x19, 0x86, 0x19, 0x66, 0x19, 0x66,
    0x19, 0x66, 0x19, 0x66, 0x19, 0x66, 0x19, 0x66, 0x08, 0xA2, 0x08, 0xA2, 0x08, 0xA2, 0x08, 0x82,
    0x08, 0x82, 0x08, 0xA3, 0x08, 0xA3, 0x10, 0xC3, 0x10, 0xE4, 0x11, 0x04, 0x19, 0x45, 0x19, 0x86,
    0x21, 0xA7, 0x21, 0xC7, 0x21, 0xC8, 0x21, 0xC8, 0x21, 0xE8, 0x21, 0xE8, 0x21, 0xE8, 0x21, 0xE8,
    0x22, 0x08, 0x2A, 0x09, 0x2A, 0x29, 0x2A, 0x4A, 0x2A, 0x4A, 0x2A, 0x6A, 0x32, 0x6A, 0x32, 0x8B,
    0x32, 0xCC, 0x3A, 0xCC, 0x3A, 0xEC, 0x3B, 0x0D, 0x43, 0x0D, 0x43, 0x4E, 0x4B, 0x6E, 0x4B, 0x8F,
    0x4B, 0x8F, 0x4B, 0xAF, 0x53, 0xD0, 0x53, 0xD0, 0x53, 0xF0, 0x53, 0xF0, 0x5C, 0x11, 0x5C, 0x11,
    0x54, 0x11, 0x54, 0x11, 0x54, 0x11, 0x5C, 0x11, 0x54, 0x11, 0x5C, 0x11, 0x5C, 0x11, 0x32, 0x8B,
    0x22, 0x09, 0x2A, 0x29, 0x21, 0xE8, 0x21, 0xE8, 0x21, 0xC7, 0x21, 0xC7, 0x19, 0xA7, 0x22, 0x09,
    0x3A, 0xCC, 0x53, 0xAF, 0x64, 0x72, 0x5C, 0x72, 0x64, 0x72, 0x64, 0x72, 0x64, 0x73, 0x64, 0x93,
    0x64, 0xB3, 0x64, 0x93, 0x5C, 0x72, 0x64, 0x72, 0x5C, 0x52, 0x53, 0xF0, 0x2A, 0x4A, 0x22, 0x09,
    0x21, 0xC8, 0x21, 0xA8, 0x21, 0xA7, 0x19, 0x66, 0x19, 0x66, 0x11, 0x46, 0x11, 0x25, 0x11, 0x25,
    0x11, 0x45, 0x11, 0x45, 0x11, 0x25, 0x11, 0x25, 0x11, 0x66, 0x2A, 0x49, 0x43, 0x0C, 0x42, 0xEC,
    0x2A, 0x29, 0x11, 0x66, 0x11, 0x25, 0x11, 0x25, 0x11, 0x25, 0x19, 0x46, 0x19, 0x25, 0x19, 0x87,
    0x2A, 0x29, 0x32, 0xAB, 0x3A, 0xCC, 0x32, 0xAB, 0x21, 0xA7, 0x11, 0x25, 0x11, 0x25, 0x11, 0x25,
    0x19, 0x46, 0x21, 0x87, 0x19, 0x86, 0x19, 0x87, 0x19, 0x86, 0x19, 0x66, 0x19, 0x86, 0x19, 0xA7,
    0x2A, 0x29, 0x3B, 0x0C, 0x43, 0x2E, 0x43, 0x2E, 0x43, 0x4E, 0x4B, 0x4E, 0x32, 0x6A, 0x11, 0x46,
    0x19, 0x87, 0x32, 0x2A, 0x21, 0xC8, 0x19, 0x87, 0x19, 0x46, 0x11, 0x25, 0x08, 0xE4, 0x10, 0xE4,
    0x08, 0xC4, 0x21, 0xA7, 0x32, 0x8B, 0x32, 0xAB, 0x3A, 0xCC, 0x3A, 0xCC, 0x3A, 0xCC, 0x3A, 0xCC,
    0x3A, 0xAB, 0x32, 0xAB, 0x32, 0x8B, 0x32, 0x8B, 0x32, 0x8A, 0x2A, 0x4A, 0x2A, 0x09, 0x21, 0xE8,
    0x21, 0xA7, 0x21, 0xA7, 0x19, 0x87, 0x19, 0x66, 0x19, 0x66, 0x19, 0x66, 0x19, 0x46, 0x19, 0x46,
    0x19, 0x66, 0x08, 0xA2, 0x08, 0xA2, 0x08, 0xA2, 0x08, 0xA2, 0x08, 0xA2, 0x08, 0xA3, 0x08, 0xA3,
    0x10, 0xC3, 0x10, 0xE4, 0x11, 0x04, 0x19, 0x45, 0x19, 0x86, 0x21, 0xA7, 0x21, 0xC7, 0x21, 0xC8,
    0x21, 0xE8, 0x21, 0xE8, 0x21, 0xE8, 0x21, 0xE8, 0x21, 0xE8, 0x22, 0x08, 0x22, 0x09, 0x2A, 0x29,
    0x2A, 0x4A, 0x2A, 0x4A, 0x2A, 0x6A, 0x32, 0x6A, 0x32, 0x8B, 0x3A, 0xAC, 0x3A, 0xCC, 0x3A, 0xEC,
    0x3A, 0xEC, 0x43, 0x0D, 0x43, 0x2E, 0x43, 0x6E, 0x4B, 0x8F, 0x4B, 0x8F, 0x4B, 0xAF, 0x53, 0xD0,
    0x53, 0xF0, 0x53, 0xF0, 0x5C, 0x11, 0x5C, 0x11, 0x5C, 0x11, 0x5C, 0x11, 0x5C, 0x31, 0x5C, 0x31,
    0x5C, 0x31, 0x5C, 0x31, 0x5C, 0x31, 0x5B, 0xD0, 0x2A, 0x4A, 0x21, 0xE9, 0x2A, 0x29, 0x21, 0xE8,
    0x21, 0xE9, 0x21, 0xC8, 0x19, 0xC8, 0x22, 0x29, 0x43, 0x0D, 0x53, 0xAF, 0x5C, 0x11, 0x64, 0x72,
    0x5C, 0x72, 0x64, 0x73, 0x64, 0x72, 0x64, 0x93, 0x64, 0x93, 0x64, 0x73, 0x64, 0x72, 0x5C, 0x52,
    0x5C, 0x51, 0x5C, 0x31, 0x4B, 0x8F, 0x22, 0x29, 0x21, 0xE9, 0x21, 0xC8, 0x21, 0xA7, 0x21, 0xA7,
    0x19, 0x87, 0x19, 0x66, 0x11, 0x46, 0x11, 0x25, 0x11, 0x46, 0x11, 0x46, 0x11, 0x45, 0x11, 0x46,
    0x19, 0x86, 0x2A, 0x29, 0x3A, 0xEC, 0x43, 0x2D, 0x3A, 0xEC, 0x32, 0x8B, 0x21, 0xE8, 0x19, 0x66,
    0x11, 0x25, 0x11, 0x46, 0x19, 0x66, 0x19, 0x46, 0x29, 0xE8, 0x32, 0x6A, 0x32, 0xAB, 0x32, 0xCB,
    0x3A, 0xAB, 0x2A, 0x29, 0x11, 0x46, 0x11, 0x45, 0x11, 0x46, 0x19, 0x46, 0x21, 0x87, 0x19, 0x66,
    0x19, 0x86, 0x19, 0x87, 0x19, 0x86, 0x19, 0x87, 0x19, 0xC7, 0x2A, 0x49, 0x42, 0xEC, 0x43, 0x2D,
    0x43, 0x2E, 0x43, 0x2D, 0x43, 0x2D, 0x2A, 0x08, 0x11, 0x05, 0x19, 0x46, 0x21, 0xA8, 0x19, 0x67,
    0x11, 0x46, 0x11, 0x05, 0x08, 0xE4, 0x08, 0xC4, 0x08, 0xE4, 0x08, 0xC4, 0x21, 0x87, 0x3A, 0x8B,
    0x3A, 0xCC, 0x3A, 0xCC, 0x3A, 0xCC, 0x3A, 0xCC, 0x3A, 0xAB, 0x3A, 0xAB, 0x32, 0xAB, 0x32, 0x8B,
    0x32, 0x8A, 0x32, 0x8A, 0x32, 0x4A, 0x2A, 0x29, 0x29, 0xE8, 0x21, 0xC8, 0x21, 0xA7, 0x19, 0x87,
    0x19, 0x86, 0x19, 0x66, 0x19, 0x66, 0x19, 0x46, 0x19, 0x46, 0x19, 0x46, 0x08, 0xA2, 0x08, 0xA2,
    0x08, 0xA2, 0x08, 0xA2, 0x08, 0xA2, 0x08, 0xA3, 0x08, 0xA3, 0x10, 0xC3, 0x10, 0xC4, 0x11, 0x04,
    0x19, 0x45, 0x19, 0x86, 0x21, 0xA7, 0x21, 0xC7, 0x21, 0xE8, 0x21, 0xE8, 0x22, 0x08, 0x22, 0x08,
    0x22, 0x08, 0x21, 0xE8, 0x21, 0xE8, 0x2A, 0x09, 0x2A, 0x29, 0x2A, 0x29, 0x2A, 0x4A, 0x2A, 0x4A,
    0x32, 0x6A, 0x32, 0x8B, 0x3A, 0xAC, 0x3A, 0xCC, 0x3A, 0xEC, 0x3A, 0xEC, 0x43, 0x0D, 0x43, 0x2E,
    0x43, 0x6E, 0x4B, 0x8F, 0x4B, 0x8F, 0x4B, 0xAF, 0x53, 0xD0, 0x53, 0xF0, 0x5C, 0x11, 0x5C, 0x11,
    0x5C, 0x31, 0x5C, 0x31, 0x5C, 0x31, 0x5C, 0x31, 0x5C, 0x31, 0x5C, 0x51, 0x5C, 0x51, 0x5C, 0x31,
    0x43, 0x2D, 0x22, 0x09, 0x2A, 0x09, 0x2A, 0x09, 0x21, 0xE9, 0x21, 0xE9, 0x21, 0xC8, 0x21, 0xE8,
    0x3A, 0xEC, 0x53, 0xF0, 0x5C, 0x31, 0x5C, 0x52, 0x5C, 0x52, 0x64, 0x72, 0x64, 0x72, 0x64, 0x72,
    0x64, 0x72, 0x64, 0x72, 0x5C, 0x52, 0x5C, 0x52, 0x5C, 0x52, 0x5C, 0x31, 0x5C, 0x11, 0x43, 0x4E,
    0x22, 0x09, 0x21, 0xE8, 0x21, 0xC8, 0x21, 0xA7, 0x21, 0xA7, 0x19, 0x87, 0x19, 0x66, 0x11, 0x46,
    0x11, 0x46, 0x19, 0x46, 0x19, 0x46, 0x11, 0x46, 0x19, 0xA7, 0x2A, 0x29, 0x3A, 0xCC, 0x43, 0x0D,
    0x43, 0x0D, 0x3A, 0xEC, 0x3A, 0xEC, 0x32, 0x6A, 0x21, 0xA7, 0x19, 0x66, 0x19, 0xA7, 0x19, 0x66,
    0x19, 0x66, 0x32, 0x4A, 0x3A, 0xAB, 0x32, 0xCC, 0x32, 0xAB, 0x3A, 0xAC, 0x32, 0x6A, 0x11, 0x66,
    0x19, 0x46, 0x19, 0x46, 0x19, 0x46, 0x21, 0x87, 0x19, 0x66, 0x19, 0x86, 0x19, 0x87, 0x19, 0x87,
    0x21, 0xA7, 0x21, 0xC7, 0x2A, 0x29, 0x3A, 0xCC, 0x3B, 0x0D, 0x43, 0x2E, 0x43, 0x4E, 0x4B, 0x2D,
    0x21, 0xA7, 0x11, 0x25, 0x19, 0x87, 0x19, 0x46, 0x19, 0x67, 0x19, 0x46, 0x11, 0x05, 0x08, 0xE4,
    0x08, 0xC4, 0x08, 0xC3, 0x08, 0xC4, 0x19, 0x66, 0x32, 0x8B, 0x32, 0xCC, 0x3A, 0xCC, 0x3A, 0xAB,
    0x3A, 0xAB, 0x3A, 0xAB, 0x3A, 0xAB, 0x32, 0x8B, 0x32, 0x8B, 0x32, 0x8A, 0x32, 0x8A, 0x32, 0x6A,
    0x2A, 0x29, 0x2A, 0x08, 0x21, 0xC8, 0x21, 0xA7, 0x19, 0x87, 0x19, 0x86, 0x19, 0x66, 0x19, 0x66,
    0x19, 0x66, 0x19, 0x46, 0x19, 0x45, 0x08, 0xA2, 0x08, 0xA2, 0x08, 0xA2, 0x08, 0xA2, 0x08, 0xA2,
    0x08, 0xA3, 0x08, 0xA3, 0x10, 0xC3, 0x10, 0xC3, 0x11, 0x04, 0x19, 0x46, 0x19, 0x87, 0x21, 0xA7,
    0x21, 0xC8, 0x21, 0xE8, 0x29, 0xE8, 0x22, 0x08, 0x22, 0x08, 0x22, 0x08, 0x21, 0xE8, 0x21, 0xE8,
    0x22, 0x08, 0x2A, 0x09, 0x2A, 0x09, 0x2A, 0x4A, 0x2A, 0x4A, 0x32, 0x6A, 0x32, 0x8B, 0x3A, 0xAC,
    0x3A, 0xCC, 0x3A, 0xEC, 0x3A, 0xEC, 0x43, 0x0D, 0x43, 0x2E, 0x4B, 0x6E, 0x4B, 0x8F, 0x4B, 0xAF,
    0x53, 0xD0, 0x53, 0xD0, 0x53, 0xF0, 0x5C, 0x11, 0x5C, 0x11, 0x5C, 0x31, 0x5C, 0x31, 0x5C, 0x31,
    0x5C, 0x31, 0x5C, 0x51, 0x5C, 0x51, 0x5C, 0x31, 0x5C, 0x11, 0x32, 0x8B, 0x21, 0xE9, 0x2A, 0x09,
    0x21, 0xC8, 0x21, 0xE9, 0x21, 0xC8, 0x19, 0xA8, 0x2A, 0x29, 0x4B, 0x6E, 0x5C, 0x31, 0x54, 0x51,
    0x5C, 0x52, 0x5C, 0x32, 0x5C, 0x52, 0x5C, 0x52, 0x5C, 0x52, 0x5C, 0x52, 0x5C, 0x52, 0x5C, 0x32,
    0x5C, 0x51, 0x5C, 0x52, 0x54, 0x31, 0x5C, 0x31, 0x43, 0x2D, 0x22, 0x29, 0x21, 0xE9, 0x29, 0xE8,
    0x21, 0xA8, 0x21, 0xA7, 0x19, 0x86, 0x19, 0x66, 0x11, 0x46, 0x19, 0x46, 0x19, 0x66, 0x19, 0x66,
    0x19, 0x66, 0x2A, 0x08, 0x3A, 0xCB, 0x42, 0xED, 0x3B, 0x0D, 0x3B, 0x0D, 0x3B, 0x2D, 0x43, 0x0D,
    0x32, 0xAB, 0x29, 0xE8, 0x19, 0x87, 0x19, 0xC7, 0x19, 0x86, 0x19, 0x87, 0x3A, 0x8B, 0x3A, 0xCC,
    0x3A, 0xEC, 0x32, 0xAC, 0x3A, 0xAC, 0x32, 0x8A, 0x11, 0x66, 0x19, 0x66, 0x19, 0x66, 0x19, 0x46,
    0x21, 0x87, 0x19, 0x66, 0x19, 0x87, 0x19, 0x87, 0x19, 0x87, 0x21, 0xC7, 0x19, 0xC7, 0x22, 0x09,
    0x32, 0x8B, 0x3A, 0xEC, 0x43, 0x2E, 0x43, 0x2E, 0x4B, 0x2D, 0x19, 0x66, 0x11, 0x25, 0x19, 0x67,
    0x09, 0x05, 0x19, 0x46, 0x11, 0x25, 0x10, 0xE5, 0x08, 0xC4, 0x08, 0xC4, 0x08, 0xC3, 0x08, 0xE4,
    0x19, 0x46, 0x32, 0x8B, 0x32, 0xCC, 0x3A, 0xAB, 0x3A, 0xAB, 0x3A, 0xAB, 0x32, 0xAB, 0x32, 0xAB,
    0x32, 0x8B, 0x32, 0x8B, 0x32, 0x8A, 0x32, 0x8A, 0x32, 0x6A, 0x2A, 0x49, 0x2A, 0x09, 0x29, 0xE8,
    0x21, 0xC7, 0x21, 0xA7, 0x19, 0x86, 0x19, 0x66, 0x19, 0x66, 0x19, 0x66, 0x19, 0x66, 0x19, 0x45,
    0x08, 0xA2, 0x08, 0xA2, 0x08, 0xA2, 0x08, 0xA2, 0x08, 0xA3, 0x08, 0xA3, 0x08, 0xC3, 0x08, 0xC3,
    0x10, 0xC4, 0x11, 0x04, 0x19, 0x45, 0x21, 0x87, 0x21, 0xC7, 0x21, 0xC8, 0x21, 0xE8, 0x2A, 0x08,
    0x22, 0x09, 0x22, 0x09, 0x22, 0x09, 0x22, 0x09, 0x22, 0x09, 0x22, 0x09, 0x22, 0x09, 0x2A, 0x09,
    0x2A, 0x29, 0x2A, 0x4A, 0x32, 0x6A, 0x32, 0x8B, 0x32, 0xAB, 0x32, 0xCB, 0x3A, 0xCC, 0x3A, 0xEC,
    0x3B, 0x0D, 0x43, 0x2D, 0x4B, 0x6E, 0x4B, 0x8F, 0x4B, 0xAF, 0x53, 0xD0, 0x53, 0xF0, 0x53, 0xF0,
    0x54, 0x11, 0x5C, 0x31, 0x5C, 0x31, 0x5C, 0x31, 0x5C, 0x51, 0x5C, 0x51, 0x5C, 0x51, 0x5C, 0x51,
    0x5C, 0x31, 0x5B, 0xF1, 0x2A, 0x4A, 0x22, 0x09, 0x21, 0xE9, 0x21, 0xE8, 0x2A, 0x09, 0x21, 0xE9,
    0x21, 0xC8, 0x2A, 0x2A, 0x4B, 0x8F, 0x5C, 0x51, 0x5C, 0x31, 0x54, 0x31, 0x64, 0x72, 0x5C, 0x52,
    0x5C, 0x51, 0x5C, 0x51, 0x5C, 0x51, 0x5C, 0x51, 0x5C, 0x52, 0x5C, 0x51, 0x5C, 0x31, 0x5C, 0x31,
    0x53, 0xF0, 0x53, 0xAF, 0x22, 0x29, 0x21, 0xE8, 0x29, 0xE8, 0x21, 0xA7, 0x21, 0xA7, 0x19, 0x67,
    0x19, 0x66, 0x19, 0x66, 0x19, 0x86, 0x19, 0x66, 0x19, 0x86, 0x19, 0xA7, 0x21, 0xE8, 0x2A, 0x29,
    0x32, 0xCB, 0x3A, 0xEC, 0x3B, 0x0D, 0x3B, 0x0D, 0x3B, 0x0D, 0x3A, 0xCC, 0x32, 0x6A, 0x21, 0xC8,
    0x19, 0xA7, 0x19, 0xC8, 0x2A, 0x29, 0x3A, 0xAB, 0x3A, 0xCC, 0x3A, 0xCB, 0x3A, 0xCB, 0x3A, 0xCB,
    0x32, 0x8B, 0x21, 0xC8, 0x19, 0x66, 0x19, 0x86, 0x19, 0x66, 0x19, 0x66, 0x19, 0x87, 0x19, 0x86,
    0x21, 0xA7, 0x21, 0xA7, 0x21, 0xA7, 0x21, 0xC8, 0x22, 0x09, 0x2A, 0x4A, 0x3A, 0xAC, 0x43, 0x2D,
    0x43, 0x0C, 0x32, 0x6A, 0x19, 0x87, 0x29, 0xC8, 0x19, 0x67, 0x19, 0x46, 0x08, 0xE4, 0x19, 0x46,
    0x08, 0xE4, 0x08, 0xC4, 0x08, 0xC4, 0x08, 0xA4, 0x08, 0xA3, 0x19, 0x66, 0x3A, 0xAB, 0x3A, 0xCB,
    0x32, 0xAB, 0x32, 0xAB, 0x32, 0xAB, 0x32, 0x8B, 0x32, 0xAB, 0x32, 0x8B, 0x32, 0x8B, 0x32, 0x8B,
    0x32, 0x8A, 0x32, 0x6A, 0x2A, 0x4A, 0x2A, 0x29, 0x22, 0x08, 0x21, 0xC8, 0x21, 0xA7, 0x19, 0xA7,
    0x19, 0x66, 0x19, 0x86, 0x21, 0x66, 0x19, 0x25, 0x19, 0x05, 0x08, 0xA2, 0x08, 0xA2, 0x08, 0xA2,
    0x08, 0xA2, 0x08, 0xA3, 0x08, 0xA3, 0x08, 0xC3, 0x08, 0xC3, 0x10, 0xC4, 0x11, 0x04, 0x19, 0x66,
    0x21, 0xA7, 0x21, 0xC7, 0x21, 0xC8, 0x21, 0xE8, 0x2A, 0x08, 0x22, 0x09, 0x22, 0x09, 0x2A, 0x09,
    0x22, 0x09, 0x22, 0x09, 0x22, 0x09, 0x2A, 0x09, 0x2A, 0x29, 0x2A, 0x29, 0x2A, 0x4A, 0x32, 0x6A,
    0x32, 0x8B, 0x32, 0xAB, 0x32, 0xAB, 0x3A, 0xCC, 0x3A, 0xEC, 0x3B, 0x0D, 0x43, 0x2D, 0x43, 0x6E,
    0x4B, 0x8F, 0x4B, 0xAF, 0x53, 0xD0, 0x53, 0xF0, 0x53, 0xF0, 0x54, 0x11, 0x5C, 0x31, 0x5C, 0x31,
    0x5C, 0x31, 0x5C, 0x51, 0x5C, 0x51, 0x5C, 0x51, 0x5C, 0x51, 0x5C, 0x31, 0x53, 0xF1, 0x2A, 0x6A,
    0x22, 0x09, 0x22, 0x09, 0x21, 0xE9, 0x2A, 0x09, 0x22, 0x09, 0x21, 0xE9, 0x22, 0x09, 0x3A, 0xEC,
    0x53, 0xD0, 0x64, 0x72, 0x54, 0x31, 0x54, 0x31, 0x5C, 0x52, 0x5C, 0x51, 0x5C, 0x51, 0x5C, 0x51,
    0x5C, 0x51, 0x5C, 0x51, 0x5C, 0x31, 0x5C, 0x31, 0x54, 0x11, 0x5B, 0xF0, 0x53, 0xAF, 0x2A, 0x2A,
    0x21, 0xE8, 0x21, 0xC8, 0x21, 0x87, 0x21, 0xA7, 0x19, 0x87, 0x19, 0x66, 0x19, 0x66, 0x19, 0x66,
    0x19, 0x66, 0x19, 0x87, 0x19, 0xA7, 0x21, 0xE8, 0x22, 0x08, 0x2A, 0x29, 0x32, 0xAB, 0x3B, 0x0D,
    0x3B, 0x2D, 0x43, 0x0D, 0x43, 0x0D, 0x3A, 0xAB, 0x2A, 0x29, 0x22, 0x09, 0x22, 0x09, 0x32, 0x6A,
    0x3A, 0xCB, 0x3A, 0xEC, 0x3A, 0xCC, 0x3A, 0xCB, 0x3A, 0xCB, 0x3A, 0xAB, 0x2A, 0x09, 0x19, 0x87,
    0x19, 0x87, 0x19, 0x87, 0x19, 0x87, 0x21, 0xA7, 0x21, 0xA7, 0x21, 0xA7, 0x21, 0xC7, 0x21, 0xC8,
    0x21, 0xE8, 0x22, 0x09, 0x2A, 0x29, 0x32, 0x8B, 0x3A, 0xEC, 0x32, 0x4A, 0x19, 0xA8, 0x21, 0xC8,
    0x29, 0xE9, 0x19, 0x67, 0x19, 0x26, 0x19, 0x46, 0x11, 0x05, 0x08, 0xC4, 0x08, 0xA4, 0x08, 0xA4,
    0x08, 0xA4, 0x08, 0xA3, 0x19, 0x66, 0x32, 0x8B, 0x32, 0xAB, 0x32, 0xAB, 0x32, 0xAB, 0x32, 0x8B,
    0x32, 0x8B, 0x32, 0x8B, 0x32, 0x8B, 0x32, 0x8B, 0x32, 0x8B, 0x32, 0x8A, 0x32, 0x6A, 0x2A, 0x4A,
    0x2A, 0x29, 0x29, 0xE8, 0x21, 0xC8, 0x21, 0xA7, 0x19, 0x87, 0x21, 0x86, 0x19, 0x66, 0x19, 0x45,
    0x19, 0x05, 0x19, 0x04, 0x08, 0xA2, 0x08, 0xA2, 0x08, 0xA2, 0x08, 0xA2, 0x08, 0xA3, 0x08, 0xA3,
    0x08, 0xA3, 0x08, 0xC3, 0x10, 0xC4, 0x11, 0x05, 0x19, 0x66, 0x21, 0xA7, 0x21, 0xC7, 0x21, 0xE8,
    0x21, 0xE8, 0x2A, 0x08, 0x22, 0x09, 0x2A, 0x09, 0x2A, 0x29, 0x2A, 0x29, 0x2A, 0x29, 0x2A, 0x29,
    0x2A, 0x29, 0x2A, 0x29, 0x2A, 0x49, 0x2A, 0x4A, 0x32, 0x6A, 0x32, 0x8B, 0x32, 0x8B, 0x32, 0xAB,
    0x3A, 0xCC, 0x3A, 0xCC, 0x3B, 0x0D, 0x43, 0x2D, 0x43, 0x6E, 0x4B, 0x8F, 0x4B, 0xAF, 0x53, 0xD0,
    0x53, 0xF0, 0x53, 0xF0, 0x5C, 0x11, 0x5C, 0x31, 0x5C, 0x31, 0x5C, 0x31, 0x5C, 0x51, 0x5C, 0x51,
    0x5C, 0x51, 0x5C, 0x51, 0x5C, 0x31, 0x53, 0xF1, 0x2A, 0x8B, 0x22, 0x09, 0x22, 0x09, 0x21, 0xE9,
    0x2A, 0x29, 0x2A, 0x29, 0x29, 0xE9, 0x2A, 0x09, 0x2A, 0x4A, 0x3B, 0x2D, 0x64, 0x52, 0x5C, 0x52,
    0x54, 0x31, 0x5C, 0x52, 0x5C, 0x31, 0x5C, 0x31, 0x5C, 0x31, 0x5C, 0x31, 0x5C, 0x31, 0x5C, 0x31,
    0x54, 0x31, 0x54, 0x11, 0x5C, 0x10, 0x53, 0xAF, 0x22, 0x29, 0x21, 0xE8, 0x21, 0xC8, 0x21, 0xA7,
    0x21, 0xA7, 0x19, 0x87, 0x19, 0x87, 0x19, 0x87, 0x19, 0x86, 0x19, 0x87, 0x19, 0xA7, 0x21, 0xC7,
    0x21, 0xC7, 0x21, 0xC7, 0x19, 0xC7, 0x2A, 0x6A, 0x3A, 0xEC, 0x43, 0x0D, 0x43, 0x2D, 0x43, 0x2D,
    0x3A, 0xEC, 0x32, 0x8B, 0x32, 0x6A, 0x32, 0x6A, 0x32, 0xAB, 0x3A, 0xEC, 0x3A, 0xEC, 0x3A, 0xCC,
    0x3A, 0xCC, 0x3A, 0xCC, 0x3A, 0xCB, 0x32, 0x4A, 0x21, 0xC8, 0x19, 0x87, 0x19, 0x87, 0x21, 0xA7,
    0x21, 0xA7, 0x19, 0xA7, 0x21, 0xA7, 0x21, 0xE8, 0x21, 0xE8, 0x21, 0xE8, 0x21, 0xE9, 0x2A, 0x29,
    0x32, 0x6A, 0x3A, 0xAB, 0x21, 0xE9, 0x2A, 0x0A, 0x21, 0xE9, 0x19, 0x67, 0x19, 0x87, 0x19, 0x46,
    0x11, 0x05, 0x19, 0x26, 0x08, 0xA3, 0x08, 0xC4, 0x08, 0xA4, 0x08, 0xC4, 0x08, 0xC3, 0x19, 0x86,
    0x32, 0x6A, 0x32, 0x8B, 0x32, 0x8B, 0x32, 0x8B, 0x32, 0x8B, 0x32, 0x8B, 0x32, 0x8B, 0x32, 0x8B,
    0x32, 0x8B, 0x32, 0x8B, 0x32, 0x8A, 0x32, 0x6A, 0x2A, 0x4A, 0x2A, 0x29, 0x29, 0xE8, 0x21, 0xC8,
    0x21, 0xA7, 0x21, 0x87, 0x21, 0x86, 0x19, 0x46, 0x19, 0x25, 0x19, 0x05, 0x18, 0xE4, 0x08, 0xA3,
    0x08, 0xA3, 0x08, 0xA2, 0x08, 0xA2, 0x08, 0xA3, 0x08, 0xA3, 0x08, 0xA3, 0x08, 0xC3, 0x10, 0xC4,
    0x19, 0x05, 0x19, 0x66, 0x21, 0xA7, 0x21, 0xC7, 0x21, 0xE8, 0x29, 0xE8, 0x2A, 0x08, 0x2A, 0x09,
    0x2A, 0x09, 0x2A, 0x29, 0x2A, 0x29, 0x2A, 0x29, 0x2A, 0x29, 0x2A, 0x29, 0x2A, 0x29, 0x2A, 0x4A,
    0x2A, 0x6A, 0x32, 0x6A, 0x32, 0x8B, 0x32, 0x8B, 0x32, 0xAB, 0x3A, 0xCC, 0x3A, 0xCC, 0x3B, 0x0D,
    0x43, 0x2D, 0x43, 0x6E, 0x4B, 0x8F, 0x4B, 0xAF, 0x53, 0xB0, 0x53, 0xF0, 0x53, 0xF0, 0x5C, 0x11,
    0x5C, 0x11, 0x5C, 0x31, 0x5C, 0x31, 0x5C, 0x51, 0x5C, 0x51, 0x5C, 0x51, 0x5C, 0x51, 0x5C, 0x31,
    0x5C, 0x11, 0x32, 0xAC, 0x22, 0x09, 0x22, 0x09, 0x21, 0xE9, 0x2A, 0x09, 0x2A, 0x09, 0x2A, 0x09,
    0x32, 0x4A, 0x2A, 0x4A, 0x2A, 0x6B, 0x4B, 0xAF, 0x5C, 0x31, 0x5C, 0x51, 0x5C, 0x31, 0x5C, 0x31,
    0x5C, 0x31, 0x5C, 0x31, 0x5C, 0x31, 0x5C, 0x31, 0x5C, 0x31, 0x5C, 0x11, 0x54, 0x11, 0x54, 0x10,
    0x4B, 0x8F, 0x2A, 0x2A, 0x21, 0xE8, 0x21, 0xE9, 0x21, 0xC8, 0x19, 0xA7, 0x19, 0xA7, 0x19, 0xA7,
    0x19, 0xA7, 0x19, 0xA7, 0x21, 0xA7, 0x21, 0xC8, 0x21, 0xE8, 0x21, 0xE8, 0x21, 0xC8, 0x21, 0xE8,
    0x2A, 0x49, 0x3A, 0xCC, 0x43, 0x0D, 0x43, 0x0D, 0x43, 0x0D, 0x3B, 0x0C, 0x3A, 0xEC, 0x3A, 0xCC,
    0x3A, 0xAB, 0x3A, 0xCC, 0x42, 0xEC, 0x3A, 0xEC, 0x3A, 0xCC, 0x3A, 0xEC, 0x3A, 0xCC, 0x3A, 0xCB,
    0x32, 0x8B, 0x22, 0x09, 0x19, 0xA7, 0x19, 0xA7, 0x21, 0xA7, 0x19, 0xA7, 0x21, 0xC7, 0x21, 0xC7,
    0x21, 0xE8, 0x22, 0x09, 0x22, 0x09, 0x22, 0x09, 0x2A, 0x29, 0x32, 0x4A, 0x32, 0x4A, 0x32, 0x2A,
    0x2A, 0x0A, 0x29, 0xE9, 0x21, 0xC9, 0x11, 0x46, 0x19, 0x67, 0x19, 0x46, 0x11, 0x05, 0x08, 0xC4,
    0x08, 0xE4, 0x08, 0xA4, 0x08, 0xC4, 0x08, 0xC4, 0x21, 0xA7, 0x32, 0x8A, 0x32, 0x8B, 0x32, 0x8B,
    0x32, 0x8A, 0x32, 0x8A, 0x32, 0x8B, 0x32, 0x8B, 0x32, 0x8B, 0x32, 0x8B, 0x32, 0x8A, 0x32, 0x6A,
    0x32, 0x4A, 0x2A, 0x29, 0x2A, 0x09, 0x29, 0xE8, 0x21, 0xC8, 0x21, 0xA7, 0x21, 0x87, 0x19, 0x45,
    0x19, 0x45, 0x19, 0x25, 0x19, 0x05, 0x18, 0xE4, 0x08, 0xA3, 0x08, 0xA3, 0x08, 0xA3, 0x08, 0xA3,
    0x08, 0xA3, 0x08, 0xA3, 0x08, 0xA3, 0x08, 0xA3, 0x10, 0xE4, 0x19, 0x25, 0x19, 0x66, 0x21, 0xA7,
    0x21, 0xC7, 0x21, 0xE8, 0x29, 0xE8, 0x2A, 0x09, 0x2A, 0x09, 0x2A, 0x29, 0x2A, 0x29, 0x2A, 0x29,
    0x2A, 0x29, 0x2A, 0x49, 0x2A, 0x49, 0x2A, 0x4A, 0x2A, 0x4A, 0x32, 0x6A, 0x32, 0x8B, 0x32, 0x8B,
    0x32, 0xAB, 0x32, 0xCB, 0x3A, 0xCC, 0x3A, 0xEC, 0x43, 0x0D, 0x43, 0x2D, 0x4B, 0x6E, 0x4B, 0x8F,
    0x4B, 0xAF, 0x53, 0xB0, 0x53, 0xD0, 0x53, 0xF0, 0x5C, 0x11, 0x5C, 0x11, 0x5C, 0x31, 0x5C, 0x31,
    0x5C, 0x31, 0x5C, 0x31, 0x5C, 0x31, 0x5C, 0x31, 0x5C, 0x32, 0x5C, 0x11, 0x3A, 0xED, 0x2A, 0x29,
    0x2A, 0x09, 0x21, 0xE9, 0x2A, 0x09, 0x2A, 0x09, 0x2A, 0x09, 0x32, 0x4A, 0x32, 0x6B, 0x2A, 0x2A,
    0x32, 0xCC, 0x4B, 0x8F, 0x5C, 0x31, 0x5C, 0x31, 0x5C, 0x31, 0x5C, 0x31, 0x5C, 0x31, 0x5C, 0x31,
    0x5C, 0x31, 0x5C, 0x11, 0x54, 0x11, 0x54, 0x11, 0x5C, 0x10, 0x4B, 0x8F, 0x22, 0x4A, 0x21, 0xE8,
    0x21, 0xE9, 0x21, 0xE8, 0x19, 0xA7, 0x19, 0xC7, 0x19, 0xC7, 0x19, 0xC7, 0x21, 0xC8, 0x21, 0xC8,
    0x21, 0xE8, 0x21, 0xE8, 0x21, 0xE8, 0x21, 0xE8, 0x22, 0x09, 0x2A, 0x29, 0x32, 0x8B, 0x3B, 0x0C,
    0x43, 0x2D, 0x3B, 0x0D, 0x3B, 0x0C, 0x43, 0x0D, 0x3A, 0xEC, 0x3A, 0xCC, 0x3A, 0xCC, 0x3A, 0xEC,
    0x3A, 0xCC, 0x3A, 0xEC, 0x3A, 0xEC, 0x3A, 0xCC, 0x3A, 0xCC, 0x3A, 0xCC, 0x32, 0x6A, 0x21, 0xE8,
    0x21, 0xC8, 0x21, 0xC8, 0x21, 0xC7, 0x21, 0xE8, 0x21, 0xE8, 0x21, 0xE8, 0x22, 0x09, 0x2A, 0x29,
    0x2A, 0x29, 0x32, 0x4A, 0x32, 0x2A, 0x29, 0xE9, 0x21, 0x87, 0x21, 0x87, 0x21, 0xA8, 0x29, 0xC9,
    0x19, 0x87, 0x21, 0xA8, 0x21, 0x67, 0x11, 0x05, 0x08, 0xE4, 0x11, 0x05, 0x08, 0xA3, 0x08, 0xC4,
    0x08, 0xE4, 0x29, 0xE8, 0x32, 0x8B, 0x32, 0x8B, 0x32, 0x8A, 0x32, 0x8A, 0x32, 0x8A, 0x32, 0x8B,
    0x32, 0x8B, 0x32, 0x8B, 0x32, 0x8A, 0x32, 0x6A, 0x32, 0x6A, 0x32, 0x4A, 0x2A, 0x29, 0x2A, 0x08,
    0x29, 0xE8, 0x21, 0xC7, 0x21, 0xA7, 0x21, 0x86, 0x19, 0x25, 0x21, 0x45, 0x19, 0x45, 0x19, 0x04,
    0x10, 0xC3, 0x08, 0xA3, 0x08, 0xA3, 0x08, 0xA3, 0x08, 0xA3, 0x08, 0xA3, 0x08, 0xA3, 0x08, 0xC3,
    0x08, 0xC3, 0x10, 0xE4, 0x19, 0x05, 0x19, 0x66, 0x21, 0x87, 0x21, 0xC7, 0x21, 0xC8, 0x29, 0xE8,
    0x2A, 0x09, 0x2A, 0x29, 0x2A, 0x29, 0x2A, 0x29, 0x2A, 0x49, 0x2A, 0x49, 0x2A, 0x4A, 0x2A, 0x4A,
    0x2A, 0x6A, 0x32, 0x6A, 0x32, 0x6A, 0x32, 0x8B, 0x3A, 0xAB, 0x3A, 0xAB, 0x3A, 0xCC, 0x3A, 0xEC,
    0x3A, 0xEC, 0x43, 0x0D, 0x43, 0x2E, 0x4B, 0x6E, 0x4B, 0x8F, 0x4B, 0xAF, 0x53, 0xAF, 0x53, 0xD0,
    0x53, 0xF0, 0x5C, 0x11, 0x5C, 0x11, 0x5C, 0x11, 0x5C, 0x31, 0x5C, 0x31, 0x5C, 0x31, 0x5C, 0x31,
    0x5C, 0x31, 0x5C, 0x31, 0x5C, 0x11, 0x43, 0x0D, 0x2A, 0x2A, 0x2A, 0x29, 0x2A, 0x09, 0x2A, 0x09,
    0x2A, 0x09, 0x22, 0x09, 0x21, 0xE9, 0x2A, 0x4A, 0x2A, 0x2A, 0x2A, 0x6A, 0x3A, 0xEC, 0x53, 0xD0,
    0x5C, 0x31, 0x5C, 0x31, 0x5C, 0x31, 0x5C, 0x31, 0x5C, 0x31, 0x5C, 0x31, 0x54, 0x11, 0x54, 0x10,
    0x53, 0xF0, 0x53, 0xF0, 0x4B, 0x8F, 0x2A, 0x4A, 0x21, 0xE8, 0x21, 0xC8, 0x21, 0xE8, 0x19, 0xC7,
    0x21, 0xC8, 0x21, 0xC8, 0x21, 0xC8, 0x21, 0xE8, 0x21, 0xE8, 0x21, 0xE8, 0x21, 0xE8, 0x22, 0x09,
    0x22, 0x09, 0x22, 0x09, 0x22, 0x09, 0x2A, 0x4A, 0x3A, 0xCC, 0x43, 0x2D, 0x43, 0x0D, 0x3B, 0x0D,
    0x3B, 0x0D, 0x3A, 0xEC, 0x3A, 0xCC, 0x3A, 0xEC, 0x3A, 0xEC, 0x3A, 0xCC, 0x3A, 0xEC, 0x3A, 0xEC,
    0x3A, 0xEC, 0x3A, 0xCC, 0x3A, 0xCC, 0x3A, 0xAB, 0x2A, 0x29, 0x21, 0xE8, 0x21, 0xC8, 0x21, 0xE8,
    0x21, 0xE8, 0x22, 0x08, 0x21, 0xE8, 0x22, 0x29, 0x2A, 0x29, 0x2A, 0x09, 0x32, 0x29, 0x29, 0xE9,
    0x19, 0x67, 0x08, 0x83, 0x10, 0xE5, 0x19, 0x26, 0x11, 0x26, 0x29, 0xC8, 0x21, 0x87, 0x19, 0x66,
    0x11, 0x26, 0x08, 0xE4, 0x11, 0x05, 0x08, 0xA3, 0x08, 0xC4, 0x08, 0xE4, 0x29, 0xE8, 0x32, 0x8B,
    0x32, 0x8B, 0x32, 0x8A, 0x32, 0x8A, 0x32, 0x8A, 0x32, 0x8B, 0x32, 0x8B, 0x32, 0x8B, 0x32, 0x8A,
    0x32, 0x6A, 0x32, 0x4A, 0x2A, 0x29, 0x2A, 0x09, 0x21, 0xE8, 0x21, 0xE8, 0x21, 0xA7, 0x21, 0x86,
    0x21, 0x66, 0x19, 0x45, 0x21, 0x65, 0x19, 0x25, 0x10, 0xC3, 0x08, 0x62, 0x08, 0xA3, 0x08, 0xA3,
    0x08, 0xA3, 0x08, 0xA3, 0x08, 0xA3, 0x08, 0xA3, 0x08, 0xC3, 0x10, 0xC3, 0x10, 0xC4, 0x11, 0x05,
    0x19, 0x46, 0x21, 0x87, 0x21, 0xC7, 0x21, 0xC8, 0x29, 0xE8, 0x2A, 0x09, 0x2A, 0x29, 0x2A, 0x29,
    0x2A, 0x29, 0x2A, 0x49, 0x2A, 0x4A, 0x2A, 0x4A, 0x32, 0x6A, 0x32, 0x6A, 0x32, 0x6A, 0x32, 0x8A,
    0x32, 0xAB, 0x3A, 0xAB, 0x3A, 0xCC, 0x3A, 0xEC, 0x3A, 0xED, 0x43, 0x0D, 0x43, 0x2D, 0x43, 0x4E,
    0x4B, 0x6E, 0x4B, 0x8F, 0x4B, 0x8F, 0x4B, 0xAF, 0x53, 0xD0, 0x53, 0xF0, 0x5B, 0xF0, 0x5C, 0x11,
    0x5C, 0x11, 0x5C, 0x31, 0x5C, 0x31, 0x5C, 0x31, 0x5C, 0x31, 0x5C, 0x31, 0x5C, 0x31, 0x5C, 0x11,
    0x43, 0x4E, 0x2A, 0x2A, 0x2A, 0x29, 0x2A, 0x09, 0x2A, 0x09, 0x22, 0x09, 0x22, 0x09, 0x19, 0xC8,
    0x2A, 0x09, 0x2A, 0x09, 0x2A, 0x2A, 0x2A, 0x6A, 0x43, 0x2D, 0x4B, 0xAF, 0x5C, 0x31, 0x5C, 0x31,
    0x5C, 0x31, 0x5C, 0x31, 0x5C, 0x31, 0x54, 0x11, 0x54, 0x10, 0x53, 0xF0, 0x53, 0xF0, 0x53, 0xCF,
    0x32, 0xAB, 0x22, 0x29, 0x21, 0xE9, 0x22, 0x09, 0x21, 0xE8, 0x22, 0x08, 0x21, 0xE8, 0x21, 0xE8,
    0x21, 0xE8, 0x22, 0x08, 0x22, 0x09, 0x22, 0x09, 0x22, 0x09, 0x22, 0x09, 0x22, 0x09, 0x22, 0x09,
    0x2A, 0x49, 0x32, 0x8B, 0x3A, 0xEC, 0x43, 0x0D, 0x43, 0x0D, 0x3B, 0x0D, 0x3A, 0xED, 0x3A, 0xEC,
    0x3A, 0xEC, 0x3A, 0xEC, 0x3A, 0xCC, 0x3A, 0xEC, 0x3A, 0xEC, 0x3A, 0xEC, 0x3A, 0xCC, 0x3A, 0xEC,
    0x3A, 0xCC, 0x32, 0x8B, 0x2A, 0x29, 0x21, 0xE8, 0x22, 0x09, 0x22, 0x08, 0x2A, 0x09, 0x22, 0x09,
    0x2A, 0x29, 0x2A, 0x29, 0x21, 0xE8, 0x29, 0xC8, 0x21, 0x87, 0x10, 0xC4, 0x08, 0x62, 0x00, 0x21,
    0x10, 0xC4, 0x11, 0x05, 0x21, 0x87, 0x21, 0xA8, 0x29, 0xE9, 0x08, 0xC5, 0x08, 0xC4, 0x19, 0x25,
    0x08, 0xA4, 0x08, 0xC4, 0x08, 0xC4, 0x29, 0xE8, 0x32, 0x6A, 0x32, 0x8B, 0x32, 0x8A, 0x32, 0x8B,
    0x32, 0x8B, 0x32, 0x8B, 0x32, 0x8B, 0x32, 0x8B, 0x32, 0x6A, 0x32, 0x6A, 0x32, 0x4A, 0x2A, 0x29,
    0x2A, 0x08, 0x21, 0xE8, 0x21, 0xC7, 0x21, 0xA7, 0x21, 0x66, 0x21, 0x45, 0x21, 0x45, 0x19, 0x25,
    0x10, 0xE4, 0x08, 0xA2, 0x08, 0x62, 0x10, 0xA3, 0x10, 0xA3, 0x08, 0xA3, 0x08, 0xA3, 0x08, 0xA3,
    0x08, 0xC3, 0x10, 0xC3, 0x10, 0xC3, 0x08, 0xC3, 0x11, 0x04, 0x19, 0x46, 0x21, 0x87, 0x21, 0xC7,
    0x21, 0xC8, 0x21, 0xE8, 0x2A, 0x08, 0x2A, 0x29, 0x2A, 0x29, 0x2A, 0x49, 0x2A, 0x49, 0x2A, 0x4A,
    0x2A, 0x6A, 0x32, 0x6A, 0x32, 0x8A, 0x32, 0x6A, 0x32, 0x8B, 0x3A, 0xAB, 0x3A, 0xCC, 0x3A, 0xCC,
    0x3A, 0xEC, 0x3B, 0x0D, 0x43, 0x0D, 0x43, 0x2D, 0x43, 0x4E, 0x4B, 0x6E, 0x4B, 0x8F, 0x4B, 0x8F,
    0x4B, 0xAF, 0x53, 0xD0, 0x53, 0xD0, 0x5B, 0xF0, 0x5B, 0xF1, 0x5C, 0x11, 0x5C, 0x11, 0x5C, 0x31,
    0x5C, 0x31, 0x5C, 0x31, 0x5C, 0x31, 0x5C, 0x31, 0x5C, 0x11, 0x4B, 0x4E, 0x2A, 0x2A, 0x2A, 0x29,
    0x2A, 0x09, 0x2A, 0x09, 0x22, 0x09, 0x22, 0x09, 0x21, 0xE8, 0x21, 0xE8, 0x21, 0xC8, 0x2A, 0x09,
    0x21, 0xE9, 0x2A, 0x4A, 0x32, 0xAB, 0x5C, 0x11, 0x5C, 0x11, 0x5C, 0x31, 0x5C, 0x31, 0x5C, 0x11,
    0x5C, 0x11, 0x5C, 0x11, 0x5C, 0x11, 0x53, 0xF0, 0x5C, 0x10, 0x43, 0x2D, 0x32, 0x8B, 0x2A, 0x4A,
    0x2A, 0x49, 0x22, 0x09, 0x2A, 0x29, 0x2A, 0x09, 0x22, 0x09, 0x22, 0x09, 0x2A, 0x09, 0x2A, 0x29,
    0x2A, 0x29, 0x2A, 0x09, 0x22, 0x09, 0x22, 0x29, 0x2A, 0x29, 0x2A, 0x49, 0x2A, 0x6A, 0x32, 0xAB,
    0x3B, 0x0D, 0x43, 0x0D, 0x3B, 0x0D, 0x3B, 0x0D, 0x3A, 0xEC, 0x3A, 0xED, 0x3A, 0xED, 0x3A, 0xEC,
    0x3A, 0xEC, 0x3A, 0xEC, 0x3A, 0xEC, 0x3A, 0xEC, 0x3A, 0xEC, 0x42, 0xEC, 0x3A, 0xCC, 0x2A, 0x4A,
    0x2A, 0x29, 0x2A, 0x29, 0x22, 0x09, 0x2A, 0x29, 0x2A, 0x29, 0x2A, 0x49, 0x2A, 0x29, 0x21, 0xA7,
    0x21, 0x87, 0x19, 0x26, 0x00, 0x63, 0x08, 0x42, 0x08, 0x42, 0x00, 0x42, 0x08, 0xC4, 0x29, 0xC8,
    0x3A, 0x4B, 0x21, 0xA8, 0x08, 0xC4, 0x08, 0xA3, 0x19, 0x25, 0x08, 0xC4, 0x10, 0xC4, 0x08, 0xC4,
    0x29, 0xE8, 0x32, 0x6A, 0x32, 0xAB, 0x32, 0x8B, 0x32, 0x8B, 0x32, 0x8B, 0x32, 0x8B, 0x32, 0x8B,
    0x32, 0x8B, 0x32, 0x6A, 0x32, 0x6A, 0x32, 0x4A, 0x2A, 0x29, 0x29, 0xE8, 0x21, 0xC8, 0x21, 0xC7,
    0x21, 0x87, 0x21, 0x46, 0x21, 0x25, 0x19, 0x04, 0x18, 0xE4, 0x10, 0xC3, 0x08, 0xA3, 0x08, 0x82,
    0x08, 0xC4, 0x08, 0xC4, 0x08, 0xC4, 0x08, 0xC3, 0x08, 0xC3, 0x08, 0xC4, 0x10, 0xE4, 0x10, 0xE4,
    0x10, 0xE4, 0x11, 0x04, 0x19, 0x46, 0x21, 0x87, 0x21, 0xC7, 0x21, 0xC8, 0x21, 0xE8, 0x29, 0xE8,
    0x29, 0xE8, 0x2A, 0x09, 0x2A, 0x29, 0x32, 0x4A, 0x32, 0x4A, 0x32, 0x6A, 0x32, 0x6A, 0x32, 0x8B,
    0x32, 0xAB, 0x3A, 0xAB, 0x3A, 0xAB, 0x3A, 0xCC, 0x3A, 0xCC, 0x3A, 0xEC, 0x43, 0x0D, 0x43, 0x2D,
    0x43, 0x2D, 0x43, 0x4E, 0x4B, 0x6E, 0x4B, 0x8F, 0x53, 0xAF, 0x53, 0xAF, 0x53, 0xB0, 0x53, 0xD0,
    0x53, 0xF0, 0x54, 0x10, 0x54, 0x11, 0x5C, 0x11, 0x5C, 0x11, 0x5C, 0x31, 0x5C, 0x31, 0x5C, 0x31,
    0x5C, 0x31, 0x5C, 0x10, 0x4B, 0x6E, 0x2A, 0x4A, 0x2A, 0x2A, 0x2A, 0x09, 0x2A, 0x09, 0x21, 0xE9,
    0x21, 0xC8, 0x21, 0xE8, 0x22, 0x08, 0x19, 0xC8, 0x21, 0xE8, 0x2A, 0x29, 0x21, 0xE9, 0x2A, 0x09,
    0x2A, 0x8B, 0x5C, 0x31, 0x5C, 0x31, 0x54, 0x11, 0x54, 0x11, 0x5C, 0x31, 0x5C, 0x11, 0x53, 0xF0,
    0x53, 0xF0, 0x53, 0xD0, 0x53, 0xB0, 0x4B, 0x8F, 0x43, 0x6E, 0x3B, 0x2D, 0x32, 0xEC, 0x32, 0xCC,
    0x32, 0xAB, 0x32, 0x8B, 0x32, 0x8B, 0x32, 0x6A, 0x2A, 0x29, 0x2A, 0x29, 0x2A, 0x29, 0x2A, 0x09,
    0x2A, 0x29, 0x2A, 0x29, 0x2A, 0x29, 0x2A, 0x6A, 0x32, 0xAB, 0x3A, 0xCC, 0x3B, 0x0C, 0x3B, 0x0C,
    0x3A, 0xEC, 0x3A, 0xEC, 0x3A, 0xEC, 0x3A, 0xEC, 0x3A, 0xEC, 0x3A, 0xEC, 0x3A, 0xEC, 0x3A, 0xEC,
    0x3A, 0xEC, 0x3A, 0xEC, 0x3A, 0xCC, 0x3A, 0xCC, 0x3A, 0xAB, 0x32, 0x8B, 0x2A, 0x4A, 0x2A, 0x29,
    0x2A, 0x29, 0x2A, 0x29, 0x2A, 0x6B, 0x32, 0x8B, 0x32, 0x4A, 0x11, 0x05, 0x08, 0x62, 0x08, 0x01,
    0x00, 0x21, 0x08, 0x62, 0x08, 0x21, 0x08, 0x83, 0x29, 0xE9, 0x32, 0x4A, 0x19, 0x66, 0x08, 0xA4,
    0x08, 0xA3, 0x21, 0x66, 0x08, 0xE4, 0x10, 0xE5, 0x10, 0xE4, 0x21, 0xA7, 0x3A, 0xAB, 0x32, 0x8B,
    0x32, 0x8A, 0x3A, 0xAB, 0x32, 0xAB, 0x32, 0x8A, 0x32, 0x8B, 0x32, 0x8B, 0x32, 0x6A, 0x32, 0x6A,
    0x32, 0x49, 0x2A, 0x09, 0x29, 0xE8, 0x29, 0xE8, 0x29, 0xA7, 0x21, 0x66, 0x21, 0x46, 0x21, 0x66,
    0x19, 0x04, 0x10, 0xC3, 0x08, 0xA3, 0x08, 0xA2, 0x08, 0xA3, 0x08, 0xC4, 0x10, 0xC4, 0x10, 0xC4,
    0x10, 0xC4, 0x10, 0xC4, 0x10, 0xE4, 0x10, 0xE4, 0x10, 0xE4, 0x11, 0x04, 0x11, 0x25, 0x19, 0x46,
    0x21, 0x87, 0x21, 0xC7, 0x21, 0xC8, 0x29, 0xE8, 0x29, 0xE8, 0x29, 0xE8, 0x2A, 0x09, 0x2A, 0x29,
    0x2A, 0x29, 0x32, 0x4A, 0x32, 0x6A, 0x32, 0x6A, 0x32, 0x8B, 0x32, 0xAB, 0x3A, 0xAB, 0x3A, 0xAB,
    0x3A, 0xCC, 0x3A, 0xCC, 0x3A, 0xEC, 0x43, 0x0D, 0x43, 0x2D, 0x43, 0x2D, 0x43, 0x4E, 0x4B, 0x6E,
    0x4B, 0x8F, 0x53, 0xAF, 0x53, 0xB0, 0x53, 0xD0, 0x53, 0xD0, 0x53, 0xF0, 0x54, 0x10, 0x54, 0x11,
    0x54, 0x11, 0x5C, 0x11, 0x5C, 0x11, 0x5C, 0x11, 0x5C, 0x31, 0x5C, 0x31, 0x5C, 0x10, 0x4B, 0x6E,
    0x2A, 0x6A, 0x2A, 0x4A, 0x2A, 0x09, 0x22, 0x09, 0x22, 0x09, 0x21, 0xE8, 0x21, 0xE8, 0x22, 0x29,
    0x2A, 0x4A, 0x32, 0x6A, 0x2A, 0x4A, 0x21, 0xE9, 0x2A, 0x09, 0x22, 0x4A, 0x4B, 0xAF, 0x5C, 0x31,
    0x5C, 0x31, 0x54, 0x31, 0x54, 0x10, 0x54, 0x10, 0x5C, 0x11, 0x53, 0xF0, 0x53, 0xD0, 0x53, 0xD0,
    0x53, 0xB0, 0x4B, 0xAF, 0x4B, 0x8F, 0x4B, 0x6E, 0x43, 0x4E, 0x43, 0x4E, 0x43, 0x2D, 0x43, 0x2D,
    0x3A, 0xCC, 0x32, 0x6A, 0x2A, 0x4A, 0x2A, 0x4A, 0x2A, 0x29, 0x2A, 0x2A, 0x2A, 0x29, 0x2A, 0x4A,
    0x32, 0x6A, 0x32, 0xAB, 0x3A, 0xCC, 0x3A, 0xEC, 0x3B, 0x0C, 0x3A, 0xEC, 0x3A, 0xEC, 0x3A, 0xEC,
    0x3A, 0xEC, 0x3A, 0xEC, 0x3A, 0xEC, 0x3A, 0xEC, 0x3A, 0xEC, 0x3A, 0xEC, 0x3A, 0xCC, 0x3A, 0xCC,
    0x3A, 0xCC, 0x3A, 0xCC, 0x32, 0xAB, 0x32, 0x6A, 0x2A, 0x4A, 0x2A, 0x4A, 0x22, 0x09, 0x2A, 0x2A,
    0x21, 0xC8, 0x19, 0x67, 0x08, 0xC4, 0x00, 0x42, 0x08, 0x62, 0x08, 0xA3, 0x00, 0x41, 0x00, 0x21,
    0x10, 0xE4, 0x21, 0x87, 0x2A, 0x2A, 0x19, 0x66, 0x08, 0x83, 0x08, 0xA3, 0x21, 0x66, 0x10, 0xE5,
    0x08, 0xE4, 0x08, 0xE4, 0x19, 0x86, 0x32, 0x8A, 0x32, 0x8B, 0x32, 0x8A, 0x3A, 0xAB, 0x3A, 0xAB,
    0x32, 0x8A, 0x32, 0xAB, 0x32, 0x8A, 0x32, 0x4A, 0x32, 0x4A, 0x2A, 0x09, 0x29, 0xE8, 0x21, 0xC8,
    0x21, 0xC7, 0x21, 0xA7, 0x21, 0x86, 0x21, 0x66, 0x21, 0x66, 0x19, 0x04, 0x10, 0xC3, 0x08, 0xA2,
    0x08, 0x82, 0x08, 0x82, 0x10, 0xE4, 0x10, 0xE4, 0x10, 0xE4, 0x10, 0xE4, 0x10, 0xE4, 0x10, 0xE4,
    0x10, 0xE4, 0x11, 0x04, 0x11, 0x05, 0x19, 0x25, 0x19, 0x66, 0x21, 0x87, 0x21, 0xC7, 0x21, 0xC8,
    0x29, 0xE8, 0x29, 0xE8, 0x29, 0xE8, 0x2A, 0x08, 0x2A, 0x09, 0x2A, 0x29, 0x2A, 0x49, 0x32, 0x6A,
    0x32, 0x6A, 0x32, 0x8B, 0x3A, 0xAB, 0x3A, 0xAB, 0x3A, 0xCC, 0x3A, 0xCC, 0x3A, 0xCC, 0x3A, 0xEC,
    0x43, 0x0D, 0x43, 0x0D, 0x43, 0x2D, 0x43, 0x4E, 0x4B, 0x6E, 0x4B, 0x8F, 0x4B, 0xAF, 0x53, 0xAF,
    0x53, 0xD0, 0x53, 0xD0, 0x53, 0xF0, 0x53, 0xF0, 0x5C, 0x11, 0x5C, 0x11, 0x5C, 0x11, 0x5C, 0x11,
    0x5C, 0x11, 0x5C, 0x11, 0x5C, 0x11, 0x5C, 0x10, 0x4B, 0x4E, 0x32, 0x6B, 0x2A, 0x4A, 0x2A, 0x09,
    0x22, 0x09, 0x22, 0x09, 0x22, 0x09, 0x32, 0xAB, 0x4B, 0x4E, 0x53, 0xF0, 0x5B, 0xF0, 0x4B, 0x6E,
    0x32, 0xAC, 0x2A, 0x2A, 0x2A, 0x4A, 0x43, 0x4E, 0x5C, 0x11, 0x54, 0x11, 0x5C, 0x31, 0x54, 0x11,
    0x54, 0x11, 0x53, 0xF0, 0x53, 0xF0, 0x53, 0xD0, 0x53, 0xD0, 0x53, 0xB0, 0x53, 0xAF, 0x4B, 0xAF,
    0x4B, 0x8F, 0x4B, 0x8F, 0x4B, 0x6E, 0x4B, 0x4E, 0x43, 0x4E, 0x3A, 0xED, 0x32, 0x8B, 0x2A, 0x4A,
    0x2A, 0x4A, 0x2A, 0x29, 0x2A, 0x4A, 0x2A, 0x4A, 0x2A, 0x4A, 0x32, 0x6A, 0x32, 0xAB, 0x3A, 0xCC,
    0x3A, 0xEC, 0x3B, 0x0C, 0x3A, 0xEC, 0x3A, 0xEC, 0x3A, 0xEC, 0x3A, 0xEC, 0x3A, 0xEC, 0x3A, 0xEC,
    0x3A, 0xEC, 0x3A, 0xEC, 0x3A, 0xCC, 0x3A, 0xCC, 0x3A, 0xCC, 0x3A, 0xCC, 0x3A, 0xCC, 0x3A, 0xAB,
    0x32, 0x8B, 0x32, 0x6A, 0x32, 0x6A, 0x21, 0xC8, 0x29, 0xC8, 0x19, 0x25, 0x08, 0x83, 0x00, 0x62,
    0x08, 0xA3, 0x29, 0xC7, 0x21, 0xE7, 0x11, 0x24, 0x00, 0x62, 0x10, 0xC4, 0x19, 0x87, 0x32, 0x2A,
    0x19, 0x26, 0x08, 0x63, 0x08, 0xC3, 0x21, 0x66, 0x19, 0x26, 0x08, 0xE4, 0x10, 0xE4, 0x19, 0x66,
    0x3A, 0x8A, 0x32, 0x8B, 0x3A, 0x8B, 0x32, 0xAB, 0x32, 0xAB, 0x32, 0xAB, 0x32, 0x8A, 0x32, 0x6A,
    0x32, 0x49, 0x2A, 0x29, 0x2A, 0x29, 0x2A, 0x29, 0x29, 0xE8, 0x21, 0xC7, 0x21, 0xA7, 0x29, 0xA7,
    0x21, 0x87, 0x21, 0x66, 0x10, 0xE4, 0x10, 0xC3, 0x08, 0x82, 0x08, 0x82, 0x08, 0x62, 0x10, 0xE4,
    0x10, 0xE4, 0x10, 0xE4, 0x10, 0xE4, 0x10, 0xE4, 0x11, 0x04, 0x11, 0x04, 0x11, 0x04, 0x11, 0x25,
    0x19, 0x45, 0x19, 0x66, 0x21, 0x87, 0x21, 0xA7, 0x21, 0xC7, 0x29, 0xE8, 0x29, 0xE8, 0x29, 0xE8,
    0x29, 0xE8, 0x2A, 0x08, 0x2A, 0x09, 0x32, 0x29, 0x32, 0x6A, 0x32, 0x6A, 0x32, 0x8A, 0x32, 0xAB,
    0x3A, 0xAB, 0x3A, 0xCB, 0x3A, 0xCC, 0x3A, 0xCC, 0x3A, 0xEC, 0x42, 0xEC, 0x43, 0x0D, 0x43, 0x2D,
    0x43, 0x2D, 0x4B, 0x4E, 0x4B, 0x6E, 0x4B, 0x8F, 0x53, 0xAF, 0x53, 0xB0, 0x53, 0xD0, 0x53, 0xF0,
    0x53, 0xF0, 0x5C, 0x11, 0x5C, 0x11, 0x5C, 0x11, 0x5C, 0x11, 0x5C, 0x11, 0x5C, 0x11, 0x54, 0x11,
    0x5B, 0xF0, 0x43, 0x2D, 0x32, 0x6B, 0x2A, 0x2A, 0x2A, 0x09, 0x2A, 0x09, 0x2A, 0x09, 0x2A, 0x4A,
    0x4B, 0x8F, 0x5C, 0x11, 0x5C, 0x11, 0x5C, 0x31, 0x5C, 0x11, 0x53, 0xB0, 0x3A, 0xED, 0x22, 0x2A,
    0x3A, 0xED, 0x5B, 0xF1, 0x5B, 0xF1, 0x5C, 0x11, 0x5C, 0x11, 0x5C, 0x11, 0x53, 0xF0, 0x53, 0xF0,
    0x53, 0xD0, 0x53, 0xD0, 0x4B, 0xAF, 0x4B, 0x8F, 0x4B, 0x8F, 0x4B, 0x6F, 0x4B, 0x6E, 0x43, 0x4E,
    0x43, 0x4E, 0x43, 0x4E, 0x3B, 0x0D, 0x32, 0x8B, 0x2A, 0x4A, 0x32, 0x6A, 0x32, 0x6A, 0x2A, 0x6A,
    0x2A, 0x4A, 0x2A, 0x4A, 0x32, 0x6A, 0x32, 0x8B, 0x3A, 0xCC, 0x3A, 0xEC, 0x42, 0xEC, 0x3A, 0xEC,
    0x3A, 0xEC, 0x3A, 0xEC, 0x3A, 0xEC, 0x3A, 0xCC, 0x3A, 0xCC, 0x3A, 0xCC, 0x3A, 0xCC, 0x3A, 0xCC,
    0x3A, 0xCC, 0x3A, 0xCC, 0x3A, 0xCC, 0x3A, 0xCC, 0x3A, 0xAB, 0x32, 0xAB, 0x32, 0x8B, 0x32, 0x4A,
    0x19, 0x66, 0x19, 0x45, 0x08, 0x83, 0x00, 0x62, 0x08, 0xE4, 0x21, 0xE8, 0x3A, 0xCC, 0x3A, 0xCB,
    0x3A, 0x8A, 0x19, 0x45, 0x00, 0xA3, 0x21, 0xA8, 0x32, 0x2A, 0x11, 0x05, 0x08, 0x83, 0x08, 0xA3,
    0x19, 0x46, 0x21, 0x67, 0x11, 0x05, 0x11, 0x05, 0x19, 0x46, 0x32, 0x6A, 0x32, 0xAB, 0x3A, 0x8B,
    0x32, 0x8B, 0x32, 0x8B, 0x32, 0xAB, 0x32, 0x8A, 0x2A, 0x49, 0x32, 0x49, 0x32, 0x29, 0x2A, 0x29,
    0x2A, 0x09, 0x21, 0xE8, 0x21, 0xC7, 0x21, 0xA7, 0x21, 0x87, 0x19, 0x46, 0x11, 0x05, 0x10, 0xC3,
    0x08, 0xA3, 0x08, 0x82, 0x08, 0x82, 0x08, 0x82, 0x10, 0xE4, 0x10, 0xE4, 0x11, 0x04, 0x11, 0x04,
    0x11, 0x04, 0x11, 0x04, 0x11, 0x04, 0x11, 0x05, 0x11, 0x25, 0x19, 0x25, 0x19, 0x46, 0x19, 0x86,
    0x21, 0xA7, 0x21, 0xC7, 0x21, 0xC8, 0x29, 0xE8, 0x29, 0xE8, 0x29, 0xE8, 0x2A, 0x08, 0x2A, 0x29,
    0x32, 0x49, 0x32, 0x6A, 0x32, 0x6A, 0x32, 0x6A, 0x32, 0x8B, 0x3A, 0xAB, 0x3A, 0xAB, 0x3A, 0xCB,
    0x3A, 0xCC, 0x3A, 0xCC, 0x3A, 0xEC, 0x42, 0xEC, 0x43, 0x0D, 0x43, 0x2D, 0x43, 0x4E, 0x4B, 0x4E,
    0x4B, 0x6E, 0x4B, 0x8F, 0x53, 0xAF, 0x53, 0xB0, 0x53, 0xD0, 0x53, 0xF0, 0x53, 0xF0, 0x5C, 0x11,
    0x5C, 0x11, 0x5C, 0x11, 0x5C, 0x11, 0x5C, 0x11, 0x5C, 0x10, 0x53, 0xF0, 0x3A, 0xED, 0x2A, 0x6A,
    0x2A, 0x2A, 0x22, 0x09, 0x2A, 0x29, 0x2A, 0x29, 0x2A, 0x8B, 0x53, 0xD0, 0x5C, 0x11, 0x53, 0xD0,
    0x4B, 0xD0, 0x54, 0x11, 0x5C, 0x31, 0x43, 0x6F, 0x22, 0x09, 0x2A, 0x6B, 0x53, 0xAF, 0x5C, 0x11,
    0x5C, 0x31, 0x53, 0xF0, 0x54, 0x10, 0x54, 0x10, 0x53, 0xD0, 0x53, 0xD0, 0x53, 0xB0, 0x4B, 0xAF,
    0x4B, 0x8F, 0x4B, 0x8F, 0x4B, 0x8F, 0x4B, 0x6E, 0x43, 0x6E, 0x43, 0x4E, 0x43, 0x4E, 0x3A, 0xED,
    0x32, 0x8B, 0x2A, 0x6A, 0x32, 0x6A, 0x32, 0x6A, 0x32, 0x6A, 0x32, 0x6A, 0x32, 0x6A, 0x32, 0x8B,
    0x32, 0xAB, 0x3A, 0xCC, 0x3A, 0xCC, 0x3A, 0xEC, 0x3A, 0xEC, 0x3A, 0xEC, 0x3A, 0xEC, 0x3A, 0xCC,
    0x3A, 0xCC, 0x3A, 0xCC, 0x3A, 0xCC, 0x3A, 0xCC, 0x3A, 0xCC, 0x3A, 0xCC, 0x3A, 0xAB, 0x3A, 0xAB,
    0x3A, 0xAB, 0x3A, 0xAB, 0x32, 0xAB, 0x32, 0xAB, 0x29, 0xC8, 0x11, 0x25, 0x08, 0xA3, 0x08, 0x62,
    0x19, 0x05, 0x32, 0x08, 0x42, 0xEC, 0x32, 0xCC, 0x3A, 0xEC, 0x4B, 0x2D, 0x3A, 0x8A, 0x08, 0xE4,
    0x21, 0x87, 0x29, 0xA8, 0x10, 0xE5, 0x08, 0xA3, 0x08, 0x83, 0x19, 0x25, 0x21, 0x87, 0x11, 0x25,
    0x10, 0xE4, 0x11, 0x25, 0x2A, 0x09, 0x32, 0xAB, 0x3A, 0x8B, 0x32, 0x8A, 0x32, 0x8B, 0x32, 0x8B,
    0x32, 0x6A, 0x32, 0x49, 0x32, 0x49, 0x32, 0x29, 0x2A, 0x29, 0x2A, 0x08, 0x29, 0xE8, 0x29, 0xC8,
    0x21, 0xC7, 0x21, 0x66, 0x19, 0x25, 0x11, 0x04, 0x08, 0xA3, 0x10, 0xA3, 0x08, 0xA2, 0x08, 0x82,
    0x08, 0x82, 0x11, 0x05, 0x11, 0x05, 0x11, 0x05, 0x11, 0x25, 0x11, 0x25, 0x11, 0x05, 0x11, 0x05,
    0x11, 0x05, 0x11, 0x25, 0x11, 0x25, 0x19, 0x45, 0x19, 0x66, 0x21, 0x87, 0x21, 0xA7, 0x21, 0xA7,
    0x21, 0xC8, 0x29, 0xE8, 0x29, 0xE8, 0x2A, 0x08, 0x32, 0x29, 0x32, 0x49, 0x32, 0x4A, 0x32, 0x6A,
    0x32, 0x6A, 0x32, 0x8B, 0x32, 0x8B, 0x3A, 0xAB, 0x3A, 0xAB, 0x3A, 0xAB, 0x3A, 0xCC, 0x3A, 0xEC,
    0x42, 0xEC, 0x43, 0x0D, 0x43, 0x0D, 0x43, 0x2D, 0x43, 0x4E, 0x4B, 0x4E, 0x4B, 0x6E, 0x4B, 0x8F,
    0x4B, 0xAF, 0x53, 0xD0, 0x53, 0xD0, 0x53, 0xF0, 0x5C, 0x11, 0x5C, 0x11, 0x5C, 0x11, 0x5C, 0x11,
    0x5C, 0x11, 0x5C, 0x10, 0x53, 0xF0, 0x32, 0xCC, 0x2A, 0x4A, 0x2A, 0x29, 0x2A, 0x09, 0x2A, 0x29,
    0x2A, 0x29, 0x2A, 0x6A, 0x4B, 0x6F, 0x5C, 0x11, 0x5C, 0x31, 0x54, 0x11, 0x54, 0x31, 0x54, 0x10,
    0x4B, 0xAF, 0x3A, 0xEC, 0x32, 0xAB, 0x3B, 0x0D, 0x53, 0xD0, 0x5C, 0x31, 0x53, 0xD0, 0x53, 0xF0,
    0x54, 0x11, 0x53, 0xD0, 0x53, 0xD0, 0x53, 0xB0, 0x4B, 0xAF, 0x4B, 0xAF, 0x4B, 0x8F, 0x4B, 0x8F,
    0x4B, 0x6E, 0x43, 0x6E, 0x43, 0x2D, 0x43, 0x0D, 0x3A, 0xCC, 0x32, 0x8B, 0x2A, 0x6A, 0x32, 0x6A,
    0x32, 0x6A, 0x32, 0x8B, 0x32, 0x6A, 0x32, 0x8B, 0x32, 0x8B, 0x32, 0xAB, 0x3A, 0xAB, 0x3A, 0xCC,
    0x3A, 0xCC, 0x3A, 0xCC, 0x3A, 0xCC, 0x3A, 0xCC, 0x3A, 0xCC, 0x3A, 0xCC, 0x3A, 0xAB, 0x3A, 0xAB,
    0x3A, 0xAB, 0x3A, 0xAB, 0x3A, 0xAB, 0x3A, 0xAB, 0x3A, 0xAB, 0x3A, 0xAB, 0x3A, 0xAB, 0x3A, 0xAB,
    0x3A, 0xAB, 0x21, 0x66, 0x08, 0xC3, 0x08, 0xC3, 0x21, 0x86, 0x3A, 0x4A, 0x3A, 0x8A, 0x43, 0x0C,
    0x32, 0xCB, 0x3A, 0xEC, 0x43, 0x0D, 0x4B, 0x2C, 0x11, 0x25, 0x19, 0x46, 0x19, 0x26, 0x10, 0xC4,
    0x00, 0x42, 0x00, 0x82, 0x10, 0xE4, 0x21, 0x87, 0x19, 0x25, 0x08, 0xC4, 0x10, 0xE4, 0x21, 0xA7,
    0x32, 0x6A, 0x3A, 0xAB, 0x32, 0x8B, 0x32, 0x8B, 0x32, 0x8B, 0x2A, 0x49, 0x32, 0x49, 0x32, 0x49,
    0x2A, 0x08, 0x21, 0xC8, 0x21, 0xA7, 0x21, 0xA7, 0x21, 0xA7, 0x21, 0x86, 0x19, 0x25, 0x11, 0x04,
    0x10, 0xE4, 0x10, 0xA3, 0x10, 0xA3, 0x10, 0xA3, 0x08, 0xA2, 0x08, 0x82, 0x11, 0x05, 0x11, 0x25,
    0x11, 0x25, 0x11, 0x25, 0x11, 0x25, 0x11, 0x25, 0x11, 0x25, 0x11, 0x25, 0x11, 0x25, 0x11, 0x25,
    0x11, 0x25, 0x19, 0x46, 0x19, 0x86, 0x21, 0x87, 0x21, 0x87, 0x21, 0xA7, 0x29, 0xE8, 0x29, 0xE8,
    0x2A, 0x08, 0x2A, 0x29, 0x2A, 0x29, 0x32, 0x49, 0x32, 0x6A, 0x32, 0x6A, 0x32, 0x8A, 0x32, 0x8A,
    0x32, 0x8B, 0x32, 0xAB, 0x3A, 0xAB, 0x3A, 0xAB, 0x3A, 0xCC, 0x42, 0xEC, 0x42, 0xEC, 0x43, 0x0D,
    0x43, 0x2D, 0x43, 0x4D, 0x4B, 0x4E, 0x4B, 0x6E, 0x4B, 0x8F, 0x4B, 0x8F, 0x53, 0xAF, 0x53, 0xD0,
    0x53, 0xD0, 0x53, 0xF0, 0x5B, 0xF0, 0x5B, 0xF0, 0x5B, 0xF0, 0x5B, 0xF0, 0x54, 0x10, 0x53, 0xD0,
    0x32, 0x8B, 0x2A, 0x4A, 0x2A, 0x2A, 0x2A, 0x29, 0x2A, 0x4A, 0x2A, 0x4A, 0x2A, 0x6A, 0x43, 0x0D,
    0x53, 0xCF, 0x53, 0xF0, 0x53, 0xF0, 0x53, 0xF0, 0x4B, 0xD0, 0x53, 0xF0, 0x53, 0xF0, 0x43, 0x6E,
    0x3A, 0xED, 0x4B, 0xAF, 0x5B, 0xF1, 0x53, 0xF0, 0x53, 0xF0, 0x53, 0xD0, 0x53, 0xD0, 0x53, 0xB0,
    0x4B, 0xAF, 0x4B, 0x8F, 0x4B, 0x8F, 0x4B, 0x6F, 0x43, 0x6E, 0x43, 0x4E, 0x4B, 0x6E, 0x43, 0x2D,
    0x3A, 0xED, 0x3A, 0xCC, 0x32, 0x8B, 0x32, 0x8B, 0x3A, 0xAB, 0x32, 0x8B, 0x32, 0x8B, 0x32, 0x8B,
    0x32, 0x8B, 0x32, 0x8B, 0x3A, 0xAB, 0x3A, 0xAB, 0x3A, 0xCC, 0x3A, 0xCC, 0x3A, 0xCC, 0x3A, 0xCC,
    0x3A, 0xCC, 0x3A, 0xCC, 0x3A, 0xAB, 0x3A, 0xAB, 0x3A, 0xAB, 0x3A, 0xAB, 0x3A, 0xAB, 0x3A, 0xAB,
    0x3A, 0xAB, 0x3A, 0xCC, 0x3A, 0xCC, 0x3A, 0xCC, 0x3A, 0xCC, 0x3A, 0xCC, 0x19, 0x25, 0x08, 0xA3,
    0x21, 0x87, 0x3A, 0xAB, 0x42, 0xEC, 0x32, 0xAB, 0x3A, 0xCC, 0x3B, 0x0C, 0x43, 0x0D, 0x3A, 0xEC,
    0x42, 0xEC, 0x11, 0x25, 0x21, 0x46, 0x19, 0x05, 0x08, 0xA3, 0x00, 0xA3, 0x08, 0x83, 0x08, 0xC4,
    0x19, 0x46, 0x19, 0x26, 0x08, 0xC4, 0x08, 0xE4, 0x19, 0x66, 0x32, 0x6A, 0x3A, 0xAB, 0x32, 0x8B,
    0x32, 0x8A, 0x32, 0x8A, 0x2A, 0x49, 0x32, 0x49, 0x2A, 0x08, 0x19, 0x66, 0x11, 0x04, 0x11, 0x05,
    0x11, 0x04, 0x10, 0xE4, 0x10, 0xC3, 0x08, 0xA3, 0x08, 0xA2, 0x08, 0x82, 0x08, 0xA2, 0x10, 0xA3,
    0x10, 0xA3, 0x08, 0x82, 0x08, 0x82, 0x11, 0x25, 0x11, 0x25, 0x19, 0x25, 0x19, 0x45, 0x19, 0x25,
    0x11, 0x25, 0x11, 0x25, 0x11, 0x25, 0x11, 0x05, 0x11, 0x05, 0x11, 0x25, 0x19, 0x46, 0x19, 0x66,
    0x19, 0x86, 0x19, 0x87, 0x21, 0x87, 0x29, 0xE8, 0x29, 0xE8, 0x2A, 0x08, 0x2A, 0x09, 0x2A, 0x09,
    0x2A, 0x29, 0x32, 0x4A, 0x32, 0x6A, 0x32, 0x6A, 0x32, 0x8A, 0x32, 0x8A, 0x32, 0x8B, 0x32, 0x8B,
    0x3A, 0xAB, 0x3A, 0xCC, 0x42, 0xEC, 0x43, 0x0D, 0x43, 0x0D, 0x43, 0x2D, 0x43, 0x2D, 0x43, 0x4E,
    0x4B, 0x6E, 0x4B, 0x8F, 0x4B, 0x8F, 0x4B, 0xAF, 0x53, 0xAF, 0x53, 0xD0, 0x53, 0xF0, 0x53, 0xF0,
    0x53, 0xF0, 0x53, 0xF0, 0x5B, 0xF0, 0x53, 0xF0, 0x53, 0xD0, 0x32, 0x8B, 0x2A, 0x4A, 0x2A, 0x4A,
    0x2A, 0x2A, 0x2A, 0x4A, 0x2A, 0x4A, 0x2A, 0x29, 0x32, 0xCB, 0x4B, 0x8F, 0x4B, 0xAF, 0x4B, 0xF0,
    0x54, 0x10, 0x4B, 0xD0, 0x53, 0xF0, 0x53, 0xD0, 0x5C, 0x11, 0x4B, 0x8F, 0x53, 0xD0, 0x53, 0xD0,
    0x53, 0xD0, 0x53, 0xF0, 0x4B, 0xAF, 0x53, 0xD0, 0x4B, 0xAF, 0x4B, 0x8F, 0x4B, 0x8F, 0x4B, 0x6F,
    0x4B, 0x6E, 0x43, 0x6E, 0x43, 0x4E, 0x43, 0x4E, 0x3A, 0xED, 0x32, 0xCC, 0x32, 0xAB, 0x32, 0x8B,
    0x32, 0x8B, 0x32, 0xAB, 0x32, 0x8B, 0x32, 0x8B, 0x32, 0x8B, 0x32, 0x8B, 0x32, 0xAB, 0x3A, 0xAB,
    0x3A, 0xAB, 0x3A, 0xAB, 0x3A, 0xCC, 0x3A, 0xAB, 0x3A, 0xAB, 0x3A, 0xAB, 0x3A, 0xAB, 0x3A, 0xAB,
    0x3A, 0xAB, 0x3A, 0xAB, 0x3A, 0xAB, 0x3A, 0xAB, 0x3A, 0xAB, 0x3A, 0xCC, 0x3A, 0xCC, 0x3A, 0xCC,
    0x3A, 0xCC, 0x3A, 0xEC, 0x3A, 0xEC, 0x19, 0x04, 0x11, 0x04, 0x32, 0x4A, 0x3A, 0xCC, 0x32, 0xCC,
    0x3A, 0xEC, 0x3A, 0xEC, 0x3A, 0xEC, 0x3B, 0x0D, 0x3B, 0x0D, 0x3A, 0xAB, 0x11, 0x05, 0x21, 0x66,
    0x10, 0xE5, 0x08, 0xA3, 0x21, 0xC7, 0x08, 0xA3, 0x08, 0xC4, 0x19, 0x26, 0x19, 0x46, 0x08, 0xC4,
    0x11, 0x05, 0x11, 0x46, 0x32, 0x6A, 0x3A, 0xAB, 0x32, 0x6A, 0x32, 0x6A, 0x32, 0x6A, 0x2A, 0x49,
    0x32, 0x49, 0x21, 0xE8, 0x08, 0xE4, 0x08, 0xA3, 0x10, 0xE4, 0x10, 0xE3, 0x08, 0xA2, 0x08, 0x82,
    0x08, 0x82, 0x08, 0xA2, 0x08, 0x82, 0x08, 0x82, 0x10, 0xA3, 0x08, 0xA2, 0x08, 0x82, 0x08, 0x62,
    0x11, 0x25, 0x11, 0x25, 0x19, 0x46, 0x19, 0x46, 0x19, 0x46, 0x19, 0x45, 0x19, 0x25, 0x19, 0x25,
    0x11, 0x25, 0x11, 0x25, 0x11, 0x25, 0x11, 0x25, 0x19, 0x25, 0x19, 0x46, 0x21, 0x66, 0x21, 0x86,
    0x21, 0xC7, 0x21, 0xC8, 0x29, 0xC8, 0x21, 0xC8, 0x21, 0xC7, 0x29, 0xC8, 0x2A, 0x08, 0x32, 0x29,
    0x32, 0x6A, 0x32, 0x6A, 0x3A, 0x8A, 0x32, 0x8B, 0x32, 0x8A, 0x32, 0x8A, 0x3A, 0xAB, 0x3A, 0xCC,
    0x3A, 0xEC, 0x43, 0x0D, 0x43, 0x2D, 0x43, 0x2D, 0x43, 0x4E, 0x4B, 0x6E, 0x4B, 0x6E, 0x4B, 0x8F,
    0x4B, 0xAF, 0x53, 0xAF, 0x53, 0xAF, 0x53, 0xD0, 0x53, 0xD0, 0x53, 0xD0, 0x53, 0xD0, 0x53, 0xD0,
    0x5B, 0xF0, 0x53, 0xAF, 0x32, 0xAB, 0x2A, 0x4A, 0x2A, 0x6A, 0x32, 0x6B, 0x22, 0x29, 0x32, 0x6B,
    0x2A, 0x6A, 0x2A, 0x6A, 0x32, 0x8B, 0x3A, 0xEC, 0x43, 0x4E, 0x4B, 0x8F, 0x53, 0xAF, 0x53, 0xD0,
    0x4B, 0xD0, 0x4B, 0xD0, 0x53, 0xD0, 0x53, 0xD0, 0x53, 0xD0, 0x53, 0xB0, 0x53, 0xAF, 0x53, 0xAF,
    0x4B, 0xAF, 0x4B, 0x8F, 0x4B, 0x8F, 0x4B, 0x6E, 0x4B, 0x6E, 0x4B, 0x4E, 0x43, 0x2E, 0x43, 0x2D,
    0x3A, 0xCC, 0x3A, 0xCC, 0x3A, 0xAB, 0x32, 0xAB, 0x32, 0x8B, 0x32, 0x8B, 0x32, 0x8B, 0x32, 0x8B,
    0x32, 0xAB, 0x32, 0xAB, 0x32, 0xAB, 0x32, 0xAB, 0x32, 0xAB, 0x32, 0xAB, 0x3A, 0xAB, 0x3A, 0xAB,
    0x3A, 0xAB, 0x3A, 0xAB, 0x3A, 0xAB, 0x3A, 0xAB, 0x3A, 0xAB, 0x3A, 0xAB, 0x3A, 0xAB, 0x3A, 0xAB,
    0x3A, 0xAB, 0x3A, 0xAB, 0x3A, 0xCC, 0x3A, 0xCC, 0x3A, 0xCC, 0x3A, 0xCC, 0x3A, 0xEC, 0x3A, 0xEC,
    0x11, 0x45, 0x29, 0xE8, 0x3A, 0xAB, 0x3A, 0xEC, 0x3A, 0xEC, 0x3A, 0xEC, 0x3A, 0xEC, 0x42, 0xED,
    0x3A, 0xCC, 0x43, 0x0D, 0x3A, 0xCB, 0x09, 0x04, 0x21, 0x66, 0x08, 0xC3, 0x11, 0x05, 0x3A, 0x8B,
    0x11, 0x25, 0x08, 0xC4, 0x10, 0xE5, 0x10, 0xE4, 0x08, 0xE4, 0x11, 0x25, 0x19, 0xA7, 0x32, 0x6A,
    0x32, 0x6A, 0x32, 0x8A, 0x32, 0x8A, 0x32, 0x6A, 0x32, 0x6A, 0x32, 0x29, 0x21, 0xA6, 0x11, 0x04,
    0x10, 0xE4, 0x08, 0xA3, 0x08, 0x62, 0x00, 0x41, 0x08, 0x62, 0x08, 0x82, 0x08, 0x82, 0x08, 0x62,
    0x08, 0x62, 0x08, 0x61, 0x08, 0x82, 0x10, 0xA2, 0x10, 0xA3, 0x11, 0x25, 0x11, 0x25, 0x19, 0x46,
    0x19, 0x46, 0x19, 0x46, 0x19, 0x46, 0x11, 0x45, 0x11, 0x25, 0x11, 0x25, 0x11, 0x25, 0x11, 0x25,
    0x11, 0x25, 0x19, 0x25, 0x19, 0x45, 0x19, 0x46, 0x19, 0x66, 0x21, 0xA7, 0x21, 0xA7, 0x21, 0xA7,
    0x21, 0xA7, 0x21, 0xA7, 0x21, 0xA7, 0x29, 0xC8, 0x29, 0xE8, 0x2A, 0x29, 0x32, 0x49, 0x32, 0x6A,
    0x3A, 0x8B, 0x32, 0x8B, 0x32, 0x8B, 0x32, 0x8B, 0x32, 0xAB, 0x3A, 0xCC, 0x3A, 0xEC, 0x43, 0x0D,
    0x43, 0x2D, 0x43, 0x4E, 0x4B, 0x4E, 0x4B, 0x6E, 0x43, 0x4E, 0x4B, 0x8F, 0x4B, 0x8F, 0x4B, 0xAF,
    0x53, 0xAF, 0x53, 0xD0, 0x53, 0xD0, 0x53, 0xD0, 0x53, 0xD0, 0x53, 0xD0, 0x53, 0xAF, 0x3A, 0xCC,
    0x2A, 0x6A, 0x32, 0x6B, 0x3A, 0xCC, 0x32, 0x8B, 0x2A, 0x6A, 0x32, 0x8B, 0x2A, 0x6A, 0x2A, 0x6A,
    0x2A, 0x6A, 0x32, 0x8B, 0x3A, 0xCC, 0x43, 0x2D, 0x4B, 0x6E, 0x4B, 0xCF, 0x53, 0xD0, 0x53, 0xD0,
    0x53, 0xD0, 0x4B, 0xAF, 0x53, 0xAF, 0x4B, 0xAF, 0x4B, 0xAF, 0x4B, 0x8F, 0x4B, 0x8F, 0x4B, 0x6E,
    0x43, 0x6E, 0x43, 0x4E, 0x43, 0x2D, 0x3B, 0x0D, 0x3A, 0xED, 0x3A, 0xCC, 0x3A, 0xCC, 0x3A, 0xAB,
    0x32, 0xAB, 0x32, 0xAB, 0x3A, 0xAB, 0x3A, 0xAB, 0x3A, 0xAB, 0x32, 0xAB, 0x32, 0xAB, 0x32, 0xAB,
    0x32, 0xAB, 0x32, 0xAB, 0x3A, 0xAB, 0x3A, 0xAB, 0x3A, 0xAB, 0x3A, 0xAB, 0x3A, 0xAB, 0x3A, 0xAB,
    0x3A, 0xAB, 0x3A, 0xAB, 0x3A, 0xAB, 0x3A, 0xAB, 0x3A, 0xAB, 0x3A, 0xCC, 0x3A, 0xCC, 0x3A, 0xCC,
    0x3A, 0xCC, 0x3A, 0xEC, 0x3A, 0xEC, 0x3A, 0xEC, 0x3A, 0xEC, 0x19, 0x87, 0x2A, 0x29, 0x3A, 0xCB,
    0x42, 0xEC, 0x3A, 0xEC, 0x3A, 0xEC, 0x3A, 0xED, 0x42, 0xED, 0x42, 0xED, 0x3A, 0xEC, 0x32, 0x8A,
    0x11, 0x05, 0x19, 0x25, 0x08, 0xA3, 0x19, 0x66, 0x3A, 0xCB, 0x21, 0x66, 0x10, 0xE4, 0x10, 0xE4,
    0x19, 0x05, 0x11, 0x05, 0x11, 0x25, 0x21, 0xA7, 0x3A, 0x8B, 0x32, 0x8B, 0x32, 0x8A, 0x32, 0x6A,
    0x2A, 0x4A, 0x2A, 0x49, 0x2A, 0x08, 0x21, 0x86, 0x11, 0x04, 0x10, 0xC3, 0x08, 0x82, 0x08, 0x42,
    0x00, 0x41, 0x00, 0x41, 0x08, 0x61, 0x00, 0x41, 0x00, 0x41, 0x08, 0x61, 0x00, 0x41, 0x08, 0x61,
    0x08, 0x82, 0x08, 0x82, 0x11, 0x05, 0x11, 0x25, 0x19, 0x46, 0x19, 0x46, 0x19, 0x46, 0x19, 0x46,
    0x11, 0x46, 0x11, 0x45, 0x11, 0x45, 0x11, 0x25, 0x11, 0x25, 0x19, 0x25, 0x19, 0x25, 0x19, 0x25,
    0x19, 0x45, 0x19, 0x45, 0x19, 0x66, 0x19, 0x86, 0x21, 0x87, 0x21, 0xA7, 0x21, 0xA7, 0x21, 0xA7,
    0x21, 0xA7, 0x21, 0xA7, 0x21, 0xC8, 0x2A, 0x08, 0x32, 0x29, 0x32, 0x6A, 0x3A, 0x6A, 0x32, 0x6A,
    0x32, 0x4A, 0x2A, 0x49, 0x32, 0x8A, 0x3A, 0xAB, 0x42, 0xEC, 0x43, 0x0D, 0x43, 0x2D, 0x4B, 0x4E,
    0x43, 0x4E, 0x43, 0x4E, 0x4B, 0x6E, 0x4B, 0x6E, 0x4B, 0x8F, 0x4B, 0x8F, 0x4B, 0xAF, 0x53, 0xAF,
    0x53, 0xB0, 0x53, 0xB0, 0x53, 0xAF, 0x53, 0xD0, 0x43, 0x0D, 0x32, 0x8B, 0x32, 0x8B, 0x43, 0x2E,
    0x43, 0x0D, 0x2A, 0x6A, 0x32, 0x6B, 0x2A, 0x6B, 0x2A, 0x8B, 0x32, 0x8B, 0x32, 0x8B, 0x32, 0xCC,
    0x3B, 0x0D, 0x43, 0x6E, 0x4B, 0xAF, 0x4B, 0xAF, 0x4B, 0xAF, 0x4B, 0xAF, 0x4B, 0xAF, 0x4B, 0x8F,
    0x4B, 0x8F, 0x4B, 0x8F, 0x4B, 0x6E, 0x4B, 0x6E, 0x43, 0x4E, 0x43, 0x2D, 0x43, 0x0D, 0x3B, 0x0D,
    0x3A, 0xEC, 0x3A, 0xCC, 0x3A, 0xCC, 0x3A, 0xCC, 0x3A, 0xAB, 0x3A, 0xAB, 0x3A, 0xAB, 0x3A, 0xCC,
    0x3A, 0xCC, 0x3A, 0xCC, 0x3A, 0xAB, 0x3A, 0xAB, 0x3A, 0xAB, 0x3A, 0xAB, 0x3A, 0xAB, 0x3A, 0xAB,
    0x3A, 0xAB, 0x3A, 0xAB, 0x3A, 0xAB, 0x3A, 0xAB, 0x3A, 0xAB, 0x3A, 0xAB, 0x3A, 0xCC, 0x3A, 0xCC,
    0x3A, 0xCC, 0x3A, 0xCC, 0x3A, 0xCC, 0x3A, 0xCC, 0x3A, 0xCC, 0x3A, 0xEC, 0x3A, 0xEC, 0x3A, 0xEC,
    0x3A, 0xEC, 0x3A, 0xEC, 0x2A, 0x08, 0x32, 0x6A, 0x3A, 0xCC, 0x3A, 0xEC, 0x3A, 0xEC, 0x3A, 0xEC,
    0x3A, 0xEC, 0x3A, 0xED, 0x3A, 0xED, 0x3A, 0xCC, 0x32, 0x49, 0x10, 0xE4, 0x08, 0xA3, 0x08, 0xA3,
    0x2A, 0x09, 0x3A, 0xEB, 0x21, 0x66, 0x11, 0x05, 0x08, 0xE4, 0x11, 0x05, 0x11, 0x05, 0x11, 0x45,
    0x2A, 0x09, 0x32, 0x8B, 0x32, 0x8A, 0x32, 0x6A, 0x2A, 0x49, 0x2A, 0x49, 0x2A, 0x29, 0x21, 0xA7,
    0x19, 0x25, 0x10, 0xC3, 0x08, 0x82, 0x08, 0x62, 0x08, 0x42, 0x08, 0x41, 0x08, 0x62, 0x08, 0x62,
    0x00, 0x41, 0x00, 0x41, 0x08, 0x61, 0x08, 0x61, 0x08, 0x61, 0x08, 0x82, 0x10, 0x82, 0x11, 0x04,
    0x11, 0x05, 0x19, 0x25, 0x19, 0x45, 0x19, 0x45, 0x19, 0x45, 0x11, 0x45, 0x11, 0x45, 0x19, 0x45,
    0x19, 0x25, 0x19, 0x25, 0x19, 0x25, 0x19, 0x25, 0x19, 0x25, 0x19, 0x25, 0x19, 0x45, 0x19, 0x46,
    0x19, 0x66, 0x21, 0x66, 0x21, 0x87, 0x21, 0x87, 0x21, 0xA7, 0x21, 0xA7, 0x21, 0xA7, 0x21, 0xA7,
    0x29, 0xC8, 0x2A, 0x09, 0x32, 0x29, 0x32, 0x49, 0x32, 0x29, 0x2A, 0x29, 0x2A, 0x09, 0x32, 0x29,
    0x32, 0x6A, 0x3A, 0xAB, 0x3A, 0xCC, 0x42, 0xEC, 0x43, 0x2D, 0x43, 0x4D, 0x43, 0x4D, 0x43, 0x4E,
    0x4B, 0x4E, 0x4B, 0x4E, 0x4B, 0x6E, 0x4B, 0x8F, 0x4B, 0x8F, 0x4B, 0x8F, 0x4B, 0x8F, 0x4B, 0x8F,
    0x53, 0xAF, 0x43, 0x4E, 0x32, 0xAB, 0x32, 0xAB, 0x4B, 0x4E, 0x4B, 0x4E, 0x32, 0xAB, 0x2A, 0x6A,
    0x2A, 0x8B, 0x32, 0x8B, 0x32, 0xAB, 0x32, 0xCC, 0x3A, 0xEC, 0x43, 0x0D, 0x4B, 0x4E, 0x4B, 0x8F,
    0x4B, 0x8F, 0x4B, 0x8F, 0x4B, 0x8F, 0x4B, 0x8F, 0x4B, 0x8F, 0x4B, 0x6F, 0x4B, 0x6E, 0x43, 0x4E,
    0x43, 0x4E, 0x43, 0x2D, 0x43, 0x2D, 0x43, 0x0D, 0x3A, 0xED, 0x3A, 0xEC, 0x3A, 0xCC, 0x3A, 0xCC,
    0x3A, 0xCC, 0x3A, 0xCC, 0x3A, 0xCC, 0x3A, 0xCC, 0x3A, 0xCC, 0x3A, 0xCC, 0x3A, 0xCC, 0x3A, 0xAB,
    0x3A, 0xAB, 0x3A, 0xAB, 0x3A, 0xAB, 0x3A, 0xAB, 0x3A, 0xAB, 0x3A, 0xCC, 0x3A, 0xCC, 0x3A, 0xAB,
    0x3A, 0xAB, 0x3A, 0xAB, 0x3A, 0xCC, 0x3A, 0xCC, 0x3A, 0xCC, 0x3A, 0xCC, 0x3A, 0xCC, 0x3A, 0xCC,
    0x3A, 0xEC, 0x3A, 0xEC, 0x3A, 0xEC, 0x3A, 0xEC, 0x3A, 0xEC, 0x3A, 0xEC, 0x3A, 0xEC, 0x32, 0x6A,
    0x3A, 0xAB, 0x3A, 0xEC, 0x3A, 0xEC, 0x3A, 0xEC, 0x3A, 0xEC, 0x3A, 0xEC, 0x3A, 0xEC, 0x3A, 0xCC,
    0x42, 0xCC, 0x29, 0xE8, 0x08, 0xA3, 0x08, 0x83, 0x19, 0x25, 0x3A, 0xAB, 0x32, 0xAA, 0x19, 0x25,
    0x19, 0x25, 0x08, 0xE4, 0x11, 0x05, 0x11, 0x45, 0x19, 0xA7, 0x32, 0x6A, 0x32, 0x4A, 0x32, 0x6A,
    0x2A, 0x49, 0x2A, 0x29, 0x2A, 0x29, 0x29, 0xE8, 0x21, 0x66, 0x10, 0xE4, 0x08, 0xA3, 0x08, 0x62,
    0x08, 0x62, 0x08, 0x62, 0x08, 0x62, 0x08, 0x42, 0x08, 0x61, 0x08, 0x61, 0x08, 0x61, 0x08, 0x41,
    0x08, 0x41, 0x08, 0x61, 0x08, 0x61, 0x10, 0x62, 0x10, 0xE4, 0x10, 0xE4, 0x19, 0x05, 0x19, 0x25,
    0x19, 0x25, 0x19, 0x25, 0x11, 0x25, 0x11, 0x25, 0x19, 0x45, 0x19, 0x25, 0x19, 0x25, 0x19, 0x05,
    0x19, 0x05, 0x19, 0x25, 0x19, 0x25, 0x19, 0x45, 0x19, 0x46, 0x19, 0x46, 0x19, 0x46, 0x21, 0x66,
    0x21, 0x87, 0x21, 0xA7, 0x21, 0xA7, 0x21, 0xA7, 0x21, 0xC7, 0x29, 0xC8, 0x29, 0xC8, 0x2A, 0x08,
    0x32, 0x09, 0x32, 0x29, 0x2A, 0x09, 0x2A, 0x09, 0x2A, 0x09, 0x2A, 0x29, 0x32, 0x4A, 0x32, 0x6A,
    0x32, 0x8B, 0x3A, 0xEC, 0x43, 0x0D, 0x43, 0x2D, 0x43, 0x0D, 0x43, 0x2D, 0x43, 0x2E, 0x43, 0x4E,
    0x4B, 0x4E, 0x4B, 0x6E, 0x4B, 0x6E, 0x4B, 0x6F, 0x4B, 0x8E, 0x4B, 0x8F, 0x4B, 0x6E, 0x3A, 0xEC,
    0x32, 0xAB, 0x43, 0x2D, 0x4B, 0x6E, 0x3B, 0x0D, 0x32, 0xCC, 0x32, 0xAB, 0x32, 0x8B, 0x2A, 0x6B,
    0x2A, 0x8B, 0x32, 0x8B, 0x3A, 0xCC, 0x3B, 0x0D, 0x4B, 0x6E, 0x4B, 0x6E, 0x4B, 0x6E, 0x4B, 0x6E,
    0x4B, 0x6E, 0x4B, 0x6E, 0x43, 0x4E, 0x43, 0x4E, 0x43, 0x4E, 0x43, 0x2D, 0x43, 0x2D, 0x43, 0x0D,
    0x3B, 0x0D, 0x3A, 0xED, 0x3A, 0xEC, 0x3A, 0xEC, 0x3A, 0xCC, 0x3A, 0xCC, 0x3A, 0xCC, 0x3A, 0xCC,
    0x3A, 0xCC, 0x3A, 0xCC, 0x3A, 0xCC, 0x3A, 0xCC, 0x3A, 0xCC, 0x3A, 0xCC, 0x3A, 0xCC, 0x3A, 0xCC,
    0x3A, 0xCC, 0x3A, 0xCC, 0x3A, 0xCC, 0x3A, 0xCC, 0x3A, 0xAB, 0x3A, 0xCC, 0x3A, 0xCC, 0x3A, 0xCC,
    0x3A, 0xCC, 0x3A, 0xCC, 0x3A, 0xCC, 0x3A, 0xCC, 0x3A, 0xCC, 0x3A, 0xCC, 0x3A, 0xCC, 0x3A, 0xCC,
    0x3A, 0xEC, 0x3A, 0xEC, 0x3A, 0xEC, 0x3A, 0xCC, 0x3A, 0xAB, 0x3A, 0xCB, 0x3A, 0xCC, 0x3A, 0xEC,
    0x3A, 0xCC, 0x3A, 0xCC, 0x3A, 0xCC, 0x3A, 0xCC, 0x3A, 0xAB, 0x3A, 0xAB, 0x19, 0x46, 0x08, 0xA3,
    0x11, 0x25, 0x29, 0xC8, 0x32, 0x8A, 0x22, 0x28, 0x11, 0x04, 0x11, 0x25, 0x09, 0x04, 0x11, 0x45,
    0x19, 0x87, 0x2A, 0x08, 0x32, 0x8A, 0x2A, 0x29, 0x32, 0x49, 0x2A, 0x29, 0x2A, 0x08, 0x2A, 0x08,
    0x29, 0xA7, 0x19, 0x45, 0x10, 0xC3, 0x08, 0x83, 0x08, 0x62, 0x08, 0x62, 0x08, 0x41, 0x08, 0x41,
    0x08, 0x41, 0x08, 0x41, 0x08, 0x62, 0x08, 0x62, 0x10, 0x62, 0x10, 0x62, 0x10, 0x62, 0x10, 0x62,
    0x10, 0x62, 0x10, 0xC3, 0x10, 0xE4, 0x10, 0xE4, 0x11, 0x04, 0x11, 0x04, 0x19, 0x04, 0x11, 0x24,
    0x11, 0x25, 0x19, 0x25, 0x19, 0x05, 0x19, 0x04, 0x19, 0x04, 0x19, 0x04, 0x19, 0x04, 0x19, 0x25,
    0x19, 0x25, 0x19, 0x25, 0x19, 0x25, 0x19, 0x25, 0x19, 0x46, 0x19, 0x66, 0x21, 0x87, 0x21, 0xA7,
    0x21, 0xA7, 0x21, 0xA7, 0x21, 0xA7, 0x21, 0xA7, 0x29, 0xC8, 0x29, 0xE8, 0x2A, 0x08, 0x2A, 0x09,
    0x2A, 0x09, 0x2A, 0x09, 0x2A, 0x09, 0x2A, 0x09, 0x2A, 0x09, 0x2A, 0x49, 0x32, 0x8A, 0x3A, 0xAB,
    0x42, 0xCC, 0x3A, 0xCC, 0x3A, 0xEC, 0x42, 0xEC, 0x43, 0x0D, 0x43, 0x2D, 0x43, 0x2D, 0x43, 0x4E,
    0x43, 0x4E, 0x4B, 0x6E, 0x4B, 0x6E, 0x4B, 0x6F, 0x43, 0x2D, 0x3A, 0xEC, 0x3B, 0x0D, 0x4B, 0x6E,
    0x43, 0x6E, 0x43, 0x2E, 0x3B, 0x0D, 0x3A, 0xCC, 0x32, 0xCC, 0x32, 0xCC, 0x32, 0xCC, 0x3A, 0xEC,
    0x3B, 0x0D, 0x43, 0x2E, 0x43, 0x4E, 0x4B, 0x4E, 0x43, 0x4E, 0x43, 0x4E, 0x43, 0x4E, 0x43, 0x4E,
    0x43, 0x4E, 0x43, 0x2D, 0x43, 0x2D, 0x43, 0x0D, 0x3B, 0x0D, 0x3A, 0xED, 0x3A, 0xEC, 0x3A, 0xEC,
    0x3A, 0xCC, 0x3A, 0xCC, 0x3A, 0xCC, 0x3A, 0xCC, 0x3A, 0xCC, 0x3A, 0xCC, 0x3A, 0xCC, 0x3A, 0xCC,
    0x3A, 0xCC, 0x3A, 0xCC, 0x3A, 0xCC, 0x3A, 0xCC, 0x3A, 0xCC, 0x3A, 0xCC, 0x3A, 0xCC, 0x3A, 0xCC,
    0x3A, 0xCC, 0x3A, 0xCC, 0x3A, 0xCC, 0x3A, 0xCC, 0x3A, 0xCC, 0x3A, 0xCC, 0x3A, 0xCC, 0x3A, 0xCC,
    0x3A, 0xCC, 0x3A, 0xCC, 0x3A, 0xCC, 0x3A, 0xCC, 0x3A, 0xCC, 0x3A, 0xCC, 0x3A, 0xCC, 0x3A, 0xCC,
    0x3A, 0xCC, 0x3A, 0xAB, 0x3A, 0xCB, 0x3A, 0xCB, 0x3A, 0xCB, 0x3A, 0xAB, 0x3A, 0xAB, 0x3A, 0xAB,
    0x3A, 0xAB, 0x3A, 0xAB, 0x2A, 0x09, 0x08, 0xA4, 0x10, 0xE5, 0x29, 0xC8, 0x2A, 0x29, 0x2A, 0x29,
    0x19, 0xA7, 0x11, 0x25, 0x11, 0x05, 0x11, 0x25, 0x21, 0xA7, 0x29, 0xE8, 0x2A, 0x09, 0x32, 0x29,
    0x2A, 0x08, 0x2A, 0x08, 0x29, 0xC7, 0x21, 0xA7, 0x21, 0x66, 0x19, 0x45, 0x10, 0xE4, 0x08, 0xA3,
    0x08, 0xA3, 0x08, 0x61, 0x08, 0x61, 0x08, 0x41, 0x08, 0x41, 0x08, 0x41, 0x10, 0x61, 0x10, 0x82,
    0x10, 0x82, 0x10, 0x82, 0x10, 0x82, 0x10, 0x82, 0x10, 0x82, 0x10, 0x62, 0x10, 0xC3, 0x10, 0xC3,
    0x10, 0xC4, 0x10, 0xC4, 0x10, 0xE4, 0x10, 0xE4, 0x18, 0xE4, 0x19, 0x04, 0x19, 0x05, 0x19, 0x05,
    0x19, 0x04, 0x19, 0x04, 0x19, 0x04, 0x19, 0x04, 0x19, 0x25, 0x11, 0x25, 0x19, 0x25, 0x19, 0x25,
    0x19, 0x25, 0x19, 0x46, 0x19, 0x46, 0x19, 0x66, 0x21, 0x87, 0x21, 0xA7, 0x21, 0xA7, 0x21, 0xA7,
    0x21, 0xA7, 0x21, 0xC7, 0x29, 0xC8, 0x29, 0xE8, 0x29, 0xE8, 0x2A, 0x08, 0x2A, 0x08, 0x2A, 0x08,
    0x2A, 0x08, 0x2A, 0x08, 0x2A, 0x09, 0x32, 0x29, 0x32, 0x4A, 0x3A, 0x6A, 0x3A, 0x8B, 0x3A, 0x8B,
    0x3A, 0xAB, 0x3A, 0xAB, 0x3A, 0xCC, 0x3A, 0xEC, 0x3A, 0xEC, 0x3B, 0x0C, 0x43, 0x2D, 0x43, 0x2D,
    0x4B, 0x4E, 0x43, 0x2D, 0x43, 0x0D, 0x3A, 0xED, 0x43, 0x4E, 0x4B, 0x4E, 0x4B, 0x4E, 0x43, 0x2E,
    0x43, 0x2D, 0x43, 0x2D, 0x43, 0x2D, 0x43, 0x0D, 0x43, 0x0D, 0x43, 0x2D, 0x43, 0x2D, 0x43, 0x2D,
    0x43, 0x2E, 0x43, 0x4E, 0x43, 0x4E, 0x43, 0x4E, 0x43, 0x2D, 0x43, 0x2D, 0x43, 0x2D, 0x43, 0x0D,
    0x3B, 0x0D, 0x3A, 0xED, 0x3A, 0xEC, 0x3A, 0xEC, 0x3A, 0xEC, 0x3A, 0xCC, 0x3A, 0xCC, 0x3A, 0xCC,
    0x3A, 0xCC, 0x3A, 0xCC, 0x3A, 0xCC, 0x3A, 0xCC, 0x3A, 0xCC, 0x3A, 0xCC, 0x3A, 0xCC, 0x3A, 0xCC,
    0x3A, 0xCC, 0x3A, 0xCC, 0x3A, 0xCC, 0x3A, 0xCC, 0x3A, 0xCC, 0x3A, 0xCC, 0x3A, 0xCC, 0x3A, 0xCC,
    0x3A, 0xCC, 0x3A, 0xCC, 0x3A, 0xCC, 0x3A, 0xCC, 0x3A, 0xCC, 0x3A, 0xCC, 0x3A, 0xCC, 0x3A, 0xCC,
    0x3A, 0xCC, 0x3A, 0xCC, 0x3A, 0xAB, 0x3A, 0xAB, 0x3A, 0xAB, 0x32, 0xAB, 0x32, 0x8B, 0x32, 0x8B,
    0x32, 0x8B, 0x32, 0x8B, 0x32, 0x8B, 0x32, 0x8B, 0x32, 0x6A, 0x32, 0x6A, 0x32, 0x6A, 0x19, 0x87,
    0x08, 0xC4, 0x21, 0x87, 0x2A, 0x29, 0x2A, 0x29, 0x21, 0xC7, 0x11, 0x46, 0x19, 0x25, 0x11, 0x25,
    0x21, 0xA7, 0x29, 0xE8, 0x2A, 0x08, 0x2A, 0x08, 0x29, 0xC7, 0x29, 0xC7, 0x21, 0x87, 0x19, 0x66,
    0x19, 0x25, 0x11, 0x04, 0x10, 0xC3, 0x08, 0xA3, 0x08, 0xA3, 0x08, 0xA3, 0x08, 0x82, 0x08, 0x62,
    0x08, 0x62, 0x10, 0x61, 0x10, 0x82, 0x18, 0x82, 0x18, 0x82, 0x10, 0x82, 0x10, 0x82, 0x10, 0x82,
    0x10, 0x82, 0x08, 0x61, 0x08, 0x62, 0x10, 0xC3, 0x10, 0xC3, 0x10, 0xC3, 0x10, 0xC3, 0x10, 0xC4,
    0x10, 0xE4, 0x18, 0xE4, 0x19, 0x04, 0x19, 0x25, 0x19, 0x25, 0x19, 0x05, 0x19, 0x04, 0x19, 0x04,
    0x19, 0x05, 0x19, 0x25, 0x11, 0x25, 0x19, 0x25, 0x19, 0x25, 0x19, 0x45, 0x19, 0x46, 0x19, 0x46,
    0x19, 0x66, 0x19, 0x86, 0x21, 0x87, 0x21, 0xA7, 0x21, 0xA7, 0x29, 0xC8, 0x29, 0xE8, 0x29, 0xE8,
    0x29, 0xE8, 0x29, 0xE8, 0x29, 0xE8, 0x29, 0xE8, 0x2A, 0x08, 0x2A, 0x08, 0x2A, 0x08, 0x2A, 0x09,
    0x32, 0x09, 0x32, 0x29, 0x32, 0x09, 0x32, 0x4A, 0x32, 0x4A, 0x32, 0x6A, 0x32, 0x6A, 0x32, 0x8A,
    0x32, 0xAB, 0x32, 0xAB, 0x3A, 0xCB, 0x3A, 0xEC, 0x3A, 0xCC, 0x43, 0x0D, 0x42, 0xED, 0x43, 0x0D,
    0x3A, 0xEC, 0x43, 0x0D, 0x3B, 0x0D, 0x43, 0x0D, 0x3B, 0x0D, 0x3B, 0x0D, 0x3B, 0x0D, 0x3A, 0xED,
    0x3A, 0xEC, 0x3A, 0xED, 0x43, 0x0D, 0x43, 0x0D, 0x43, 0x0D, 0x43, 0x2D, 0x43, 0x2E, 0x43, 0x2E,
    0x43, 0x2D, 0x43, 0x2D, 0x43, 0x2D, 0x43, 0x0D, 0x43, 0x0D, 0x3B, 0x0D, 0x3A, 0xED, 0x3A, 0xEC,
    0x3A, 0xEC, 0x3A, 0xEC, 0x3A, 0xEC, 0x3A, 0xCC, 0x3A, 0xCC, 0x3A, 0xCC, 0x3A, 0xCC, 0x3A, 0xCC,
    0x3A, 0xCC, 0x3A, 0xCC, 0x3A, 0xCC, 0x3A, 0xCC, 0x3A, 0xCC, 0x3A, 0xCC, 0x3A, 0xCC, 0x3A, 0xCC,
    0x3A, 0xCC, 0x3A, 0xCC, 0x3A, 0xCC, 0x3A, 0xCC, 0x3A, 0xCC, 0x3A, 0xCC, 0x3A, 0xCC, 0x3A, 0xCC,
    0x3A, 0xCC, 0x3A, 0xCC, 0x3A, 0xCC, 0x3A, 0xAC, 0x3A, 0xAB, 0x3A, 0xAB, 0x3A, 0xAB, 0x32, 0x8B,
    0x32, 0x8B, 0x32, 0x6B, 0x32, 0x6A, 0x32, 0x6A, 0x32, 0x6A, 0x32, 0x6A, 0x32, 0x6A, 0x32, 0x6A,
    0x32, 0x6A, 0x32, 0x4A, 0x32, 0x4A, 0x29, 0xE8, 0x19, 0x66, 0x11, 0x46, 0x2A, 0x09, 0x22, 0x09,
    0x22, 0x08, 0x19, 0x87, 0x19, 0x46, 0x19, 0x25, 0x19, 0x66, 0x2A, 0x09, 0x29, 0xE8, 0x21, 0xC8,
    0x29, 0xE8, 0x21, 0x87, 0x21, 0x66, 0x19, 0x25, 0x11, 0x25, 0x11, 0x04, 0x10, 0xC3, 0x08, 0xC3,
    0x08, 0xC3, 0x10, 0xC3, 0x10, 0xC4, 0x10, 0xC3, 0x10, 0xA3, 0x10, 0xA2, 0x10, 0x82, 0x18, 0x82,
    0x10, 0x82, 0x10, 0x61, 0x10, 0x41, 0x10, 0xA2, 0x10, 0xC2, 0x10, 0xC3, 0x10, 0xC3, 0x08, 0xA2,
    0x10, 0xA3, 0x10, 0xA3, 0x10, 0xC3, 0x10, 0xC3, 0x10, 0xA3, 0x10, 0xC3, 0x10, 0xC3, 0x10, 0xE3,
    0x19, 0x04, 0x19, 0x24, 0x19, 0x24, 0x19, 0x24, 0x19, 0x04, 0x19, 0x04, 0x19, 0x04, 0x19, 0x04,
    0x19, 0x25, 0x19, 0x25, 0x19, 0x25, 0x19, 0x45, 0x19, 0x46, 0x19, 0x66, 0x19, 0x66, 0x19, 0x87,
    0x21, 0xA7, 0x21, 0xA7, 0x21, 0xC8, 0x21, 0xC8, 0x29, 0xE8, 0x29, 0xE8, 0x29, 0xE8, 0x29, 0xE8,
    0x29, 0xE8, 0x29, 0xE8, 0x2A, 0x08, 0x2A, 0x09, 0x2A, 0x09, 0x2A, 0x08, 0x2A, 0x08, 0x2A, 0x08,
    0x2A, 0x08, 0x2A, 0x09, 0x2A, 0x29, 0x32, 0x49, 0x32, 0x4A, 0x32, 0x6A, 0x32, 0x6A, 0x32, 0x6A,
    0x32, 0x8A, 0x32, 0x8B, 0x32, 0xAB, 0x3A, 0xAB, 0x3A, 0xAB, 0x3A, 0xCB, 0x3A, 0xCC, 0x3A, 0xEC,
    0x3A, 0xCC, 0x3A, 0xEC, 0x3A, 0xEC, 0x3A, 0xEC, 0x3A, 0xEC, 0x3A, 0xCC, 0x3A, 0xEC, 0x3A, 0xEC,
    0x3A, 0xED, 0x3B, 0x0D, 0x43, 0x0D, 0x43, 0x2D, 0x43, 0x2D, 0x43, 0x2D, 0x43, 0x2D, 0x3B, 0x2D,
    0x43, 0x2D, 0x43, 0x2D, 0x43, 0x2D, 0x43, 0x0D, 0x43, 0x0D, 0x3B, 0x0D, 0x3A, 0xEC, 0x3A, 0xEC,
    0x3A, 0xCC, 0x3A, 0xCC, 0x3A, 0xCC, 0x3A, 0xCC, 0x3A, 0xCC, 0x3A, 0xCC, 0x3A, 0xCC, 0x3A, 0xCC,
    0x3A, 0xCB, 0x3A, 0xCB, 0x3A, 0xCB, 0x3A, 0xCB, 0x3A, 0xCB, 0x3A, 0xCB, 0x3A, 0xAB, 0x3A, 0xAB,
    0x3A, 0xCB, 0x3A, 0xCB, 0x3A, 0xAB, 0x3A, 0xAB, 0x3A, 0xAB, 0x3A, 0xAB, 0x3A, 0x8B, 0x3A, 0x6A,
    0x32, 0x8B, 0x32, 0x8A, 0x32, 0x6A, 0x32, 0x6A, 0x32, 0x6A, 0x32, 0x6A, 0x32, 0x6A, 0x32, 0x6A,
    0x32, 0x6A, 0x32, 0x6A, 0x2A, 0x4A, 0x2A, 0x4A, 0x2A, 0x49, 0x2A, 0x29, 0x2A, 0x29, 0x2A, 0x29,
    0x21, 0xA7, 0x19, 0x86, 0x21, 0xC7, 0x2A, 0x29, 0x2A, 0x08, 0x19, 0x87, 0x11, 0x66, 0x19, 0x86,
    0x21, 0x86, 0x21, 0x87, 0x21, 0xA6, 0x21, 0x86, 0x19, 0x66, 0x19, 0x25, 0x19, 0x04, 0x11, 0x04,
    0x10, 0xC3, 0x10, 0xC3, 0x10, 0xE3, 0x10, 0xE3, 0x10, 0xC3, 0x10, 0xE3, 0x10, 0xE4, 0x19, 0x04,
    0x11, 0x04, 0x10, 0xC3, 0x10, 0x82, 0x10, 0x82, 0x10, 0x82, 0x10, 0xA2, 0x10, 0xA2, 0x08, 0x82,
    0x08, 0xA3, 0x10, 0xC3, 0x10, 0xE4, 0x19, 0x04, 0x19, 0x05, 0x10, 0xA3, 0x10, 0xA3, 0x10, 0xA3,
    0x10, 0xA3, 0x10, 0xA3, 0x10, 0xC3, 0x10, 0xC3, 0x10, 0xC3, 0x10, 0xE3, 0x10, 0xE4, 0x19, 0x04,
    0x19, 0x04, 0x19, 0x04, 0x19, 0x24, 0x19, 0x25, 0x19, 0x25, 0x19, 0x25, 0x19, 0x25, 0x19, 0x45,
    0x19, 0x25, 0x19, 0x45, 0x19, 0x46, 0x19, 0x66, 0x19, 0x66, 0x21, 0xA7, 0x21, 0xA7, 0x21, 0xC8,
    0x29, 0xE8, 0x29, 0xE8, 0x29, 0xE8, 0x29, 0xE8, 0x29, 0xE8, 0x29, 0xE8, 0x29, 0xE8, 0x29, 0xE8,
    0x29, 0xE8, 0x21, 0xE8, 0x21, 0xC7, 0x21, 0xC7, 0x21, 0xC7, 0x21, 0xC8, 0x21, 0xC8, 0x21, 0xC8,
    0x21, 0xE8, 0x2A, 0x09, 0x2A, 0x29, 0x32, 0x49, 0x32, 0x49, 0x3A, 0x6A, 0x32, 0x6A, 0x32, 0x6A,
    0x32, 0x6A, 0x32, 0x6A, 0x32, 0x8B, 0x32, 0x8B, 0x32, 0x8B, 0x3A, 0xAB, 0x3A, 0xAB, 0x3A, 0xCB,
    0x3A, 0xCB, 0x3A, 0xCC, 0x3A, 0xEC, 0x3A, 0xEC, 0x3A, 0xEC, 0x3A, 0xCC, 0x3A, 0xCC, 0x42, 0xEC,
    0x43, 0x0D, 0x43, 0x2D, 0x43, 0x2D, 0x43, 0x2D, 0x43, 0x2D, 0x43, 0x0D, 0x43, 0x0D, 0x43, 0x0D,
    0x42, 0xEC, 0x3A, 0xEC, 0x3A, 0xEC, 0x3A, 0xEC, 0x3A, 0xEC, 0x3A, 0xCC, 0x3A, 0xCC, 0x3A, 0xCC,
    0x3A, 0xCC, 0x3A, 0xCC, 0x3A, 0xAB, 0x3A, 0xAB, 0x3A, 0xAB, 0x3A, 0xCC, 0x3A, 0xCC, 0x3A, 0xCC,
    0x3A, 0xCC, 0x3A, 0xCC, 0x3A, 0xAB, 0x3A, 0xAB, 0x3A, 0xAB, 0x3A, 0xAB, 0x3A, 0x8B, 0x32, 0x8A,
    0x32, 0x6A, 0x32, 0x6A, 0x32, 0x6A, 0x32, 0x6A, 0x32, 0x6A, 0x3A, 0x8A, 0x3A, 0x8A, 0x3A, 0x8B,
    0x3A, 0x8B, 0x3A, 0x8A, 0x32, 0x8A, 0x32, 0x6A, 0x32, 0x6A, 0x32, 0x29, 0x32, 0x49, 0x32, 0x49,
    0x2A, 0x29, 0x2A, 0x29, 0x2A, 0x29, 0x2A, 0x29, 0x2A, 0x08, 0x19, 0x66, 0x21, 0xC7, 0x2A, 0x08,
    0x29, 0xE8, 0x29, 0xC8, 0x21, 0xA7, 0x21, 0x86, 0x19, 0x25, 0x08, 0xA3, 0x08, 0xA3, 0x10, 0xE4,
    0x10, 0xE4, 0x19, 0x04, 0x10, 0xE4, 0x10, 0xC3, 0x10, 0xA3, 0x10, 0xA3, 0x10, 0xC3, 0x18, 0xE4,
    0x18, 0xE4, 0x18, 0xE4, 0x18, 0xE4, 0x18, 0xE3, 0x18, 0xC3, 0x19, 0x04, 0x18, 0xE4, 0x18, 0xE3,
    0x10, 0xA2, 0x10, 0x82, 0x08, 0x82, 0x10, 0xA2, 0x10, 0xC3, 0x10, 0xE3, 0x10, 0xE3, 0x10, 0xE3,
    0x10, 0xC3, 0x18, 0xC4, 0x10, 0xA3, 0x10, 0xA3, 0x10, 0xA2, 0x08, 0xA2, 0x10, 0xA3, 0x10, 0xA3,
    0x10, 0xA3, 0x10, 0xA3, 0x10, 0xC3, 0x10, 0xC3, 0x10, 0xE3, 0x10, 0xE4, 0x19, 0x04, 0x19, 0x24,
    0x19, 0x24, 0x19, 0x24, 0x19, 0x25, 0x19, 0x25, 0x19, 0x45, 0x19, 0x45, 0x19, 0x45, 0x19, 0x66,
    0x19, 0x66, 0x19, 0x66, 0x21, 0xA7, 0x21, 0xA7, 0x21, 0xC7, 0x29, 0xE8, 0x29, 0xE8, 0x29, 0xE8,
    0x29, 0xE8, 0x29, 0xE8, 0x29, 0xE8, 0x29, 0xE8, 0x29, 0xE8, 0x21, 0xC8, 0x21, 0xC7, 0x21, 0xC7,
    0x21, 0xC7, 0x21, 0xC8, 0x21, 0xC7, 0x21, 0xA7, 0x21, 0xA7, 0x21, 0xA7, 0x21, 0xC8, 0x29, 0xE8,
    0x2A, 0x09, 0x2A, 0x09, 0x32, 0x29, 0x2A, 0x09, 0x2A, 0x09, 0x32, 0x29, 0x32, 0x4A, 0x32, 0x6A,
    0x32, 0x4A, 0x32, 0x4A, 0x32, 0x6A, 0x32, 0x6A, 0x32, 0x6A, 0x32, 0x8A, 0x32, 0x8B, 0x32, 0xAB,
    0x32, 0xAB, 0x32, 0x8B, 0x3A, 0xCC, 0x3A, 0xCC, 0x3A, 0xEC, 0x42, 0xEC, 0x42, 0xEC, 0x42, 0xEC,
    0x43, 0x0D, 0x43, 0x0D, 0x42, 0xED, 0x42, 0xEC, 0x42, 0xEC, 0x42, 0xEC, 0x42, 0xCC, 0x42, 0xCC,
    0x42, 0xEC, 0x42, 0xEC, 0x3A, 0xCB, 0x3A, 0xCC, 0x3A, 0xEC, 0x3A, 0xEC, 0x3A, 0xEC, 0x3A, 0xEC,
    0x3A, 0xEC, 0x3B, 0x0D, 0x3A, 0xCC, 0x3A, 0xCC, 0x3A, 0xCC, 0x3A, 0xCC, 0x32, 0xAB, 0x32, 0x8B,
    0x32, 0x8B, 0x32, 0x8B, 0x32, 0x6A, 0x32, 0x6A, 0x2A, 0x4A, 0x2A, 0x4A, 0x2A, 0x4A, 0x32, 0x4A,
    0x32, 0x4A, 0x32, 0x4A, 0x32, 0x49, 0x32, 0x49, 0x32, 0x49, 0x32, 0x49, 0x32, 0x29, 0x2A, 0x29,
    0x2A, 0x09, 0x2A, 0x09, 0x29, 0xE8, 0x32, 0x29, 0x32, 0x29, 0x2A, 0x08, 0x2A, 0x08, 0x32, 0x29,
    0x32, 0x29, 0x29, 0xE8, 0x29, 0xC7, 0x32, 0x09, 0x31, 0xE8, 0x19, 0x66, 0x11, 0x05, 0x11, 0x05,
    0x10, 0xC3, 0x00, 0x62, 0x00, 0x41, 0x00, 0x41, 0x08, 0x62, 0x08, 0x82, 0x10, 0xC3, 0x18, 0xE4,
    0x18, 0xC4, 0x18, 0xC3, 0x10, 0xA2, 0x10, 0xA3, 0x10, 0xC3, 0x18, 0xC3, 0x18, 0xC3, 0x18, 0xC3,
    0x18, 0xC3, 0x18, 0xC3, 0x10, 0xE3, 0x10, 0xC3, 0x10, 0xC3, 0x10, 0xA2, 0x08, 0x82, 0x08, 0x82,
    0x10, 0xC3, 0x10, 0xE4, 0x08, 0xC3, 0x08, 0xA3, 0x08, 0x82, 0x08, 0x62, 0x08, 0x62, 0x10, 0xC3,
    0x10, 0xA3, 0x10, 0xA3, 0x10, 0xA3, 0x10, 0xA3, 0x10, 0xA3, 0x10, 0xA3, 0x10, 0xA3, 0x10, 0xC3,
    0x10, 0xC3, 0x10, 0xC3, 0x10, 0xE4, 0x11, 0x04, 0x19, 0x04, 0x19, 0x04, 0x11, 0x04, 0x19, 0x05,
    0x19, 0x25, 0x21, 0x45, 0x21, 0x66, 0x21, 0x66, 0x19, 0x66, 0x19, 0x66, 0x19, 0x66, 0x19, 0x87,
    0x21, 0xA7, 0x21, 0xC7, 0x29, 0xC8, 0x29, 0xE8, 0x29, 0xE8, 0x29, 0xE8, 0x29, 0xE8, 0x29, 0xE8,
    0x29, 0xE8, 0x21, 0xC8, 0x21, 0xA7, 0x21, 0xA7, 0x21, 0xA7, 0x21, 0xA7, 0x21, 0xC7, 0x29, 0xC8,
    0x21, 0xC7, 0x21, 0xC7, 0x21, 0xC7, 0x21, 0xC8, 0x29, 0xE8, 0x2A, 0x08, 0x2A, 0x08, 0x29, 0xE8,
    0x29, 0xE8, 0x29, 0xE8, 0x2A, 0x09, 0x32, 0x29, 0x32, 0x4A, 0x3A, 0x6A, 0x3A, 0x6A, 0x32, 0x6A,
    0x32, 0x6A, 0x32, 0x6A, 0x32, 0x8A, 0x32, 0x8A, 0x3A, 0x8B, 0x3A, 0x8B, 0x3A, 0x8B, 0x32, 0x6A,
    0x32, 0x6A, 0x32, 0x6A, 0x32, 0x6A, 0x32, 0x6A, 0x32, 0x8A, 0x3A, 0x8B, 0x3A, 0x8B, 0x32, 0x8B,
    0x3A, 0x8B, 0x3A, 0x8B, 0x3A, 0x8B, 0x3A, 0x8B, 0x3A, 0x8B, 0x3A, 0x8B, 0x3A, 0xAB, 0x3A, 0xCB,
    0x3A, 0xCB, 0x3A, 0xCC, 0x3A, 0xEC, 0x3A, 0xCC, 0x3A, 0xCC, 0x3A, 0xAC, 0x32, 0xAB, 0x3A, 0xAB,
    0x3A, 0xCC, 0x3A, 0xCC, 0x3A, 0xCC, 0x3A, 0xAB, 0x32, 0x8B, 0x32, 0x8B, 0x32, 0x8B, 0x32, 0x6B,
    0x32, 0x6B, 0x32, 0x8B, 0x32, 0x8B, 0x32, 0x6A, 0x32, 0x6A, 0x32, 0x4A, 0x32, 0x4A, 0x32, 0x29,
    0x32, 0x29, 0x2A, 0x08, 0x29, 0xE8, 0x29, 0xE8, 0x29, 0xC8, 0x29, 0xC8, 0x29, 0xE8, 0x29, 0xE8,
    0x29, 0xE8, 0x29, 0xE8, 0x29, 0xC7, 0x21, 0xC7, 0x29, 0xC7, 0x29, 0xE8, 0x29, 0xC7, 0x21, 0xA7,
    0x21, 0xA7, 0x19, 0x66, 0x11, 0x04, 0x08, 0xC3, 0x08, 0xA2, 0x08, 0x82, 0x08, 0x62, 0x08, 0x62,
    0x08, 0x62, 0x08, 0x62, 0x08, 0x82, 0x10, 0xA2, 0x10, 0xA2, 0x10, 0xA2, 0x10, 0x82, 0x10, 0xA2,
    0x10, 0xA2, 0x10, 0xA2, 0x10, 0xA2, 0x10, 0xA3, 0x10, 0xA3, 0x10, 0xA3, 0x18, 0xC3, 0x10, 0xA3,
    0x08, 0x82, 0x08, 0x82, 0x08, 0x82, 0x10, 0xA3, 0x10, 0xC3, 0x10, 0xC3, 0x10, 0xC3, 0x10, 0xC3,
    0x08, 0xA3, 0x08, 0x82, 0x08, 0x62, 0x10, 0x62, 0x10, 0xC3, 0x10, 0xC3, 0x10, 0xC3, 0x10, 0xC3,
    0x10, 0xA3, 0x10, 0xA3, 0x10, 0xA3, 0x10, 0xC3, 0x10, 0xC3, 0x10, 0xC3, 0x10, 0xC3, 0x10, 0xE3,
    0x10, 0xE4, 0x19, 0x04, 0x19, 0x24, 0x19, 0x24, 0x19, 0x25, 0x19, 0x25, 0x21, 0x45, 0x21, 0x45,
    0x21, 0x45, 0x19, 0x65, 0x19, 0x65, 0x19, 0x65, 0x19, 0x86, 0x21, 0x86, 0x21, 0xA7, 0x21, 0xC7,
    0x21, 0xC8, 0x21, 0xC8, 0x21, 0xC8, 0x21, 0xC8, 0x21, 0xC8, 0x21, 0xC7, 0x21, 0x87, 0x19, 0x66,
    0x19, 0x46, 0x19, 0x45, 0x19, 0x45, 0x19, 0x45, 0x21, 0x87, 0x21, 0xA7, 0x29, 0xA7, 0x21, 0xA7,
    0x21, 0xA7, 0x21, 0xA7, 0x29, 0xC8, 0x29, 0xE8, 0x2A, 0x08, 0x2A, 0x08, 0x2A, 0x08, 0x2A, 0x08,
    0x2A, 0x08, 0x29, 0xE8, 0x2A, 0x08, 0x32, 0x29, 0x32, 0x09, 0x32, 0x29, 0x32, 0x49, 0x32, 0x49,
    0x32, 0x29, 0x32, 0x4A, 0x3A, 0x6A, 0x3A, 0x8B, 0x3A, 0xAB, 0x3A, 0xAB, 0x3A, 0xAB, 0x3A, 0xAB,
    0x32, 0x8B, 0x32, 0x8B, 0x3A, 0x8B, 0x3A, 0x8B, 0x32, 0xAB, 0x32, 0xAB, 0x32, 0xAB, 0x32, 0x8B,
    0x32, 0x8A, 0x32, 0x6A, 0x32, 0x6A, 0x32, 0x4A, 0x32, 0x6A, 0x32, 0x6A, 0x32, 0x8A, 0x3A, 0xAB,
    0x3A, 0xAB, 0x3A, 0xAB, 0x3A, 0xAB, 0x32, 0x8B, 0x32, 0x8B, 0x3A, 0xAB, 0x3A, 0xCB, 0x3A, 0xCB,
    0x3A, 0xAB, 0x3A, 0x8B, 0x3A, 0x8B, 0x3A, 0xAB, 0x3A, 0xAB, 0x3A, 0xAB, 0x3A, 0xAB, 0x32, 0x8B,
    0x32, 0x8A, 0x32, 0x4A, 0x32, 0x29, 0x32, 0x09, 0x32, 0x08, 0x29, 0xE8, 0x29, 0xC7, 0x21, 0xA7,
    0x21, 0xA7, 0x21, 0xA7, 0x21, 0xC7, 0x21, 0xC7, 0x29, 0xC7, 0x29, 0xA7, 0x21, 0xA6, 0x21, 0x86,
    0x19, 0x65, 0x19, 0x45, 0x19, 0x45, 0x19, 0x45, 0x11, 0x25, 0x11, 0x24, 0x11, 0x04, 0x11, 0x04,
    0x10, 0xE3, 0x10, 0xC3, 0x10, 0xC3, 0x10, 0xE3, 0x10, 0xC3, 0x10, 0xC3, 0x10, 0xE3, 0x10, 0xE3,
    0x10, 0xC3, 0x10, 0xA2, 0x10, 0xA2, 0x10, 0x82, 0x10, 0xA2, 0x10, 0xA2, 0x10, 0xC3, 0x10, 0xE3,
    0x10, 0xE3, 0x10, 0xC3, 0x10, 0xC3, 0x10, 0xA2, 0x10, 0xA2, 0x08, 0x82, 0x08, 0x82, 0x08, 0xA3,
    0x10, 0xE3, 0x10, 0xE4, 0x08, 0xA3, 0x08, 0x82, 0x10, 0xA3, 0x10, 0xA2, 0x10, 0x82, 0x10, 0x82,
    0x18, 0x82, 0x08, 0xA2, 0x10, 0xA3, 0x10, 0xC3, 0x10, 0xC3, 0x10, 0xA3, 0x10, 0xA3, 0x10, 0xA3,
    0x10, 0xA3, 0x10, 0xC3, 0x10, 0xC3, 0x10, 0xC3, 0x10, 0xC3, 0x18, 0xE4, 0x19, 0x04, 0x21, 0x25,
    0x21, 0x25, 0x21, 0x45, 0x21, 0x45, 0x19, 0x25, 0x19, 0x25, 0x19, 0x24, 0x19, 0x24, 0x19, 0x25,
    0x19, 0x25, 0x19, 0x66, 0x21, 0x66, 0x21, 0x86, 0x21, 0xA7, 0x21, 0x87, 0x21, 0x87, 0x21, 0x87,
    0x19, 0x87, 0x21, 0x87, 0x19, 0x66, 0x19, 0x46, 0x11, 0x25, 0x11, 0x04, 0x10, 0xE4, 0x10, 0xE4,
    0x11, 0x04, 0x11, 0x05, 0x19, 0x45, 0x21, 0x66, 0x21, 0x86, 0x21, 0x86, 0x21, 0x86, 0x21, 0xA7,
    0x29, 0xC7, 0x32, 0x49, 0x32, 0x49, 0x3A, 0x8A, 0x3A, 0x8A, 0x32, 0x49, 0x29, 0xE8, 0x21, 0xC7,
    0x21, 0xA7, 0x29, 0xE8, 0x32, 0x08, 0x32, 0x29, 0x32, 0x29, 0x32, 0x29, 0x32, 0x29, 0x3A, 0x4A,
    0x3A, 0x6B, 0x3A, 0xAC, 0x42, 0xCC, 0x42, 0xEC, 0x42, 0xEC, 0x3A, 0xEC, 0x3A, 0xEC, 0x42, 0xEC,
    0x42, 0xEC, 0x43, 0x0D, 0x42, 0xEC, 0x3A, 0xEC, 0x3A, 0xCB, 0x3A, 0xAB, 0x32, 0x8A, 0x32, 0x6A,
    0x32, 0x49, 0x2A, 0x09, 0x2A, 0x09, 0x2A, 0x09, 0x32, 0x29, 0x3A, 0x6A, 0x3A, 0x6A, 0x3A, 0x6A,
    0x3A, 0x4A, 0x3A, 0x6A, 0x3A, 0x8B, 0x3A, 0xAB, 0x3A, 0xAB, 0x3A, 0x8B, 0x3A, 0x8A, 0x3A, 0x8A,
    0x3A, 0x8B, 0x32, 0x6A, 0x32, 0x6A, 0x32, 0x4A, 0x32, 0x4A, 0x32, 0x29, 0x2A, 0x09, 0x2A, 0x08,
    0x29, 0xE8, 0x29, 0xC7, 0x29, 0xC7, 0x29, 0xA7, 0x21, 0xA7, 0x21, 0xA7, 0x21, 0xA7, 0x21, 0xA6,
    0x21, 0x86, 0x21, 0x86, 0x21, 0x65, 0x19, 0x45, 0x19, 0x45, 0x19, 0x24, 0x19, 0x04, 0x11, 0x04,
    0x19, 0x04, 0x10, 0xE4, 0x10, 0xE4, 0x10, 0xE3, 0x08, 0xA2, 0x08, 0x82, 0x08, 0xA2, 0x08, 0xA2,
    0x08, 0xA2, 0x08, 0x61, 0x08, 0x61, 0x00, 0x81, 0x00, 0x61, 0x08, 0x61, 0x08, 0x61, 0x10, 0x82,
    0x10, 0x82, 0x10, 0xC2, 0x10, 0xC3, 0x10, 0xC3, 0x10, 0xC3, 0x10, 0xE3, 0x10, 0xC3, 0x10, 0xC3,
    0x08, 0xA3, 0x08, 0x82, 0x10, 0xA3, 0x10, 0xC3, 0x10, 0xE3, 0x10, 0xC3, 0x08, 0xC3, 0x08, 0xA2,
    0x08, 0x82, 0x08, 0x61, 0x08, 0x62, 0x10, 0x61, 0x10, 0x61, 0x10, 0x61, 0x08, 0x82, 0x08, 0x82,
    0x10, 0xA3, 0x10, 0xC3, 0x10, 0xC3, 0x10, 0xA3, 0x10, 0xA3, 0x10, 0xA3, 0x10, 0xA3, 0x10, 0xC3,
    0x10, 0xC3, 0x10, 0xC3, 0x18, 0xE4, 0x19, 0x04, 0x21, 0x04, 0x21, 0x04, 0x21, 0x45, 0x21, 0x45,
    0x19, 0x25, 0x19, 0x24, 0x19, 0x04, 0x19, 0x04, 0x19, 0x04, 0x19, 0x04, 0x19, 0x25, 0x19, 0x45,
    0x19, 0x46, 0x19, 0x66, 0x19, 0x66, 0x19, 0x66, 0x19, 0x66, 0x19, 0x66, 0x19, 0x46, 0x19, 0x46,
    0x19, 0x25, 0x11, 0x25, 0x11, 0x04, 0x11, 0x04, 0x11, 0x04, 0x11, 0x05, 0x10, 0xE4, 0x19, 0x05,
    0x19, 0x45, 0x19, 0x46, 0x19, 0x46, 0x19, 0x66, 0x21, 0x86, 0x21, 0xA7, 0x21, 0xA7, 0x21, 0xC8,
    0x2A, 0x08, 0x32, 0x29, 0x29, 0xE8, 0x21, 0x87, 0x11, 0x25, 0x11, 0x25, 0x19, 0x65, 0x21, 0x86,
    0x21, 0xA7, 0x29, 0xA7, 0x21, 0xC7, 0x29, 0xC8, 0x2A, 0x09, 0x32, 0x29, 0x2A, 0x09, 0x32, 0x4A,
    0x32, 0x8B, 0x3A, 0xCC, 0x3A, 0xEC, 0x3A, 0xEC, 0x43, 0x0D, 0x43, 0x0D, 0x42, 0xEC, 0x3A, 0xCB,
    0x3A, 0x8B, 0x32, 0x4A, 0x32, 0x49, 0x32, 0x29, 0x2A, 0x09, 0x29, 0xE8, 0x29, 0xE8, 0x29, 0xC8,
    0x29, 0xC8, 0x29, 0xA7, 0x29, 0xC7, 0x29, 0xC7, 0x29, 0xA7, 0x29, 0x87, 0x21, 0x87, 0x21, 0xA7,
    0x21, 0xC7, 0x21, 0xA7, 0x21, 0xA7, 0x21, 0x87, 0x21, 0xA7, 0x21, 0xC7, 0x2A, 0x09, 0x2A, 0x09,
    0x2A, 0x09, 0x2A, 0x09, 0x2A, 0x08, 0x29, 0xE8, 0x29, 0xC8, 0x29, 0xC7, 0x29, 0xA7, 0x29, 0xA7,
    0x29, 0x86, 0x29, 0x86, 0x29, 0x86, 0x21, 0x86, 0x21, 0x66, 0x21, 0x66, 0x19, 0x25, 0x19, 0x25,
    0x19, 0x04, 0x19, 0x04, 0x19, 0x04, 0x19, 0x04, 0x11, 0x04, 0x10, 0xE3, 0x00, 0x82, 0x00, 0x62,
    0x00, 0x41, 0x00, 0x00, 0x00, 0x00, 0x00, 0x41, 0x00, 0x41, 0x00, 0x41, 0x00, 0x41, 0x00, 0x41,
    0x00, 0x41, 0x00, 0x61, 0x08, 0x82, 0x10, 0xA2, 0x10, 0xA2, 0x18, 0xC3, 0x10, 0xA2, 0x10, 0xA2,
    0x08, 0x82, 0x08, 0x82, 0x08, 0xA3, 0x08, 0xA3, 0x10, 0xC3, 0x10, 0xC3, 0x08, 0x82, 0x10, 0xA3,
    0x10, 0xC3, 0x10, 0xC3, 0x08, 0xA3, 0x08, 0x82, 0x08, 0x82, 0x10, 0x82, 0x08, 0x41, 0x10, 0x61,
    0x10, 0x61, 0x10, 0x41, 0x10, 0x41, 0x08, 0x82, 0x08, 0x82, 0x10, 0xA3, 0x10, 0xC3, 0x18, 0xE4,
    0x18, 0xE3, 0x10, 0xC3, 0x10, 0xA3, 0x10, 0xA3, 0x10, 0xA3, 0x10, 0xC3, 0x18, 0xC3, 0x18, 0xC3,
    0x18, 0xC3, 0x18, 0xC3, 0x18, 0xE4, 0x19, 0x25, 0x19, 0x25, 0x21, 0x45, 0x19, 0x25, 0x19, 0x25,
    0x19, 0x04, 0x18, 0xE4, 0x18, 0xE4, 0x11, 0x04, 0x11, 0x04, 0x19, 0x25, 0x19, 0x45, 0x19, 0x46,
    0x19, 0x46, 0x19, 0x66, 0x19, 0x66, 0x19, 0x46, 0x19, 0x46, 0x19, 0x45, 0x11, 0x25, 0x11, 0x05,
    0x19, 0x05, 0x19, 0x05, 0x19, 0x25, 0x11, 0x05, 0x19, 0x25, 0x19, 0x45, 0x19, 0x46, 0x19, 0x46,
    0x19, 0x66, 0x21, 0x66, 0x21, 0x87, 0x21, 0xA7, 0x21, 0x87, 0x21, 0x87, 0x29, 0xA7, 0x21, 0xA7,
    0x21, 0x86, 0x21, 0x66, 0x21, 0x87, 0x21, 0x66, 0x21, 0x86, 0x29, 0xC7, 0x32, 0x08, 0x3A, 0x29,
    0x3A, 0x4A, 0x42, 0x8B, 0x42, 0xAB, 0x42, 0xED, 0x4B, 0x0D, 0x4B, 0x2E, 0x4B, 0x4E, 0x43, 0x4E,
    0x43, 0x2D, 0x3B, 0x0D, 0x3A, 0xED, 0x3A, 0x8B, 0x32, 0x4A, 0x2A, 0x09, 0x29, 0xC8, 0x29, 0xC8,
    0x29, 0xC8, 0x29, 0xC7, 0x29, 0xC7, 0x29, 0xC8, 0x29, 0xA7, 0x29, 0xA7, 0x29, 0x87, 0x29, 0x87,
    0x31, 0xA7, 0x31, 0xA7, 0x31, 0xC7, 0x21, 0xA7, 0x29, 0xA7, 0x29, 0xC8, 0x29, 0xC8, 0x21, 0xA7,
    0x21, 0xA7, 0x21, 0xC7, 0x29, 0xE8, 0x2A, 0x09, 0x32, 0x29, 0x32, 0x29, 0x32, 0x29, 0x32, 0x29,
    0x29, 0xE8, 0x29, 0xA7, 0x21, 0x86, 0x21, 0x66, 0x21, 0x46, 0x19, 0x45, 0x19, 0x45, 0x19, 0x25,
    0x19, 0x25, 0x19, 0x05, 0x11, 0x04, 0x19, 0x04, 0x19, 0x24, 0x19, 0x04, 0x18, 0xE4, 0x19, 0x04,
    0x19, 0x04, 0x10, 0xE3, 0x08, 0x82, 0x00, 0x20, 0x00, 0x00, 0x00, 0x00, 0x00, 0x20, 0x00, 0x00,
    0x00, 0x00, 0x00, 0x00, 0x00, 0x00, 0x00, 0x21, 0x00, 0x41, 0x08, 0x62, 0x10, 0xA2, 0x18, 0xC3,
    0x10, 0xA3, 0x10, 0x82, 0x08, 0x41, 0x08, 0x41, 0x08, 0x61, 0x08, 0x62, 0x08, 0x82, 0x10, 0xA3,
    0x10, 0xA3, 0x10, 0xA3, 0x10, 0xA3, 0x10, 0xC3, 0x10, 0xC3, 0x10, 0xC3, 0x08, 0xA3, 0x08, 0x82,
    0x08, 0x62, 0x08, 0x82, 0x10, 0x81, 0x08, 0x41, 0x10, 0x41, 0x10, 0x41, 0x10, 0x21, 0x08, 0x00,
    0x19, 0x04, 0x10, 0xE4, 0x10, 0xE3, 0x10, 0xC3, 0x08, 0xA3, 0x08, 0xA2, 0x10, 0xC3, 0x19, 0x04,
    0x18, 0xE4, 0x19, 0x04, 0x10, 0xA3, 0x10, 0xA3, 0x10, 0xA3, 0x10, 0xA3, 0x10, 0xC3, 0x10, 0xA3,
    0x10, 0xC4, 0x11, 0x04, 0x19, 0x24, 0x19, 0x25, 0x10, 0xE4, 0x10, 0xC4, 0x19, 0x04, 0x10, 0xE3,
    0x10, 0xE3, 0x10, 0xE4, 0x19, 0x04, 0x19, 0x24, 0x19, 0x25, 0x19, 0x25, 0x11, 0x25, 0x19, 0x45,
    0x19, 0x45, 0x19, 0x25, 0x19, 0x05, 0x10, 0xE4, 0x11, 0x05, 0x11, 0x25, 0x11, 0x25, 0x19, 0x26,
    0x19, 0x25, 0x19, 0x46, 0x21, 0x87, 0x21, 0xA7, 0x21, 0xC7, 0x21, 0xC8, 0x21, 0xE8, 0x21, 0xE8,
    0x19, 0xC8, 0x21, 0xC8, 0x21, 0xA8, 0x21, 0xC8, 0x21, 0xC8, 0x21, 0xC8, 0x29, 0xC8, 0x21, 0xC7,
    0x21, 0xE8, 0x2A, 0x49, 0x2A, 0x49, 0x3A, 0xAB, 0x3A, 0xAB, 0x32, 0x8B, 0x3A, 0xAB, 0x32, 0x8B,
    0x2A, 0x4A, 0x32, 0x8B, 0x43, 0x0D, 0x4B, 0x4E, 0x43, 0x2E, 0x43, 0x4E, 0x43, 0x6F, 0x43, 0x6F,
    0x3B, 0x2E, 0x3B, 0x2E, 0x3B, 0x4E, 0x43, 0x6E, 0x3B, 0x2D, 0x32, 0x8B, 0x32, 0x09, 0x29, 0xE8,
    0x21, 0xC8, 0x29, 0xC8, 0x29, 0xC8, 0x21, 0xA7, 0x21, 0x86, 0x21, 0x66, 0x21, 0x66, 0x29, 0x66,
    0x21, 0x66, 0x21, 0x66, 0x21, 0x66, 0x21, 0x66, 0x21, 0x86, 0x21, 0x86, 0x21, 0x66, 0x29, 0x86,
    0x21, 0xA7, 0x29, 0xC7, 0x29, 0xE7, 0x32, 0x08, 0x31, 0xE8, 0x29, 0xC7, 0x21, 0x66, 0x19, 0x45,
    0x19, 0x04, 0x11, 0x04, 0x19, 0x24, 0x19, 0x25, 0x19, 0x24, 0x19, 0x24, 0x19, 0x04, 0x10, 0xC3,
    0x19, 0x04, 0x19, 0x04, 0x19, 0x04, 0x18, 0xE3, 0x10, 0xA2, 0x08, 0x61, 0x08, 0x40, 0x00, 0x40,
    0x08, 0x20, 0x00, 0x20, 0x00, 0x00, 0x00, 0x20, 0x00, 0x21, 0x00, 0x20, 0x00, 0x20, 0x08, 0x81,
    0x10, 0x62, 0x10, 0xA3, 0x10, 0xC3, 0x10, 0xA2, 0x08, 0x82, 0x08, 0x81, 0x08, 0x61, 0x08, 0x41,
    0x08, 0xA3, 0x08, 0xA3, 0x10, 0xC3, 0x10, 0xC3, 0x10, 0xC3, 0x10, 0xC3, 0x10, 0xC3, 0x08, 0xA3,
    0x10, 0x61, 0x10, 0x62, 0x10, 0x82, 0x10, 0xA3, 0x10, 0x82, 0x08, 0x61, 0x08, 0x20, 0x08, 0x20,
    0x08, 0x41, 0x08, 0x41, 0x08, 0x61, 0x08, 0x61, 0x08, 0x41, 0x10, 0xE4, 0x10, 0xC4, 0x10, 0xE4,
    0x19, 0x04, 0x19, 0x25, 0x19, 0x04, 0x10, 0xC3, 0x08, 0xA2, 0x10, 0xC3, 0x19, 0x04, 0x19, 0x04,
    0x18, 0xE4, 0x10, 0xA3, 0x08, 0x82, 0x10, 0xA3, 0x10, 0xA3, 0x10, 0xC3, 0x10, 0xC3, 0x08, 0xC3,
    0x10, 0xE4, 0x10, 0xC4, 0x10, 0xE4, 0x19, 0x04, 0x10, 0xE3, 0x10, 0xE3, 0x10, 0xE4, 0x11, 0x04,
    0x19, 0x04, 0x19, 0x25, 0x19, 0x25, 0x19, 0x25, 0x19, 0x66, 0x19, 0x66, 0x19, 0x66, 0x19, 0x67,
    0x19, 0x46, 0x19, 0x66, 0x19, 0x66, 0x11, 0x46, 0x19, 0x67, 0x21, 0x87, 0x21, 0xA7, 0x21, 0xC8,
    0x21, 0xE8, 0x2A, 0x09, 0x2A, 0x09, 0x2A, 0x29, 0x2A, 0x4A, 0x2A, 0x49, 0x2A, 0x29, 0x21, 0xC8,
    0x21, 0x87, 0x19, 0x66, 0x19, 0x25, 0x11, 0x25, 0x11, 0x25, 0x11, 0x05, 0x11, 0x46, 0x11, 0x25,
    0x19, 0x66, 0x19, 0xA7, 0x21, 0xE9, 0x32, 0xAB, 0x3A, 0xED, 0x43, 0x4E, 0x3B, 0x0D, 0x32, 0xCC,
    0x32, 0xAB, 0x32, 0xAB, 0x3B, 0x0C, 0x43, 0x4E, 0x43, 0x4E, 0x53, 0xB0, 0x4B, 0x8F, 0x43, 0x6E,
    0x43, 0x2D, 0x32, 0xAB, 0x2A, 0x09, 0x19, 0x87, 0x19, 0x46, 0x19, 0x86, 0x19, 0x66, 0x19, 0x46,
    0x11, 0x25, 0x19, 0x25, 0x19, 0x25, 0x19, 0x05, 0x19, 0x04, 0x10, 0xE4, 0x19, 0x25, 0x19, 0x25,
    0x19, 0x45, 0x19, 0x66, 0x19, 0x66, 0x19, 0x45, 0x19, 0x45, 0x19, 0x25, 0x19, 0x45, 0x21, 0x45,
    0x21, 0x45, 0x19, 0x45, 0x19, 0x45, 0x19, 0x45, 0x21, 0x45, 0x21, 0x66, 0x21, 0x45, 0x21, 0x45,
    0x19, 0x25, 0x19, 0x24, 0x19, 0x25, 0x21, 0x65, 0x21, 0x45, 0x21, 0x65, 0x21, 0x45, 0x19, 0x24,
    0x10, 0xC3, 0x00, 0x61, 0x00, 0x41, 0x00, 0x41, 0x08, 0x61, 0x08, 0x62, 0x08, 0x82, 0x08, 0xA3,
    0x08, 0x82, 0x00, 0x00, 0x08, 0x61, 0x10, 0xC2, 0x10, 0xA2, 0x10, 0xA3, 0x10, 0xA3, 0x08, 0x82,
    0x08, 0x62, 0x08, 0x61, 0x08, 0x82, 0x10, 0xA2, 0x10, 0xA3, 0x08, 0xA2, 0x08, 0xA2, 0x08, 0xA3,
    0x08, 0xA3, 0x08, 0xA3, 0x08, 0xA3, 0x08, 0xA2, 0x08, 0x82, 0x10, 0xA2, 0x10, 0x82, 0x08, 0x62,
    0x08, 0x62, 0x08, 0x41, 0x08, 0x41, 0x10, 0x61, 0x10, 0x61, 0x10, 0x82, 0x10, 0x82, 0x10, 0x82,
    0x10, 0x82, 0x08, 0x61, 0x08, 0x62, 0x10, 0xA3, 0x10, 0xA3, 0x10, 0xA3, 0x10, 0xA3, 0x18, 0xE3,
    0x19, 0x04, 0x21, 0x25, 0x21, 0x04, 0x21, 0x25, 0x20, 0xE4, 0x18, 0xE4, 0x18, 0xE3, 0x18, 0xE4,
    0x19, 0x04, 0x19, 0x04, 0x19, 0x25, 0x19, 0x24, 0x11, 0x04, 0x10, 0xE4, 0x10, 0xE5, 0x19, 0x05,
    0x19, 0x25, 0x19, 0x24, 0x19, 0x04, 0x19, 0x24, 0x19, 0x04, 0x19, 0x04, 0x19, 0x25, 0x19, 0x45,
    0x19, 0x46, 0x19, 0x66, 0x19, 0xA7, 0x21, 0xC7, 0x21, 0xC8, 0x21, 0xC8, 0x21, 0xE8, 0x21, 0xE8,
    0x21, 0xC7, 0x22, 0x08, 0x2A, 0x29, 0x2A, 0x29, 0x2A, 0x29, 0x2A, 0x4A, 0x2A, 0x6A, 0x2A, 0x6A,
    0x2A, 0x6A, 0x2A, 0x6A, 0x32, 0x8A, 0x2A, 0x29, 0x21, 0xA7, 0x11, 0x04, 0x08, 0xC3, 0x08, 0xA3,
    0x08, 0xC3, 0x10, 0xE4, 0x19, 0x05, 0x19, 0x26, 0x11, 0x25, 0x11, 0x25, 0x11, 0x66, 0x21, 0xE8,
    0x32, 0xAC, 0x3B, 0x0D, 0x3A, 0xCC, 0x32, 0x6A, 0x21, 0xC8, 0x19, 0x67, 0x21, 0x66, 0x29, 0xE8,
    0x3A, 0x29, 0x3A, 0x29, 0x42, 0xCC, 0x3A, 0xCB, 0x3A, 0xCC, 0x3A, 0xAB, 0x32, 0x4A, 0x21, 0xE8,
    0x19, 0x66, 0x19, 0x46, 0x19, 0x46, 0x11, 0x45, 0x19, 0x25, 0x11, 0x25, 0x19, 0x25, 0x19, 0x25,
    0x19, 0x25, 0x19, 0x04, 0x19, 0x25, 0x19, 0x25, 0x19, 0x25, 0x19, 0x45, 0x19, 0x66, 0x21, 0x66,
    0x21, 0x66, 0x21, 0x87, 0x21, 0x66, 0x21, 0x45, 0x19, 0x25, 0x19, 0x45, 0x21, 0x66, 0x29, 0xA7,
    0x29, 0xA7, 0x29, 0xA7, 0x21, 0x65, 0x21, 0x66, 0x29, 0x86, 0x29, 0x86, 0x21, 0x66, 0x21, 0x66,
    0x21, 0x66, 0x19, 0x66, 0x11, 0x04, 0x11, 0x04, 0x10, 0xE4, 0x08, 0xC3, 0x08, 0xA3, 0x08, 0xA2,
    0x08, 0xA3, 0x10, 0xA3, 0x19, 0x04, 0x19, 0x24, 0x11, 0x04, 0x19, 0x04, 0x18, 0xE4, 0x10, 0xA3,
    0x08, 0x82, 0x10, 0xA2, 0x10, 0xC3, 0x10, 0xE3, 0x19, 0x04, 0x19, 0x04, 0x19, 0x04, 0x10, 0xC3,
    0x10, 0xA2, 0x08, 0x82, 0x08, 0x82, 0x08, 0x82, 0x08, 0x82, 0x08, 0x82, 0x08, 0x82, 0x08, 0x82,
    0x08, 0x82, 0x08, 0x82, 0x08, 0x62, 0x08, 0x61, 0x08, 0x41, 0x10, 0x61, 0x10, 0x61, 0x10, 0x61,
    0x10, 0x62, 0x10, 0x82, 0x10, 0xA3, 0x10, 0xA2, 0x10, 0x82, 0x08, 0x61, 0x08, 0x61, 0x10, 0xA3,
    0x21, 0x25, 0x29, 0x45, 0x18, 0xE4, 0x10, 0x82, 0x08, 0x62, 0x08, 0x82, 0x08, 0x82, 0x18, 0xA3,
    0x18, 0xC3, 0x18, 0x82, 0x18, 0xA2, 0x18, 0xA3, 0x18, 0xC3, 0x19, 0x04, 0x18, 0xE4, 0x21, 0x46,
    0x21, 0x45, 0x21, 0x65, 0x19, 0x45, 0x19, 0x26, 0x19, 0x26, 0x19, 0x25, 0x21, 0x45, 0x19, 0x24,
    0x19, 0x25, 0x19, 0x25, 0x19, 0x25, 0x19, 0x46, 0x19, 0x66, 0x19, 0x66, 0x19, 0x86, 0x19, 0xA7,
    0x19, 0xC8, 0x21, 0xE8, 0x21, 0xE8, 0x21, 0xC7, 0x21, 0xC7, 0x19, 0xA7, 0x21, 0xE8, 0x22, 0x29,
    0x22, 0x29, 0x22, 0x2A, 0x2A, 0x4A, 0x2A, 0x4A, 0x22, 0x4A, 0x22, 0x29, 0x19, 0xE9, 0x11, 0x86,
    0x11, 0x86, 0x11, 0x66, 0x11, 0x46, 0x19, 0x46, 0x11, 0x45, 0x11, 0x25, 0x19, 0x66, 0x19, 0x46,
    0x21, 0x87, 0x19, 0x87, 0x19, 0x67, 0x19, 0x87, 0x21, 0xE9, 0x2A, 0x4A, 0x2A, 0x6B, 0x32, 0x4A,
    0x32, 0x09, 0x21, 0xA7, 0x19, 0x05, 0x10, 0xA3, 0x10, 0xA3, 0x18, 0xC3, 0x18, 0xA3, 0x11, 0x25,
    0x19, 0x25, 0x19, 0x46, 0x19, 0x66, 0x19, 0x66, 0x19, 0x66, 0x19, 0x66, 0x19, 0x66, 0x19, 0x66,
    0x21, 0x66, 0x21, 0x86, 0x21, 0x66, 0x21, 0x46, 0x19, 0x45, 0x21, 0x45, 0x21, 0x66, 0x19, 0x45,
    0x19, 0x45, 0x19, 0x45, 0x19, 0x25, 0x19, 0x45, 0x21, 0x66, 0x21, 0x86, 0x21, 0xA7, 0x19, 0x66,
    0x19, 0x45, 0x11, 0x05, 0x19, 0x25, 0x19, 0x66, 0x21, 0x86, 0x21, 0x86, 0x19, 0x66, 0x21, 0x86,
    0x19, 0x65, 0x19, 0x25, 0x19, 0x05, 0x19, 0x05, 0x19, 0x46, 0x21, 0xA7, 0x21, 0xC7, 0x21, 0xA7,
    0x21, 0xA7, 0x21, 0x86, 0x21, 0x86, 0x19, 0x66, 0x19, 0x45, 0x19, 0x04, 0x10, 0xE4, 0x11, 0x04,
    0x08, 0xC3, 0x10, 0xE4, 0x11, 0x04, 0x18, 0xE4, 0x10, 0x83, 0x18, 0xC3, 0x18, 0xC3, 0x19, 0x04,
    0x10, 0xE4, 0x10, 0xE4, 0x10, 0xE4, 0x10, 0xC3, 0x08, 0x62, 0x00, 0x41, 0x08, 0x62, 0x10, 0xA3,
    0x08, 0xA3, 0x08, 0x82, 0x08, 0x82, 0x08, 0xA3, 0x10, 0xA3, 0x10, 0xA3, 0x10, 0xC3, 0x08, 0x61,
    0x08, 0x41, 0x08, 0x41, 0x10, 0x61, 0x18, 0x81, 0x10, 0x61, 0x10, 0x61, 0x08, 0x42, 0x08, 0x62,
    0x08, 0x61, 0x08, 0x41, 0x00, 0x20, 0x00, 0x20, 0x00, 0x21, 0x10, 0x82, 0x18, 0xC3, 0x10, 0xA3,
    0x10, 0xC3, 0x18, 0xC3, 0x10, 0xC3, 0x08, 0x62, 0x10, 0x41, 0x18, 0xA2, 0x18, 0xA3, 0x20, 0xC3,
    0x18, 0xA3, 0x10, 0x82, 0x10, 0xC3, 0x10, 0xC3, 0x10, 0xC4, 0x18, 0xE4, 0x21, 0x05, 0x19, 0x25,
    0x19, 0x46, 0x19, 0x46, 0x10, 0xE4, 0x19, 0x04, 0x10, 0xE3, 0x19, 0x04, 0x19, 0x25, 0x19, 0x46,
    0x19, 0x87, 0x21, 0xA7, 0x21, 0xA7, 0x21, 0xC8, 0x21, 0xA8, 0x21, 0xC8, 0x19, 0xC8, 0x21, 0xC8,
    0x19, 0x86, 0x19, 0x66, 0x11, 0x25, 0x19, 0xA8, 0x22, 0x29, 0x22, 0x29, 0x22, 0x29, 0x2A, 0x2A,
    0x2A, 0x4A, 0x2A, 0x4A, 0x22, 0x09, 0x21, 0xE9, 0x11, 0xA7, 0x19, 0xA8, 0x19, 0xA8, 0x11, 0x87,
    0x19, 0x87, 0x11, 0x46, 0x09, 0x05, 0x11, 0x67, 0x21, 0xE8, 0x22, 0x09, 0x2A, 0x29, 0x2A, 0x29,
    0x32, 0x4A, 0x3A, 0xAB, 0x3A, 0xAC, 0x3A, 0xAC, 0x32, 0xAB, 0x32, 0xAB, 0x32, 0x6A, 0x21, 0xC7,
    0x19, 0x24, 0x19, 0x04, 0x19, 0x24, 0x19, 0x24, 0x19, 0x05, 0x19, 0x04, 0x11, 0x04, 0x08, 0xE3,
    0x08, 0xE3, 0x11, 0x04, 0x19, 0x46, 0x21, 0x87, 0x21, 0xA7, 0x21, 0x86, 0x19, 0x66, 0x21, 0x66,
    0x19, 0x45, 0x19, 0x25, 0x19, 0x25, 0x19, 0x65, 0x21, 0x86, 0x21, 0xA6, 0x21, 0x86, 0x21, 0x66,
    0x29, 0x86, 0x21, 0x86, 0x21, 0x86, 0x21, 0xA7, 0x19, 0x25, 0x19, 0x46, 0x19, 0x66, 0x19, 0x46,
    0x19, 0x25, 0x19, 0x25, 0x19, 0x46, 0x19, 0x46, 0x11, 0x04, 0x08, 0xC3, 0x08, 0xA3, 0x08, 0xA3,
    0x10, 0xC4, 0x19, 0x66, 0x29, 0xE8, 0x2A, 0x29, 0x29, 0xC7, 0x21, 0xA7, 0x19, 0x66, 0x19, 0x45,
    0x19, 0x25, 0x11, 0x04, 0x10, 0xC4, 0x08, 0xA3, 0x08, 0xA3, 0x29, 0xC7, 0x32, 0x08, 0x19, 0x45,
    0x39, 0xE7, 0x18, 0xC3, 0x08, 0x41, 0x10, 0x82, 0x10, 0xE4, 0x08, 0xA3, 0x08, 0xA3, 0x08, 0x83,
    0x00, 0x62, 0x00, 0x41, 0x08, 0x62, 0x10, 0xC4, 0x10, 0xC3, 0x10, 0xA3, 0x08, 0x82, 0x08, 0x82,
    0x08, 0x82, 0x08, 0xA3, 0x10, 0xC3, 0x18, 0xE4, 0x10, 0xA2, 0x10, 0x61, 0x10, 0x61, 0x10, 0x61,
    0x10, 0x41, 0x08, 0x20, 0x08, 0x00, 0x00, 0x21, 0x08, 0x41, 0x00, 0x20, 0x00, 0x00, 0x00, 0x00,
    0x00, 0x00, 0x08, 0x41, 0x08, 0x61, 0x08, 0x41, 0x00, 0x21, 0x08, 0x62, 0x18, 0xC3, 0x10, 0xA3,
    0x00, 0x41, 0x08, 0x00, 0x08, 0x20, 0x08, 0x20, 0x10, 0x61, 0x08, 0x41, 0x08, 0x21, 0x08, 0x61,
    0x08, 0x62, 0x08, 0x83, 0x08, 0x82, 0x10, 0xA3, 0x10, 0xC3, 0x19, 0x45, 0x19, 0x45, 0x08, 0xA2,
    0x10, 0x82, 0x10, 0xA3, 0x19, 0x04, 0x19, 0x46, 0x19, 0x87, 0x21, 0xA8, 0x21, 0xC8, 0x21, 0xC8,
    0x21, 0xE8, 0x21, 0xC8, 0x21, 0xC8, 0x19, 0xC8, 0x21, 0xE8, 0x19, 0x66, 0x19, 0x46, 0x11, 0x25,
    0x21, 0xE8, 0x2A, 0x4A, 0x2A, 0x4A, 0x2A, 0x4A, 0x2A, 0x6A, 0x32, 0x6B, 0x32, 0x8B, 0x32, 0x6B,
    0x32, 0x6B, 0x3A, 0xCC, 0x32, 0xAC, 0x32, 0x8B, 0x2A, 0x6B, 0x32, 0xAC, 0x3A, 0xAC, 0x32, 0x8B,
    0x43, 0x2E, 0x32, 0xCC, 0x2A, 0x6A, 0x22, 0x29, 0x19, 0xA7, 0x11, 0x66, 0x19, 0x66, 0x11, 0x26,
    0x11, 0x05, 0x11, 0x45, 0x11, 0x45, 0x11, 0x25, 0x11, 0x04, 0x08, 0xA3, 0x10, 0xA2, 0x10, 0xC3,
    0x10, 0xC3, 0x19, 0x04, 0x19, 0x04, 0x10, 0xC3, 0x08, 0x82, 0x00, 0x62, 0x08, 0xA3, 0x10, 0xE4,
    0x11, 0x25, 0x21, 0xA7, 0x11, 0x25, 0x08, 0xC4, 0x10, 0xE4, 0x19, 0x25, 0x19, 0x45, 0x19, 0x45,
    0x21, 0x66, 0x21, 0x86, 0x21, 0x86, 0x21, 0x45, 0x19, 0x04, 0x19, 0x04, 0x19, 0x25, 0x19, 0x45,
    0x19, 0x66, 0x21, 0xA7, 0x21, 0xC7, 0x21, 0xA7, 0x21, 0xA7, 0x21, 0x87, 0x21, 0x87, 0x21, 0x87,
    0x19, 0x66, 0x19, 0x45, 0x19, 0x25, 0x19, 0x25, 0x19, 0x25, 0x11, 0x04, 0x10, 0xE4, 0x08, 0xC3,
    0x00, 0xA3, 0x08, 0xC3, 0x00, 0xA3, 0x00, 0x82, 0x00, 0x82, 0x08, 0xA3, 0x08, 0xA3, 0x08, 0x83,
    0x00, 0x82, 0x00, 0x42, 0x08, 0xA3, 0x10, 0xE3, 0x00, 0x20, 0x10, 0x82, 0x00, 0x00, 0x08, 0x41,
    0x10, 0x82, 0x08, 0x83, 0x08, 0x82, 0x08, 0xA3, 0x10, 0xC3, 0x08, 0xA3, 0x08, 0x83, 0x10, 0xC4,
    0x19, 0x25, 0x10, 0xC3, 0x08, 0xA3, 0x08, 0x82, 0x08, 0x62, 0x08, 0x82, 0x08, 0x82, 0x10, 0xA3,
    0x10, 0xC3, 0x18, 0xA2, 0x10, 0x61, 0x10, 0x61, 0x10, 0x61, 0x08, 0x40, 0x00, 0x00, 0x00, 0x00,
    0x00, 0x00, 0x00, 0x00, 0x00, 0x00, 0x00, 0x00, 0x00, 0x00, 0x00, 0x00,
};
// clang-format on
